2026-08-01 17:30:22,873 [DEBUG] MainThread: matplotlib data path: c:\Users\Username\Desktop\Folder\Developing\Ortez\app\.venv\Lib\site-packages\matplotlib\mpl-data
2026-08-01 17:30:22,904 [DEBUG] MainThread: CONFIGDIR=C:\Users\Username\.matplotlib
2026-08-01 17:30:22,906 [DEBUG] MainThread: interactive is False
2026-08-01 17:30:22,906 [DEBUG] MainThread: platform is win32
2026-08-01 17:30:22,956 [DEBUG] MainThread: CACHEDIR=C:\Users\Username\.matplotlib
2026-08-01 17:30:22,968 [DEBUG] MainThread: Using fontManager instance from C:\Users\Username\.matplotlib\fontlist-v390.json
2026-08-01 17:30:24,043 [INFO] MainThread: [MCU DEBUG] MCUThread created
2026-08-01 17:30:24,044 [INFO] MainThread: [MCU DEBUG] Log file: C:\Users\Username\Desktop\Folder\Developing\Ortez\app\src\mcu_debug.log
2026-08-01 17:30:24,044 [INFO] MainThread: [MCU DEBUG] Initial port=COM6, baud=115200
2026-08-01 17:30:24,360 [INFO] Dummy-1: [MCU DEBUG] Thread started
2026-08-01 17:30:24,360 [INFO] Dummy-1: [MCU DEBUG] connect() called
2026-08-01 17:30:24,397 [INFO] Dummy-1: [MCU DEBUG] Requested/configured port: COM6
2026-08-01 17:30:24,412 [INFO] Dummy-1: [MCU WARNING] No COM ports found by list_ports()
2026-08-01 17:30:24,412 [INFO] Dummy-1: [MCU DEBUG] Trying configured port: COM6
2026-08-01 17:30:24,527 [ERROR] Dummy-1: [MCU ERROR] Configured port failed: COM6
Traceback (most recent call last):
  File "c:\Users\Username\Desktop\Folder\Developing\Ortez\app\src\mcu_thread_debug.py", line 369, in connect
    self.ser = serial.Serial(
               ~~~~~~~~~~~~~^
        self.port,
        ^^^^^^^^^^
    ...<2 lines>...
        write_timeout=0.1
        ^^^^^^^^^^^^^^^^^
    )
    ^
  File "c:\Users\Username\Desktop\Folder\Developing\Ortez\app\.venv\Lib\site-packages\serial\serialwin32.py", line 33, in __init__
    super(Serial, self).__init__(*args, **kwargs)
    ~~~~~~~~~~~~~~~~~~~~~~~~~~~~^^^^^^^^^^^^^^^^^
  File "c:\Users\Username\Desktop\Folder\Developing\Ortez\app\.venv\Lib\site-packages\serial\serialutil.py", line 244, in __init__
    self.open()
    ~~~~~~~~~^^
  File "c:\Users\Username\Desktop\Folder\Developing\Ortez\app\.venv\Lib\site-packages\serial\serialwin32.py", line 64, in open
    raise SerialException("could not open port {!r}: {!r}".format(self.portstr, ctypes.WinError()))
serial.serialutil.SerialException: could not open port 'COM6': FileNotFoundError(2, 'Не удается найти указанный файл.', None, 2)
2026-08-01 17:30:24,530 [INFO] Dummy-1: [MCU ERROR] No usable serial port found
2026-08-01 17:30:32,137 [INFO] MainThread: [MCU DEBUG] reset_sync() called
2026-08-01 17:30:32,147 [INFO] Dummy-1: [MCU DEBUG] Serial object is None. Trying reconnect...
2026-08-01 17:30:32,147 [INFO] Dummy-1: [MCU DEBUG] connect() called
2026-08-01 17:30:32,147 [INFO] Dummy-1: [MCU DEBUG] Requested/configured port: COM6
2026-08-01 17:30:32,152 [INFO] Dummy-1: [MCU WARNING] No COM ports found by list_ports()
2026-08-01 17:30:32,152 [INFO] Dummy-1: [MCU DEBUG] Trying configured port: COM6
2026-08-01 17:30:32,155 [ERROR] Dummy-1: [MCU ERROR] Configured port failed: COM6
Traceback (most recent call last):
  File "c:\Users\Username\Desktop\Folder\Developing\Ortez\app\src\mcu_thread_debug.py", line 369, in connect
    self.ser = serial.Serial(
               ~~~~~~~~~~~~~^
        self.port,
        ^^^^^^^^^^
    ...<2 lines>...
        write_timeout=0.1
        ^^^^^^^^^^^^^^^^^
    )
    ^
  File "c:\Users\Username\Desktop\Folder\Developing\Ortez\app\.venv\Lib\site-packages\serial\serialwin32.py", line 33, in __init__
    super(Serial, self).__init__(*args, **kwargs)
    ~~~~~~~~~~~~~~~~~~~~~~~~~~~~^^^^^^^^^^^^^^^^^
  File "c:\Users\Username\Desktop\Folder\Developing\Ortez\app\.venv\Lib\site-packages\serial\serialutil.py", line 244, in __init__
    self.open()
    ~~~~~~~~~^^
  File "c:\Users\Username\Desktop\Folder\Developing\Ortez\app\.venv\Lib\site-packages\serial\serialwin32.py", line 64, in open
    raise SerialException("could not open port {!r}: {!r}".format(self.portstr, ctypes.WinError()))
serial.serialutil.SerialException: could not open port 'COM6': FileNotFoundError(2, 'Не удается найти указанный файл.', None, 2)
2026-08-01 17:30:32,157 [INFO] Dummy-1: [MCU ERROR] No usable serial port found
2026-08-01 17:30:32,658 [INFO] Dummy-1: [MCU DEBUG] Serial object is None. Trying reconnect...
2026-08-01 17:30:32,659 [INFO] Dummy-1: [MCU DEBUG] connect() called
2026-08-01 17:30:32,659 [INFO] Dummy-1: [MCU DEBUG] Requested/configured port: COM6
2026-08-01 17:30:32,674 [INFO] Dummy-1: [MCU WARNING] No COM ports found by list_ports()
2026-08-01 17:30:32,674 [INFO] Dummy-1: [MCU DEBUG] Trying configured port: COM6
2026-08-01 17:30:32,679 [ERROR] Dummy-1: [MCU ERROR] Configured port failed: COM6
Traceback (most recent call last):
  File "c:\Users\Username\Desktop\Folder\Developing\Ortez\app\src\mcu_thread_debug.py", line 369, in connect
    self.ser = serial.Serial(
               ~~~~~~~~~~~~~^
        self.port,
        ^^^^^^^^^^
    ...<2 lines>...
        write_timeout=0.1
        ^^^^^^^^^^^^^^^^^
    )
    ^
  File "c:\Users\Username\Desktop\Folder\Developing\Ortez\app\.venv\Lib\site-packages\serial\serialwin32.py", line 33, in __init__
    super(Serial, self).__init__(*args, **kwargs)
    ~~~~~~~~~~~~~~~~~~~~~~~~~~~~^^^^^^^^^^^^^^^^^
  File "c:\Users\Username\Desktop\Folder\Developing\Ortez\app\.venv\Lib\site-packages\serial\serialutil.py", line 244, in __init__
    self.open()
    ~~~~~~~~~^^
  File "c:\Users\Username\Desktop\Folder\Developing\Ortez\app\.venv\Lib\site-packages\serial\serialwin32.py", line 64, in open
    raise SerialException("could not open port {!r}: {!r}".format(self.portstr, ctypes.WinError()))
serial.serialutil.SerialException: could not open port 'COM6': FileNotFoundError(2, 'Не удается найти указанный файл.', None, 2)
2026-08-01 17:30:32,682 [INFO] Dummy-1: [MCU ERROR] No usable serial port found
2026-08-01 17:30:38,721 [INFO] MainThread: [MCU DEBUG] stop() called
2026-08-01 17:30:38,775 [INFO] Dummy-1: [MCU DEBUG] Thread loop ended
2026-08-01 17:30:38,776 [INFO] MainThread: [MCU DEBUG] stop() finished
2026-08-01 18:20:03,771 [DEBUG] MainThread: matplotlib data path: c:\Users\Username\Desktop\Folder\Developing\Ortez\app\.venv\Lib\site-packages\matplotlib\mpl-data
2026-08-01 18:20:03,787 [DEBUG] MainThread: CONFIGDIR=C:\Users\Username\.matplotlib
2026-08-01 18:20:03,788 [DEBUG] MainThread: interactive is False
2026-08-01 18:20:03,788 [DEBUG] MainThread: platform is win32
2026-08-01 18:20:03,848 [DEBUG] MainThread: CACHEDIR=C:\Users\Username\.matplotlib
2026-08-01 18:20:03,852 [DEBUG] MainThread: Using fontManager instance from C:\Users\Username\.matplotlib\fontlist-v390.json
2026-08-01 18:20:32,020 [DEBUG] MainThread: matplotlib data path: c:\Users\Username\Desktop\Folder\Developing\Ortez\app\.venv\Lib\site-packages\matplotlib\mpl-data
2026-08-01 18:20:32,035 [DEBUG] MainThread: CONFIGDIR=C:\Users\Username\.matplotlib
2026-08-01 18:20:32,037 [DEBUG] MainThread: interactive is False
2026-08-01 18:20:32,037 [DEBUG] MainThread: platform is win32
2026-08-01 18:20:32,079 [DEBUG] MainThread: CACHEDIR=C:\Users\Username\.matplotlib
2026-08-01 18:20:32,083 [DEBUG] MainThread: Using fontManager instance from C:\Users\Username\.matplotlib\fontlist-v390.json
2026-08-01 18:23:17,785 [DEBUG] MainThread: matplotlib data path: c:\Users\Username\Desktop\Folder\Developing\Ortez\app\.venv\Lib\site-packages\matplotlib\mpl-data
2026-08-01 18:23:17,799 [DEBUG] MainThread: CONFIGDIR=C:\Users\Username\.matplotlib
2026-08-01 18:23:17,801 [DEBUG] MainThread: interactive is False
2026-08-01 18:23:17,801 [DEBUG] MainThread: platform is win32
2026-08-01 18:23:17,838 [DEBUG] MainThread: CACHEDIR=C:\Users\Username\.matplotlib
2026-08-01 18:23:17,840 [DEBUG] MainThread: Using fontManager instance from C:\Users\Username\.matplotlib\fontlist-v390.json
2026-08-01 18:24:31,960 [DEBUG] MainThread: matplotlib data path: c:\Users\Username\Desktop\Folder\Developing\Ortez\app\.venv\Lib\site-packages\matplotlib\mpl-data
2026-08-01 18:24:31,976 [DEBUG] MainThread: CONFIGDIR=C:\Users\Username\.matplotlib
2026-08-01 18:24:31,977 [DEBUG] MainThread: interactive is False
2026-08-01 18:24:31,977 [DEBUG] MainThread: platform is win32
2026-08-01 18:24:32,013 [DEBUG] MainThread: CACHEDIR=C:\Users\Username\.matplotlib
2026-08-01 18:24:32,016 [DEBUG] MainThread: Using fontManager instance from C:\Users\Username\.matplotlib\fontlist-v390.json
2026-08-01 18:24:44,669 [DEBUG] MainThread: matplotlib data path: c:\Users\Username\Desktop\Folder\Developing\Ortez\app\.venv\Lib\site-packages\matplotlib\mpl-data
2026-08-01 18:24:44,686 [DEBUG] MainThread: CONFIGDIR=C:\Users\Username\.matplotlib
2026-08-01 18:24:44,687 [DEBUG] MainThread: interactive is False
2026-08-01 18:24:44,687 [DEBUG] MainThread: platform is win32
2026-08-01 18:24:44,722 [DEBUG] MainThread: CACHEDIR=C:\Users\Username\.matplotlib
2026-08-01 18:24:44,725 [DEBUG] MainThread: Using fontManager instance from C:\Users\Username\.matplotlib\fontlist-v390.json
2026-08-01 18:26:48,998 [DEBUG] MainThread: matplotlib data path: c:\Users\Username\Desktop\Folder\Developing\Ortez\app\.venv\Lib\site-packages\matplotlib\mpl-data
2026-08-01 18:26:49,013 [DEBUG] MainThread: CONFIGDIR=C:\Users\Username\.matplotlib
2026-08-01 18:26:49,014 [DEBUG] MainThread: interactive is False
2026-08-01 18:26:49,014 [DEBUG] MainThread: platform is win32
2026-08-01 18:26:49,058 [DEBUG] MainThread: CACHEDIR=C:\Users\Username\.matplotlib
2026-08-01 18:26:49,061 [DEBUG] MainThread: Using fontManager instance from C:\Users\Username\.matplotlib\fontlist-v390.json
2026-08-01 18:28:24,166 [DEBUG] MainThread: matplotlib data path: c:\Users\Username\Desktop\Folder\Developing\Ortez\app\.venv\Lib\site-packages\matplotlib\mpl-data
2026-08-01 18:28:24,179 [DEBUG] MainThread: CONFIGDIR=C:\Users\Username\.matplotlib
2026-08-01 18:28:24,181 [DEBUG] MainThread: interactive is False
2026-08-01 18:28:24,181 [DEBUG] MainThread: platform is win32
2026-08-01 18:28:24,214 [DEBUG] MainThread: CACHEDIR=C:\Users\Username\.matplotlib
2026-08-01 18:28:24,217 [DEBUG] MainThread: Using fontManager instance from C:\Users\Username\.matplotlib\fontlist-v390.json
2026-08-01 18:32:39,770 [DEBUG] MainThread: matplotlib data path: c:\Users\Username\Desktop\Folder\Developing\Ortez\app\.venv\Lib\site-packages\matplotlib\mpl-data
2026-08-01 18:32:39,793 [DEBUG] MainThread: CONFIGDIR=C:\Users\Username\.matplotlib
2026-08-01 18:32:39,795 [DEBUG] MainThread: interactive is False
2026-08-01 18:32:39,795 [DEBUG] MainThread: platform is win32
2026-08-01 18:32:39,842 [DEBUG] MainThread: CACHEDIR=C:\Users\Username\.matplotlib
2026-08-01 18:32:39,845 [DEBUG] MainThread: Using fontManager instance from C:\Users\Username\.matplotlib\fontlist-v390.json
2026-08-01 18:35:01,148 [DEBUG] MainThread: matplotlib data path: c:\Users\Username\Desktop\Folder\Developing\Ortez\app\.venv\Lib\site-packages\matplotlib\mpl-data
2026-08-01 18:35:01,168 [DEBUG] MainThread: CONFIGDIR=C:\Users\Username\.matplotlib
2026-08-01 18:35:01,170 [DEBUG] MainThread: interactive is False
2026-08-01 18:35:01,170 [DEBUG] MainThread: platform is win32
2026-08-01 18:35:01,221 [DEBUG] MainThread: CACHEDIR=C:\Users\Username\.matplotlib
2026-08-01 18:35:01,223 [DEBUG] MainThread: Using fontManager instance from C:\Users\Username\.matplotlib\fontlist-v390.json
2026-08-01 18:35:01,906 [INFO] MainThread: [MCU DEBUG] MCUThread created
2026-08-01 18:35:01,907 [INFO] MainThread: [MCU DEBUG] Log file: C:\Users\Username\Desktop\Folder\Developing\Ortez\app\src\mcu_debug.log
2026-08-01 18:35:01,907 [INFO] MainThread: [MCU DEBUG] Initial port=COM6, baud=115200
2026-08-01 18:35:02,171 [INFO] Dummy-1: [MCU DEBUG] Thread started
2026-08-01 18:35:02,171 [INFO] Dummy-1: [MCU DEBUG] connect() called
2026-08-01 18:35:02,172 [INFO] Dummy-1: [MCU DEBUG] Requested/configured port: COM6
2026-08-01 18:35:02,182 [INFO] Dummy-1: [MCU WARNING] No COM ports found by list_ports()
2026-08-01 18:35:02,182 [INFO] Dummy-1: [MCU DEBUG] Trying configured port: COM6
2026-08-01 18:35:02,191 [ERROR] Dummy-1: [MCU ERROR] Configured port failed: COM6
Traceback (most recent call last):
  File "c:\Users\Username\Desktop\Folder\Developing\Ortez\app\src\mcu_thread_debug.py", line 369, in connect
    self.ser = serial.Serial(
               ~~~~~~~~~~~~~^
        self.port,
        ^^^^^^^^^^
    ...<2 lines>...
        write_timeout=0.1
        ^^^^^^^^^^^^^^^^^
    )
    ^
  File "c:\Users\Username\Desktop\Folder\Developing\Ortez\app\.venv\Lib\site-packages\serial\serialwin32.py", line 33, in __init__
    super(Serial, self).__init__(*args, **kwargs)
    ~~~~~~~~~~~~~~~~~~~~~~~~~~~~^^^^^^^^^^^^^^^^^
  File "c:\Users\Username\Desktop\Folder\Developing\Ortez\app\.venv\Lib\site-packages\serial\serialutil.py", line 244, in __init__
    self.open()
    ~~~~~~~~~^^
  File "c:\Users\Username\Desktop\Folder\Developing\Ortez\app\.venv\Lib\site-packages\serial\serialwin32.py", line 64, in open
    raise SerialException("could not open port {!r}: {!r}".format(self.portstr, ctypes.WinError()))
serial.serialutil.SerialException: could not open port 'COM6': FileNotFoundError(2, 'Не удается найти указанный файл.', None, 2)
2026-08-01 18:35:02,194 [INFO] Dummy-1: [MCU ERROR] No usable serial port found
2026-08-01 18:35:35,045 [INFO] MainThread: [MCU DEBUG] stop() called
2026-08-01 18:35:35,107 [INFO] Dummy-1: [MCU DEBUG] Thread loop ended
2026-08-01 18:35:35,108 [INFO] MainThread: [MCU DEBUG] stop() finished
2026-08-01 18:36:52,392 [DEBUG] MainThread: matplotlib data path: c:\Users\Username\Desktop\Folder\Developing\Ortez\app\.venv\Lib\site-packages\matplotlib\mpl-data
2026-08-01 18:36:52,416 [DEBUG] MainThread: CONFIGDIR=C:\Users\Username\.matplotlib
2026-08-01 18:36:52,418 [DEBUG] MainThread: interactive is False
2026-08-01 18:36:52,418 [DEBUG] MainThread: platform is win32
2026-08-01 18:36:52,477 [DEBUG] MainThread: CACHEDIR=C:\Users\Username\.matplotlib
2026-08-01 18:36:52,481 [DEBUG] MainThread: Using fontManager instance from C:\Users\Username\.matplotlib\fontlist-v390.json
2026-08-01 18:36:53,308 [INFO] MainThread: [MCU DEBUG] MCUThread created
2026-08-01 18:36:53,308 [INFO] MainThread: [MCU DEBUG] Log file: C:\Users\Username\Desktop\Folder\Developing\Ortez\app\src\mcu_debug.log
2026-08-01 18:36:53,308 [INFO] MainThread: [MCU DEBUG] Initial port=COM6, baud=115200
2026-08-01 18:36:53,510 [INFO] Dummy-1: [MCU DEBUG] Thread started
2026-08-01 18:36:53,539 [INFO] Dummy-1: [MCU DEBUG] connect() called
2026-08-01 18:36:53,540 [INFO] Dummy-1: [MCU DEBUG] Requested/configured port: COM6
2026-08-01 18:36:53,547 [INFO] Dummy-1: [MCU WARNING] No COM ports found by list_ports()
2026-08-01 18:36:53,547 [INFO] Dummy-1: [MCU DEBUG] Trying configured port: COM6
2026-08-01 18:36:53,553 [ERROR] Dummy-1: [MCU ERROR] Configured port failed: COM6
Traceback (most recent call last):
  File "c:\Users\Username\Desktop\Folder\Developing\Ortez\app\src\mcu_thread_debug.py", line 369, in connect
    self.ser = serial.Serial(
               ~~~~~~~~~~~~~^
        self.port,
        ^^^^^^^^^^
    ...<2 lines>...
        write_timeout=0.1
        ^^^^^^^^^^^^^^^^^
    )
    ^
  File "c:\Users\Username\Desktop\Folder\Developing\Ortez\app\.venv\Lib\site-packages\serial\serialwin32.py", line 33, in __init__
    super(Serial, self).__init__(*args, **kwargs)
    ~~~~~~~~~~~~~~~~~~~~~~~~~~~~^^^^^^^^^^^^^^^^^
  File "c:\Users\Username\Desktop\Folder\Developing\Ortez\app\.venv\Lib\site-packages\serial\serialutil.py", line 244, in __init__
    self.open()
    ~~~~~~~~~^^
  File "c:\Users\Username\Desktop\Folder\Developing\Ortez\app\.venv\Lib\site-packages\serial\serialwin32.py", line 64, in open
    raise SerialException("could not open port {!r}: {!r}".format(self.portstr, ctypes.WinError()))
serial.serialutil.SerialException: could not open port 'COM6': FileNotFoundError(2, 'Не удается найти указанный файл.', None, 2)
2026-08-01 18:36:53,556 [INFO] Dummy-1: [MCU ERROR] No usable serial port found
2026-08-01 18:36:54,674 [INFO] MainThread: [MCU DEBUG] stop() called
2026-08-01 18:36:54,712 [INFO] Dummy-1: [MCU DEBUG] Thread loop ended
2026-08-01 18:36:54,713 [INFO] MainThread: [MCU DEBUG] stop() finished
2026-08-01 18:38:31,047 [DEBUG] MainThread: matplotlib data path: c:\Users\Username\Desktop\Folder\Developing\Ortez\app\.venv\Lib\site-packages\matplotlib\mpl-data
2026-08-01 18:38:31,061 [DEBUG] MainThread: CONFIGDIR=C:\Users\Username\.matplotlib
2026-08-01 18:38:31,062 [DEBUG] MainThread: interactive is False
2026-08-01 18:38:31,062 [DEBUG] MainThread: platform is win32
2026-08-01 18:38:31,095 [DEBUG] MainThread: CACHEDIR=C:\Users\Username\.matplotlib
2026-08-01 18:38:31,098 [DEBUG] MainThread: Using fontManager instance from C:\Users\Username\.matplotlib\fontlist-v390.json
2026-08-01 18:38:31,744 [INFO] MainThread: [MCU DEBUG] MCUThread created
2026-08-01 18:38:31,745 [INFO] MainThread: [MCU DEBUG] Log file: C:\Users\Username\Desktop\Folder\Developing\Ortez\app\src\mcu_debug.log
2026-08-01 18:38:31,745 [INFO] MainThread: [MCU DEBUG] Initial port=COM6, baud=115200
2026-08-01 18:38:31,969 [INFO] Dummy-1: [MCU DEBUG] Thread started
2026-08-01 18:38:31,991 [INFO] Dummy-1: [MCU DEBUG] connect() called
2026-08-01 18:38:31,991 [INFO] Dummy-1: [MCU DEBUG] Requested/configured port: COM6
2026-08-01 18:38:32,022 [INFO] Dummy-1: [MCU DEBUG] Available COM ports:
2026-08-01 18:38:32,022 [INFO] Dummy-1:     device=COM3, description=USB-SERIAL CH340 (COM3), hwid=USB VID:PID=1A86:7523 SER= LOCATION=1-2, manufacturer=wch.cn, product=None
2026-08-01 18:38:32,023 [INFO] Dummy-1: [MCU DEBUG] Trying configured port: COM6
2026-08-01 18:38:32,029 [ERROR] Dummy-1: [MCU ERROR] Configured port failed: COM6
Traceback (most recent call last):
  File "c:\Users\Username\Desktop\Folder\Developing\Ortez\app\src\mcu_thread_debug.py", line 369, in connect
    self.ser = serial.Serial(
               ~~~~~~~~~~~~~^
        self.port,
        ^^^^^^^^^^
    ...<2 lines>...
        write_timeout=0.1
        ^^^^^^^^^^^^^^^^^
    )
    ^
  File "c:\Users\Username\Desktop\Folder\Developing\Ortez\app\.venv\Lib\site-packages\serial\serialwin32.py", line 33, in __init__
    super(Serial, self).__init__(*args, **kwargs)
    ~~~~~~~~~~~~~~~~~~~~~~~~~~~~^^^^^^^^^^^^^^^^^
  File "c:\Users\Username\Desktop\Folder\Developing\Ortez\app\.venv\Lib\site-packages\serial\serialutil.py", line 244, in __init__
    self.open()
    ~~~~~~~~~^^
  File "c:\Users\Username\Desktop\Folder\Developing\Ortez\app\.venv\Lib\site-packages\serial\serialwin32.py", line 64, in open
    raise SerialException("could not open port {!r}: {!r}".format(self.portstr, ctypes.WinError()))
serial.serialutil.SerialException: could not open port 'COM6': FileNotFoundError(2, 'Не удается найти указанный файл.', None, 2)
2026-08-01 18:38:32,031 [INFO] Dummy-1: [MCU DEBUG] Trying auto port: COM3, description=USB-SERIAL CH340 (COM3), hwid=USB VID:PID=1A86:7523 SER= LOCATION=1-2
2026-08-01 18:38:32,333 [INFO] Dummy-1: [MCU] Connected to auto port COM3
2026-08-01 18:38:44,612 [INFO] MainThread: [MCU DEBUG] stop() called
2026-08-01 18:38:44,612 [INFO] MainThread: [MCU DEBUG] Closing serial port on stop: COM3
2026-08-01 18:38:44,614 [INFO] Dummy-1: [MCU DEBUG] Thread loop ended
2026-08-01 18:38:44,614 [INFO] MainThread: [MCU DEBUG] stop() finished
2026-08-01 18:46:08,131 [DEBUG] MainThread: matplotlib data path: c:\Users\Username\Desktop\Folder\Developing\Ortez\app\.venv\Lib\site-packages\matplotlib\mpl-data
2026-08-01 18:46:08,148 [DEBUG] MainThread: CONFIGDIR=C:\Users\Username\.matplotlib
2026-08-01 18:46:08,150 [DEBUG] MainThread: interactive is False
2026-08-01 18:46:08,150 [DEBUG] MainThread: platform is win32
2026-08-01 18:46:08,187 [DEBUG] MainThread: CACHEDIR=C:\Users\Username\.matplotlib
2026-08-01 18:46:08,190 [DEBUG] MainThread: Using fontManager instance from C:\Users\Username\.matplotlib\fontlist-v390.json
2026-08-01 18:46:08,903 [INFO] MainThread: [MCU DEBUG] MCUThread created
2026-08-01 18:46:08,903 [INFO] MainThread: [MCU DEBUG] Log file: C:\Users\Username\Desktop\Folder\Developing\Ortez\app\src\mcu_debug.log
2026-08-01 18:46:08,903 [INFO] MainThread: [MCU DEBUG] Initial port=COM6, baud=115200
2026-08-01 18:46:09,115 [INFO] Dummy-1: [MCU DEBUG] Thread started
2026-08-01 18:46:09,116 [INFO] Dummy-1: [MCU DEBUG] connect() called
2026-08-01 18:46:09,143 [INFO] Dummy-1: [MCU DEBUG] Requested/configured port: COM6
2026-08-01 18:46:09,155 [INFO] Dummy-1: [MCU DEBUG] Available COM ports:
2026-08-01 18:46:09,155 [INFO] Dummy-1:     device=COM3, description=USB-SERIAL CH340 (COM3), hwid=USB VID:PID=1A86:7523 SER= LOCATION=1-2, manufacturer=wch.cn, product=None
2026-08-01 18:46:09,156 [INFO] Dummy-1: [MCU DEBUG] Trying configured port: COM6
2026-08-01 18:46:09,161 [ERROR] Dummy-1: [MCU ERROR] Configured port failed: COM6
Traceback (most recent call last):
  File "c:\Users\Username\Desktop\Folder\Developing\Ortez\app\src\mcu_thread_debug.py", line 369, in connect
    self.ser = serial.Serial(
               ~~~~~~~~~~~~~^
        self.port,
        ^^^^^^^^^^
    ...<2 lines>...
        write_timeout=0.1
        ^^^^^^^^^^^^^^^^^
    )
    ^
  File "c:\Users\Username\Desktop\Folder\Developing\Ortez\app\.venv\Lib\site-packages\serial\serialwin32.py", line 33, in __init__
    super(Serial, self).__init__(*args, **kwargs)
    ~~~~~~~~~~~~~~~~~~~~~~~~~~~~^^^^^^^^^^^^^^^^^
  File "c:\Users\Username\Desktop\Folder\Developing\Ortez\app\.venv\Lib\site-packages\serial\serialutil.py", line 244, in __init__
    self.open()
    ~~~~~~~~~^^
  File "c:\Users\Username\Desktop\Folder\Developing\Ortez\app\.venv\Lib\site-packages\serial\serialwin32.py", line 64, in open
    raise SerialException("could not open port {!r}: {!r}".format(self.portstr, ctypes.WinError()))
serial.serialutil.SerialException: could not open port 'COM6': FileNotFoundError(2, 'Не удается найти указанный файл.', None, 2)
2026-08-01 18:46:09,165 [INFO] Dummy-1: [MCU DEBUG] Trying auto port: COM3, description=USB-SERIAL CH340 (COM3), hwid=USB VID:PID=1A86:7523 SER= LOCATION=1-2
2026-08-01 18:46:09,468 [INFO] Dummy-1: [MCU] Connected to auto port COM3
2026-08-01 18:46:12,079 [INFO] MainThread: [MCU DEBUG] reset_sync() called
2026-08-01 18:46:12,098 [INFO] Dummy-1: [MCU DEBUG] Recording started
2026-08-01 18:46:12,098 [INFO] Dummy-1: [MCU DEBUG] Serial buffers flushed at recording start
2026-08-01 18:46:12,677 [INFO] Dummy-1: [LOAD ZERO] 5964.820
2026-08-01 18:46:13,129 [INFO] Dummy-1: [MCU DEBUG] raw_count=10, valid_count=9, parse_reject_count=1, empty_line_count=0, error_count=0, reconnect_count=1, port=COM3, ser_is_open=True
2026-08-01 18:46:14,151 [INFO] Dummy-1: [MCU DEBUG] raw_count=19, valid_count=18, parse_reject_count=1, empty_line_count=0, error_count=0, reconnect_count=1, port=COM3, ser_is_open=True
2026-08-01 18:46:15,172 [INFO] Dummy-1: [MCU DEBUG] raw_count=28, valid_count=27, parse_reject_count=1, empty_line_count=0, error_count=0, reconnect_count=1, port=COM3, ser_is_open=True
2026-08-01 18:46:16,193 [INFO] Dummy-1: [MCU DEBUG] raw_count=37, valid_count=36, parse_reject_count=1, empty_line_count=0, error_count=0, reconnect_count=1, port=COM3, ser_is_open=True
2026-08-01 18:46:16,419 [INFO] Dummy-1: [MCU DEBUG] Recording became inactive
2026-08-01 18:46:36,382 [INFO] MainThread: [MCU DEBUG] stop() called
2026-08-01 18:46:36,382 [INFO] MainThread: [MCU DEBUG] Closing serial port on stop: COM3
2026-08-01 18:46:36,432 [INFO] Dummy-1: [MCU DEBUG] Thread loop ended
2026-08-01 18:46:36,433 [INFO] MainThread: [MCU DEBUG] stop() finished
2026-08-01 18:50:04,289 [DEBUG] MainThread: matplotlib data path: c:\Users\Username\Desktop\Folder\Developing\Ortez\app\.venv\Lib\site-packages\matplotlib\mpl-data
2026-08-01 18:50:04,303 [DEBUG] MainThread: CONFIGDIR=C:\Users\Username\.matplotlib
2026-08-01 18:50:04,304 [DEBUG] MainThread: interactive is False
2026-08-01 18:50:04,305 [DEBUG] MainThread: platform is win32
2026-08-01 18:50:04,336 [DEBUG] MainThread: CACHEDIR=C:\Users\Username\.matplotlib
2026-08-01 18:50:04,338 [DEBUG] MainThread: Using fontManager instance from C:\Users\Username\.matplotlib\fontlist-v390.json
2026-08-01 18:50:04,959 [INFO] MainThread: [MCU DEBUG] MCUThread created
2026-08-01 18:50:04,960 [INFO] MainThread: [MCU DEBUG] Log file: C:\Users\Username\Desktop\Folder\Developing\Ortez\app\src\mcu_debug.log
2026-08-01 18:50:04,960 [INFO] MainThread: [MCU DEBUG] Initial port=COM6, baud=115200
2026-08-01 18:50:05,175 [INFO] Dummy-1: [MCU DEBUG] Thread started
2026-08-01 18:50:05,204 [INFO] Dummy-1: [MCU DEBUG] connect() called
2026-08-01 18:50:05,205 [INFO] Dummy-1: [MCU DEBUG] Requested/configured port: COM6
2026-08-01 18:50:05,216 [INFO] Dummy-1: [MCU DEBUG] Available COM ports:
2026-08-01 18:50:05,217 [INFO] Dummy-1:     device=COM3, description=USB-SERIAL CH340 (COM3), hwid=USB VID:PID=1A86:7523 SER= LOCATION=1-2, manufacturer=wch.cn, product=None
2026-08-01 18:50:05,217 [INFO] Dummy-1: [MCU DEBUG] Trying configured port: COM6
2026-08-01 18:50:05,225 [ERROR] Dummy-1: [MCU ERROR] Configured port failed: COM6
Traceback (most recent call last):
  File "c:\Users\Username\Desktop\Folder\Developing\Ortez\app\src\mcu_thread_debug.py", line 369, in connect
    self.ser = serial.Serial(
               ~~~~~~~~~~~~~^
        self.port,
        ^^^^^^^^^^
    ...<2 lines>...
        write_timeout=0.1
        ^^^^^^^^^^^^^^^^^
    )
    ^
  File "c:\Users\Username\Desktop\Folder\Developing\Ortez\app\.venv\Lib\site-packages\serial\serialwin32.py", line 33, in __init__
    super(Serial, self).__init__(*args, **kwargs)
    ~~~~~~~~~~~~~~~~~~~~~~~~~~~~^^^^^^^^^^^^^^^^^
  File "c:\Users\Username\Desktop\Folder\Developing\Ortez\app\.venv\Lib\site-packages\serial\serialutil.py", line 244, in __init__
    self.open()
    ~~~~~~~~~^^
  File "c:\Users\Username\Desktop\Folder\Developing\Ortez\app\.venv\Lib\site-packages\serial\serialwin32.py", line 64, in open
    raise SerialException("could not open port {!r}: {!r}".format(self.portstr, ctypes.WinError()))
serial.serialutil.SerialException: could not open port 'COM6': FileNotFoundError(2, 'Не удается найти указанный файл.', None, 2)
2026-08-01 18:50:05,228 [INFO] Dummy-1: [MCU DEBUG] Trying auto port: COM3, description=USB-SERIAL CH340 (COM3), hwid=USB VID:PID=1A86:7523 SER= LOCATION=1-2
2026-08-01 18:50:05,531 [INFO] Dummy-1: [MCU] Connected to auto port COM3
2026-08-01 18:50:06,453 [INFO] MainThread: [MCU DEBUG] reset_sync() called
2026-08-01 18:50:06,469 [INFO] Dummy-1: [MCU DEBUG] Recording started
2026-08-01 18:50:06,469 [INFO] Dummy-1: [MCU DEBUG] Serial buffers flushed at recording start
2026-08-01 18:50:07,267 [INFO] Dummy-1: [LOAD ZERO] 2867.840
2026-08-01 18:50:07,490 [INFO] Dummy-1: [MCU DEBUG] raw_count=7, valid_count=7, parse_reject_count=0, empty_line_count=3, error_count=0, reconnect_count=1, port=COM3, ser_is_open=True
2026-08-01 18:50:08,514 [INFO] Dummy-1: [MCU DEBUG] raw_count=16, valid_count=16, parse_reject_count=0, empty_line_count=3, error_count=0, reconnect_count=1, port=COM3, ser_is_open=True
2026-08-01 18:50:09,532 [INFO] Dummy-1: [MCU DEBUG] raw_count=25, valid_count=25, parse_reject_count=0, empty_line_count=3, error_count=0, reconnect_count=1, port=COM3, ser_is_open=True
2026-08-01 18:50:10,553 [INFO] Dummy-1: [MCU DEBUG] raw_count=34, valid_count=34, parse_reject_count=0, empty_line_count=3, error_count=0, reconnect_count=1, port=COM3, ser_is_open=True
2026-08-01 18:50:11,577 [INFO] Dummy-1: [MCU DEBUG] raw_count=43, valid_count=43, parse_reject_count=0, empty_line_count=3, error_count=0, reconnect_count=1, port=COM3, ser_is_open=True
2026-08-01 18:50:12,596 [INFO] Dummy-1: [MCU DEBUG] raw_count=52, valid_count=52, parse_reject_count=0, empty_line_count=3, error_count=0, reconnect_count=1, port=COM3, ser_is_open=True
2026-08-01 18:50:12,596 [INFO] Dummy-1: [MCU DEBUG] Recording became inactive
2026-08-01 18:50:14,834 [INFO] MainThread: [MCU DEBUG] stop() called
2026-08-01 18:50:14,835 [INFO] MainThread: [MCU DEBUG] Closing serial port on stop: COM3
2026-08-01 18:50:14,873 [INFO] Dummy-1: [MCU DEBUG] Thread loop ended
2026-08-01 18:50:14,873 [INFO] MainThread: [MCU DEBUG] stop() finished
2026-08-01 18:53:14,925 [DEBUG] MainThread: matplotlib data path: c:\Users\Username\Desktop\Folder\Developing\Ortez\app\.venv\Lib\site-packages\matplotlib\mpl-data
2026-08-01 18:53:14,944 [DEBUG] MainThread: CONFIGDIR=C:\Users\Username\.matplotlib
2026-08-01 18:53:14,945 [DEBUG] MainThread: interactive is False
2026-08-01 18:53:14,945 [DEBUG] MainThread: platform is win32
2026-08-01 18:53:14,982 [DEBUG] MainThread: CACHEDIR=C:\Users\Username\.matplotlib
2026-08-01 18:53:14,987 [DEBUG] MainThread: Using fontManager instance from C:\Users\Username\.matplotlib\fontlist-v390.json
2026-08-01 18:53:15,629 [INFO] MainThread: [MCU DEBUG] MCUThread created
2026-08-01 18:53:15,629 [INFO] MainThread: [MCU DEBUG] Log file: C:\Users\Username\Desktop\Folder\Developing\Ortez\app\src\mcu_debug.log
2026-08-01 18:53:15,629 [INFO] MainThread: [MCU DEBUG] Initial port=COM6, baud=115200
2026-08-01 18:53:15,891 [INFO] Dummy-1: [MCU DEBUG] Thread started
2026-08-01 18:53:15,893 [INFO] Dummy-1: [MCU DEBUG] connect() called
2026-08-01 18:53:15,893 [INFO] Dummy-1: [MCU DEBUG] Requested/configured port: COM6
2026-08-01 18:53:15,905 [INFO] Dummy-1: [MCU DEBUG] Available COM ports:
2026-08-01 18:53:15,905 [INFO] Dummy-1:     device=COM3, description=USB-SERIAL CH340 (COM3), hwid=USB VID:PID=1A86:7523 SER= LOCATION=1-2, manufacturer=wch.cn, product=None
2026-08-01 18:53:15,906 [INFO] Dummy-1: [MCU DEBUG] Trying configured port: COM6
2026-08-01 18:53:15,914 [ERROR] Dummy-1: [MCU ERROR] Configured port failed: COM6
Traceback (most recent call last):
  File "c:\Users\Username\Desktop\Folder\Developing\Ortez\app\src\mcu_thread_debug.py", line 369, in connect
    self.ser = serial.Serial(
               ~~~~~~~~~~~~~^
        self.port,
        ^^^^^^^^^^
    ...<2 lines>...
        write_timeout=0.1
        ^^^^^^^^^^^^^^^^^
    )
    ^
  File "c:\Users\Username\Desktop\Folder\Developing\Ortez\app\.venv\Lib\site-packages\serial\serialwin32.py", line 33, in __init__
    super(Serial, self).__init__(*args, **kwargs)
    ~~~~~~~~~~~~~~~~~~~~~~~~~~~~^^^^^^^^^^^^^^^^^
  File "c:\Users\Username\Desktop\Folder\Developing\Ortez\app\.venv\Lib\site-packages\serial\serialutil.py", line 244, in __init__
    self.open()
    ~~~~~~~~~^^
  File "c:\Users\Username\Desktop\Folder\Developing\Ortez\app\.venv\Lib\site-packages\serial\serialwin32.py", line 64, in open
    raise SerialException("could not open port {!r}: {!r}".format(self.portstr, ctypes.WinError()))
serial.serialutil.SerialException: could not open port 'COM6': FileNotFoundError(2, 'Не удается найти указанный файл.', None, 2)
2026-08-01 18:53:15,918 [INFO] Dummy-1: [MCU DEBUG] Trying auto port: COM3, description=USB-SERIAL CH340 (COM3), hwid=USB VID:PID=1A86:7523 SER= LOCATION=1-2
2026-08-01 18:53:16,221 [INFO] Dummy-1: [MCU] Connected to auto port COM3
2026-08-01 18:53:27,555 [INFO] MainThread: [MCU DEBUG] stop() called
2026-08-01 18:53:27,555 [INFO] MainThread: [MCU DEBUG] Closing serial port on stop: COM3
2026-08-01 18:53:27,605 [INFO] Dummy-1: [MCU DEBUG] Thread loop ended
2026-08-01 18:53:27,605 [INFO] MainThread: [MCU DEBUG] stop() finished
2026-08-01 18:54:29,748 [DEBUG] MainThread: matplotlib data path: c:\Users\Username\Desktop\Folder\Developing\Ortez\app\.venv\Lib\site-packages\matplotlib\mpl-data
2026-08-01 18:54:29,765 [DEBUG] MainThread: CONFIGDIR=C:\Users\Username\.matplotlib
2026-08-01 18:54:29,766 [DEBUG] MainThread: interactive is False
2026-08-01 18:54:29,766 [DEBUG] MainThread: platform is win32
2026-08-01 18:54:29,803 [DEBUG] MainThread: CACHEDIR=C:\Users\Username\.matplotlib
2026-08-01 18:54:29,805 [DEBUG] MainThread: Using fontManager instance from C:\Users\Username\.matplotlib\fontlist-v390.json
2026-08-01 18:54:30,454 [INFO] MainThread: [MCU DEBUG] MCUThread created
2026-08-01 18:54:30,454 [INFO] MainThread: [MCU DEBUG] Log file: C:\Users\Username\Desktop\Folder\Developing\Ortez\app\src\mcu_debug.log
2026-08-01 18:54:30,455 [INFO] MainThread: [MCU DEBUG] Initial port=COM6, baud=115200
2026-08-01 18:54:30,708 [INFO] Dummy-1: [MCU DEBUG] Thread started
2026-08-01 18:54:30,708 [INFO] Dummy-1: [MCU DEBUG] connect() called
2026-08-01 18:54:30,709 [INFO] Dummy-1: [MCU DEBUG] Requested/configured port: COM6
2026-08-01 18:54:30,722 [INFO] Dummy-1: [MCU DEBUG] Available COM ports:
2026-08-01 18:54:30,722 [INFO] Dummy-1:     device=COM3, description=USB-SERIAL CH340 (COM3), hwid=USB VID:PID=1A86:7523 SER= LOCATION=1-2, manufacturer=wch.cn, product=None
2026-08-01 18:54:30,722 [INFO] Dummy-1: [MCU DEBUG] Trying configured port: COM6
2026-08-01 18:54:30,731 [ERROR] Dummy-1: [MCU ERROR] Configured port failed: COM6
Traceback (most recent call last):
  File "c:\Users\Username\Desktop\Folder\Developing\Ortez\app\src\mcu_thread_debug.py", line 369, in connect
    self.ser = serial.Serial(
               ~~~~~~~~~~~~~^
        self.port,
        ^^^^^^^^^^
    ...<2 lines>...
        write_timeout=0.1
        ^^^^^^^^^^^^^^^^^
    )
    ^
  File "c:\Users\Username\Desktop\Folder\Developing\Ortez\app\.venv\Lib\site-packages\serial\serialwin32.py", line 33, in __init__
    super(Serial, self).__init__(*args, **kwargs)
    ~~~~~~~~~~~~~~~~~~~~~~~~~~~~^^^^^^^^^^^^^^^^^
  File "c:\Users\Username\Desktop\Folder\Developing\Ortez\app\.venv\Lib\site-packages\serial\serialutil.py", line 244, in __init__
    self.open()
    ~~~~~~~~~^^
  File "c:\Users\Username\Desktop\Folder\Developing\Ortez\app\.venv\Lib\site-packages\serial\serialwin32.py", line 64, in open
    raise SerialException("could not open port {!r}: {!r}".format(self.portstr, ctypes.WinError()))
serial.serialutil.SerialException: could not open port 'COM6': FileNotFoundError(2, 'Не удается найти указанный файл.', None, 2)
2026-08-01 18:54:30,734 [INFO] Dummy-1: [MCU DEBUG] Trying auto port: COM3, description=USB-SERIAL CH340 (COM3), hwid=USB VID:PID=1A86:7523 SER= LOCATION=1-2
2026-08-01 18:54:31,036 [INFO] Dummy-1: [MCU] Connected to auto port COM3
2026-08-01 18:54:48,547 [DEBUG] MainThread: Loaded backend Qt5Agg version 5.15.11.
2026-08-01 18:54:48,574 [DEBUG] MainThread: findfont: Matching sans\-serif:style=normal:variant=normal:weight=normal:stretch=normal:size=10.0.
2026-08-01 18:54:48,575 [DEBUG] MainThread: findfont: score(FontEntry(fname='c:\\Users\\Username\\Desktop\\Folder\\Developing\\Ortez\\app\\.venv\\Lib\\site-packages\\matplotlib\\mpl-data\\fonts\\ttf\\DejaVuSerif-BoldItalic.ttf', name='DejaVu Serif', style='italic', variant='normal', weight=700, stretch='normal', size='scalable')) = 11.335
2026-08-01 18:54:48,575 [DEBUG] MainThread: findfont: score(FontEntry(fname='c:\\Users\\Username\\Desktop\\Folder\\Developing\\Ortez\\app\\.venv\\Lib\\site-packages\\matplotlib\\mpl-data\\fonts\\ttf\\STIXSizFiveSymReg.ttf', name='STIXSizeFiveSym', style='normal', variant='normal', weight=400, stretch='normal', size='scalable')) = 10.05
2026-08-01 18:54:48,575 [DEBUG] MainThread: findfont: score(FontEntry(fname='c:\\Users\\Username\\Desktop\\Folder\\Developing\\Ortez\\app\\.venv\\Lib\\site-packages\\matplotlib\\mpl-data\\fonts\\ttf\\STIXGeneralBol.ttf', name='STIXGeneral', style='normal', variant='normal', weight=700, stretch='normal', size='scalable')) = 10.335
2026-08-01 18:54:48,575 [DEBUG] MainThread: findfont: score(FontEntry(fname='c:\\Users\\Username\\Desktop\\Folder\\Developing\\Ortez\\app\\.venv\\Lib\\site-packages\\matplotlib\\mpl-data\\fonts\\ttf\\DejaVuSerif-Italic.ttf', name='DejaVu Serif', style='italic', variant='normal', weight=400, stretch='normal', size='scalable')) = 11.05
2026-08-01 18:54:48,575 [DEBUG] MainThread: findfont: score(FontEntry(fname='c:\\Users\\Username\\Desktop\\Folder\\Developing\\Ortez\\app\\.venv\\Lib\\site-packages\\matplotlib\\mpl-data\\fonts\\ttf\\STIXGeneral.ttf', name='STIXGeneral', style='normal', variant='normal', weight=400, stretch='normal', size='scalable')) = 10.05
2026-08-01 18:54:48,575 [DEBUG] MainThread: findfont: score(FontEntry(fname='c:\\Users\\Username\\Desktop\\Folder\\Developing\\Ortez\\app\\.venv\\Lib\\site-packages\\matplotlib\\mpl-data\\fonts\\ttf\\cmsy10.ttf', name='cmsy10', style='normal', variant='normal', weight=400, stretch='normal', size='scalable')) = 10.05
2026-08-01 18:54:48,575 [DEBUG] MainThread: findfont: score(FontEntry(fname='c:\\Users\\Username\\Desktop\\Folder\\Developing\\Ortez\\app\\.venv\\Lib\\site-packages\\matplotlib\\mpl-data\\fonts\\ttf\\DejaVuSans-Oblique.ttf', name='DejaVu Sans', style='oblique', variant='normal', weight=400, stretch='normal', size='scalable')) = 1.05
2026-08-01 18:54:48,575 [DEBUG] MainThread: findfont: score(FontEntry(fname='c:\\Users\\Username\\Desktop\\Folder\\Developing\\Ortez\\app\\.venv\\Lib\\site-packages\\matplotlib\\mpl-data\\fonts\\ttf\\cmr10.ttf', name='cmr10', style='normal', variant='normal', weight=400, stretch='normal', size='scalable')) = 10.05
2026-08-01 18:54:48,575 [DEBUG] MainThread: findfont: score(FontEntry(fname='c:\\Users\\Username\\Desktop\\Folder\\Developing\\Ortez\\app\\.venv\\Lib\\site-packages\\matplotlib\\mpl-data\\fonts\\ttf\\DejaVuSansMono.ttf', name='DejaVu Sans Mono', style='normal', variant='normal', weight=400, stretch='normal', size='scalable')) = 10.05
2026-08-01 18:54:48,575 [DEBUG] MainThread: findfont: score(FontEntry(fname='c:\\Users\\Username\\Desktop\\Folder\\Developing\\Ortez\\app\\.venv\\Lib\\site-packages\\matplotlib\\mpl-data\\fonts\\ttf\\STIXSizFourSymBol.ttf', name='STIXSizeFourSym', style='normal', variant='normal', weight=700, stretch='normal', size='scalable')) = 10.335
2026-08-01 18:54:48,575 [DEBUG] MainThread: findfont: score(FontEntry(fname='c:\\Users\\Username\\Desktop\\Folder\\Developing\\Ortez\\app\\.venv\\Lib\\site-packages\\matplotlib\\mpl-data\\fonts\\ttf\\DejaVuSerif-Bold.ttf', name='DejaVu Serif', style='normal', variant='normal', weight=700, stretch='normal', size='scalable')) = 10.335
2026-08-01 18:54:48,575 [DEBUG] MainThread: findfont: score(FontEntry(fname='c:\\Users\\Username\\Desktop\\Folder\\Developing\\Ortez\\app\\.venv\\Lib\\site-packages\\matplotlib\\mpl-data\\fonts\\ttf\\STIXSizOneSymBol.ttf', name='STIXSizeOneSym', style='normal', variant='normal', weight=700, stretch='normal', size='scalable')) = 10.335
2026-08-01 18:54:48,575 [DEBUG] MainThread: findfont: score(FontEntry(fname='c:\\Users\\Username\\Desktop\\Folder\\Developing\\Ortez\\app\\.venv\\Lib\\site-packages\\matplotlib\\mpl-data\\fonts\\ttf\\STIXGeneralBolIta.ttf', name='STIXGeneral', style='italic', variant='normal', weight=700, stretch='normal', size='scalable')) = 11.335
2026-08-01 18:54:48,575 [DEBUG] MainThread: findfont: score(FontEntry(fname='c:\\Users\\Username\\Desktop\\Folder\\Developing\\Ortez\\app\\.venv\\Lib\\site-packages\\matplotlib\\mpl-data\\fonts\\ttf\\STIXSizFourSymReg.ttf', name='STIXSizeFourSym', style='normal', variant='normal', weight=400, stretch='normal', size='scalable')) = 10.05
2026-08-01 18:54:48,576 [DEBUG] MainThread: findfont: score(FontEntry(fname='c:\\Users\\Username\\Desktop\\Folder\\Developing\\Ortez\\app\\.venv\\Lib\\site-packages\\matplotlib\\mpl-data\\fonts\\ttf\\cmb10.ttf', name='cmb10', style='normal', variant='normal', weight=400, stretch='normal', size='scalable')) = 10.05
2026-08-01 18:54:48,576 [DEBUG] MainThread: findfont: score(FontEntry(fname='c:\\Users\\Username\\Desktop\\Folder\\Developing\\Ortez\\app\\.venv\\Lib\\site-packages\\matplotlib\\mpl-data\\fonts\\ttf\\DejaVuSerif.ttf', name='DejaVu Serif', style='normal', variant='normal', weight=400, stretch='normal', size='scalable')) = 10.05
2026-08-01 18:54:48,576 [DEBUG] MainThread: findfont: score(FontEntry(fname='c:\\Users\\Username\\Desktop\\Folder\\Developing\\Ortez\\app\\.venv\\Lib\\site-packages\\matplotlib\\mpl-data\\fonts\\ttf\\cmtt10.ttf', name='cmtt10', style='normal', variant='normal', weight=400, stretch='normal', size='scalable')) = 10.05
2026-08-01 18:54:48,576 [DEBUG] MainThread: findfont: score(FontEntry(fname='c:\\Users\\Username\\Desktop\\Folder\\Developing\\Ortez\\app\\.venv\\Lib\\site-packages\\matplotlib\\mpl-data\\fonts\\ttf\\cmss10.ttf', name='cmss10', style='normal', variant='normal', weight=400, stretch='normal', size='scalable')) = 10.05
2026-08-01 18:54:48,576 [DEBUG] MainThread: findfont: score(FontEntry(fname='c:\\Users\\Username\\Desktop\\Folder\\Developing\\Ortez\\app\\.venv\\Lib\\site-packages\\matplotlib\\mpl-data\\fonts\\ttf\\STIXNonUni.ttf', name='STIXNonUnicode', style='normal', variant='normal', weight=400, stretch='normal', size='scalable')) = 10.05
2026-08-01 18:54:48,576 [DEBUG] MainThread: findfont: score(FontEntry(fname='c:\\Users\\Username\\Desktop\\Folder\\Developing\\Ortez\\app\\.venv\\Lib\\site-packages\\matplotlib\\mpl-data\\fonts\\ttf\\DejaVuSansDisplay.ttf', name='DejaVu Sans Display', style='normal', variant='normal', weight=400, stretch='normal', size='scalable')) = 10.05
2026-08-01 18:54:48,576 [DEBUG] MainThread: findfont: score(FontEntry(fname='c:\\Users\\Username\\Desktop\\Folder\\Developing\\Ortez\\app\\.venv\\Lib\\site-packages\\matplotlib\\mpl-data\\fonts\\ttf\\DejaVuSansMono-BoldOblique.ttf', name='DejaVu Sans Mono', style='oblique', variant='normal', weight=700, stretch='normal', size='scalable')) = 11.335
2026-08-01 18:54:48,576 [DEBUG] MainThread: findfont: score(FontEntry(fname='c:\\Users\\Username\\Desktop\\Folder\\Developing\\Ortez\\app\\.venv\\Lib\\site-packages\\matplotlib\\mpl-data\\fonts\\ttf\\STIXSizThreeSymBol.ttf', name='STIXSizeThreeSym', style='normal', variant='normal', weight=700, stretch='normal', size='scalable')) = 10.335
2026-08-01 18:54:48,576 [DEBUG] MainThread: findfont: score(FontEntry(fname='c:\\Users\\Username\\Desktop\\Folder\\Developing\\Ortez\\app\\.venv\\Lib\\site-packages\\matplotlib\\mpl-data\\fonts\\ttf\\DejaVuSans.ttf', name='DejaVu Sans', style='normal', variant='normal', weight=400, stretch='normal', size='scalable')) = 0.05
2026-08-01 18:54:48,576 [DEBUG] MainThread: findfont: score(FontEntry(fname='c:\\Users\\Username\\Desktop\\Folder\\Developing\\Ortez\\app\\.venv\\Lib\\site-packages\\matplotlib\\mpl-data\\fonts\\ttf\\STIXNonUniIta.ttf', name='STIXNonUnicode', style='italic', variant='normal', weight=400, stretch='normal', size='scalable')) = 11.05
2026-08-01 18:54:48,576 [DEBUG] MainThread: findfont: score(FontEntry(fname='c:\\Users\\Username\\Desktop\\Folder\\Developing\\Ortez\\app\\.venv\\Lib\\site-packages\\matplotlib\\mpl-data\\fonts\\ttf\\DejaVuSans-BoldOblique.ttf', name='DejaVu Sans', style='oblique', variant='normal', weight=700, stretch='normal', size='scalable')) = 1.335
2026-08-01 18:54:48,576 [DEBUG] MainThread: findfont: score(FontEntry(fname='c:\\Users\\Username\\Desktop\\Folder\\Developing\\Ortez\\app\\.venv\\Lib\\site-packages\\matplotlib\\mpl-data\\fonts\\ttf\\STIXGeneralItalic.ttf', name='STIXGeneral', style='italic', variant='normal', weight=400, stretch='normal', size='scalable')) = 11.05
2026-08-01 18:54:48,576 [DEBUG] MainThread: findfont: score(FontEntry(fname='c:\\Users\\Username\\Desktop\\Folder\\Developing\\Ortez\\app\\.venv\\Lib\\site-packages\\matplotlib\\mpl-data\\fonts\\ttf\\DejaVuSansMono-Oblique.ttf', name='DejaVu Sans Mono', style='oblique', variant='normal', weight=400, stretch='normal', size='scalable')) = 11.05
2026-08-01 18:54:48,576 [DEBUG] MainThread: findfont: score(FontEntry(fname='c:\\Users\\Username\\Desktop\\Folder\\Developing\\Ortez\\app\\.venv\\Lib\\site-packages\\matplotlib\\mpl-data\\fonts\\ttf\\STIXSizTwoSymReg.ttf', name='STIXSizeTwoSym', style='normal', variant='normal', weight=400, stretch='normal', size='scalable')) = 10.05
2026-08-01 18:54:48,577 [DEBUG] MainThread: findfont: score(FontEntry(fname='c:\\Users\\Username\\Desktop\\Folder\\Developing\\Ortez\\app\\.venv\\Lib\\site-packages\\matplotlib\\mpl-data\\fonts\\ttf\\DejaVuSerifDisplay.ttf', name='DejaVu Serif Display', style='normal', variant='normal', weight=400, stretch='normal', size='scalable')) = 10.05
2026-08-01 18:54:48,577 [DEBUG] MainThread: findfont: score(FontEntry(fname='c:\\Users\\Username\\Desktop\\Folder\\Developing\\Ortez\\app\\.venv\\Lib\\site-packages\\matplotlib\\mpl-data\\fonts\\ttf\\cmex10.ttf', name='cmex10', style='normal', variant='normal', weight=400, stretch='normal', size='scalable')) = 10.05
2026-08-01 18:54:48,577 [DEBUG] MainThread: findfont: score(FontEntry(fname='c:\\Users\\Username\\Desktop\\Folder\\Developing\\Ortez\\app\\.venv\\Lib\\site-packages\\matplotlib\\mpl-data\\fonts\\ttf\\STIXSizTwoSymBol.ttf', name='STIXSizeTwoSym', style='normal', variant='normal', weight=700, stretch='normal', size='scalable')) = 10.335
2026-08-01 18:54:48,577 [DEBUG] MainThread: findfont: score(FontEntry(fname='c:\\Users\\Username\\Desktop\\Folder\\Developing\\Ortez\\app\\.venv\\Lib\\site-packages\\matplotlib\\mpl-data\\fonts\\ttf\\DejaVuSans-Bold.ttf', name='DejaVu Sans', style='normal', variant='normal', weight=700, stretch='normal', size='scalable')) = 0.33499999999999996
2026-08-01 18:54:48,577 [DEBUG] MainThread: findfont: score(FontEntry(fname='c:\\Users\\Username\\Desktop\\Folder\\Developing\\Ortez\\app\\.venv\\Lib\\site-packages\\matplotlib\\mpl-data\\fonts\\ttf\\STIXSizThreeSymReg.ttf', name='STIXSizeThreeSym', style='normal', variant='normal', weight=400, stretch='normal', size='scalable')) = 10.05
2026-08-01 18:54:48,577 [DEBUG] MainThread: findfont: score(FontEntry(fname='c:\\Users\\Username\\Desktop\\Folder\\Developing\\Ortez\\app\\.venv\\Lib\\site-packages\\matplotlib\\mpl-data\\fonts\\ttf\\STIXNonUniBol.ttf', name='STIXNonUnicode', style='normal', variant='normal', weight=700, stretch='normal', size='scalable')) = 10.335
2026-08-01 18:54:48,577 [DEBUG] MainThread: findfont: score(FontEntry(fname='c:\\Users\\Username\\Desktop\\Folder\\Developing\\Ortez\\app\\.venv\\Lib\\site-packages\\matplotlib\\mpl-data\\fonts\\ttf\\STIXNonUniBolIta.ttf', name='STIXNonUnicode', style='italic', variant='normal', weight=700, stretch='normal', size='scalable')) = 11.335
2026-08-01 18:54:48,577 [DEBUG] MainThread: findfont: score(FontEntry(fname='c:\\Users\\Username\\Desktop\\Folder\\Developing\\Ortez\\app\\.venv\\Lib\\site-packages\\matplotlib\\mpl-data\\fonts\\ttf\\DejaVuSansMono-Bold.ttf', name='DejaVu Sans Mono', style='normal', variant='normal', weight=700, stretch='normal', size='scalable')) = 10.335
2026-08-01 18:54:48,577 [DEBUG] MainThread: findfont: score(FontEntry(fname='c:\\Users\\Username\\Desktop\\Folder\\Developing\\Ortez\\app\\.venv\\Lib\\site-packages\\matplotlib\\mpl-data\\fonts\\ttf\\cmmi10.ttf', name='cmmi10', style='normal', variant='normal', weight=400, stretch='normal', size='scalable')) = 10.05
2026-08-01 18:54:48,577 [DEBUG] MainThread: findfont: score(FontEntry(fname='c:\\Users\\Username\\Desktop\\Folder\\Developing\\Ortez\\app\\.venv\\Lib\\site-packages\\matplotlib\\mpl-data\\fonts\\ttf\\STIXSizOneSymReg.ttf', name='STIXSizeOneSym', style='normal', variant='normal', weight=400, stretch='normal', size='scalable')) = 10.05
2026-08-01 18:54:48,577 [DEBUG] MainThread: findfont: score(FontEntry(fname='C:\\Windows\\Fonts\\cambriab.ttf', name='Cambria', style='normal', variant='normal', weight=700, stretch='normal', size='scalable')) = 10.335
2026-08-01 18:54:48,578 [DEBUG] MainThread: findfont: score(FontEntry(fname='C:\\Windows\\Fonts\\GenBkBasR.ttf', name='Gentium Book Basic', style='normal', variant='normal', weight=400, stretch='normal', size='scalable')) = 10.05
2026-08-01 18:54:48,578 [DEBUG] MainThread: findfont: score(FontEntry(fname='C:\\Windows\\Fonts\\framd.ttf', name='Franklin Gothic Medium', style='normal', variant='normal', weight=400, stretch='normal', size='scalable')) = 10.05
2026-08-01 18:54:48,578 [DEBUG] MainThread: findfont: score(FontEntry(fname='C:\\Windows\\Fonts\\LiberationSerif-Italic.ttf', name='Liberation Serif', style='italic', variant='normal', weight=400, stretch='normal', size='scalable')) = 11.05
2026-08-01 18:54:48,578 [DEBUG] MainThread: findfont: score(FontEntry(fname='C:\\Windows\\Fonts\\NotoSansLao-Regular.ttf', name='Noto Sans Lao', style='normal', variant='normal', weight=400, stretch='normal', size='scalable')) = 10.05
2026-08-01 18:54:48,578 [DEBUG] MainThread: findfont: score(FontEntry(fname='C:\\Windows\\Fonts\\msjhl.ttc', name='Microsoft JhengHei', style='normal', variant='normal', weight=290, stretch='normal', size='scalable')) = 10.1545
2026-08-01 18:54:48,578 [DEBUG] MainThread: findfont: score(FontEntry(fname='C:\\Windows\\Fonts\\DejaVuSansMono-Bold.ttf', name='DejaVu Sans Mono', style='normal', variant='normal', weight=700, stretch='normal', size='scalable')) = 10.335
2026-08-01 18:54:48,578 [DEBUG] MainThread: findfont: score(FontEntry(fname='C:\\Windows\\Fonts\\couri.ttf', name='Courier New', style='italic', variant='normal', weight=400, stretch='normal', size='scalable')) = 11.05
2026-08-01 18:54:48,578 [DEBUG] MainThread: findfont: score(FontEntry(fname='C:\\Windows\\Fonts\\DejaVuSansCondensed.ttf', name='DejaVu Sans', style='normal', variant='normal', weight=400, stretch='condensed', size='scalable')) = 0.25
2026-08-01 18:54:48,578 [DEBUG] MainThread: findfont: score(FontEntry(fname='C:\\Windows\\Fonts\\malgunbd.ttf', name='Malgun Gothic', style='normal', variant='normal', weight=700, stretch='normal', size='scalable')) = 10.335
2026-08-01 18:54:48,578 [DEBUG] MainThread: findfont: score(FontEntry(fname='C:\\Windows\\Fonts\\DejaVuSans-Bold.ttf', name='DejaVu Sans', style='normal', variant='normal', weight=700, stretch='normal', size='scalable')) = 0.33499999999999996
2026-08-01 18:54:48,578 [DEBUG] MainThread: findfont: score(FontEntry(fname='C:\\Windows\\Fonts\\calibrili.ttf', name='Calibri', style='italic', variant='normal', weight=300, stretch='normal', size='scalable')) = 11.145
2026-08-01 18:54:48,578 [DEBUG] MainThread: findfont: score(FontEntry(fname='C:\\Windows\\Fonts\\courbi.ttf', name='Courier New', style='italic', variant='normal', weight=700, stretch='normal', size='scalable')) = 11.335
2026-08-01 18:54:48,579 [DEBUG] MainThread: findfont: score(FontEntry(fname='C:\\Windows\\Fonts\\LatoWeb-Semibold.ttf', name='Lato', style='normal', variant='normal', weight=600, stretch='normal', size='scalable')) = 10.24
2026-08-01 18:54:48,579 [DEBUG] MainThread: findfont: score(FontEntry(fname='C:\\Windows\\Fonts\\SansSerifCollection.ttf', name='Sans Serif Collection', style='normal', variant='normal', weight=400, stretch='normal', size='scalable')) = 10.05
2026-08-01 18:54:48,579 [DEBUG] MainThread: findfont: score(FontEntry(fname='C:\\Windows\\Fonts\\NachlieliCLM-Bold.otf', name='Nachlieli CLM', style='normal', variant='normal', weight=600, stretch='normal', size='scalable')) = 10.24
2026-08-01 18:54:48,579 [DEBUG] MainThread: findfont: score(FontEntry(fname='C:\\Windows\\Fonts\\YuGothM.ttc', name='Yu Gothic', style='normal', variant='normal', weight=500, stretch='normal', size='scalable')) = 10.145
2026-08-01 18:54:48,579 [DEBUG] MainThread: findfont: score(FontEntry(fname='C:\\Windows\\Fonts\\corbelli.ttf', name='Corbel', style='italic', variant='normal', weight=300, stretch='normal', size='scalable')) = 11.145
2026-08-01 18:54:48,579 [DEBUG] MainThread: findfont: score(FontEntry(fname='C:\\Windows\\Fonts\\Nirmala.ttc', name='Nirmala UI', style='normal', variant='normal', weight=400, stretch='normal', size='scalable')) = 10.05
2026-08-01 18:54:48,579 [DEBUG] MainThread: findfont: score(FontEntry(fname='C:\\Windows\\Fonts\\calibrii.ttf', name='Calibri', style='italic', variant='normal', weight=400, stretch='normal', size='scalable')) = 11.05
2026-08-01 18:54:48,579 [DEBUG] MainThread: findfont: score(FontEntry(fname='C:\\Windows\\Fonts\\msjh.ttc', name='Microsoft JhengHei', style='normal', variant='normal', weight=400, stretch='normal', size='scalable')) = 10.05
2026-08-01 18:54:48,579 [DEBUG] MainThread: findfont: score(FontEntry(fname='C:\\Windows\\Fonts\\NotoKufiArabic-Regular.ttf', name='Noto Kufi Arabic', style='normal', variant='normal', weight=400, stretch='normal', size='scalable')) = 10.05
2026-08-01 18:54:48,579 [DEBUG] MainThread: findfont: score(FontEntry(fname='C:\\Windows\\Fonts\\msyhl.ttc', name='Microsoft YaHei', style='normal', variant='normal', weight=290, stretch='normal', size='scalable')) = 10.1545
2026-08-01 18:54:48,579 [DEBUG] MainThread: findfont: score(FontEntry(fname='C:\\Windows\\Fonts\\DejaVuSansCondensed-Bold.ttf', name='DejaVu Sans', style='normal', variant='normal', weight=700, stretch='condensed', size='scalable')) = 0.5349999999999999
2026-08-01 18:54:48,579 [DEBUG] MainThread: findfont: score(FontEntry(fname='C:\\Windows\\Fonts\\segoepr.ttf', name='Segoe Print', style='normal', variant='normal', weight=400, stretch='normal', size='scalable')) = 10.05
2026-08-01 18:54:48,579 [DEBUG] MainThread: findfont: score(FontEntry(fname='C:\\Windows\\Fonts\\georgiab.ttf', name='Georgia', style='normal', variant='normal', weight=700, stretch='normal', size='scalable')) = 10.335
2026-08-01 18:54:48,579 [DEBUG] MainThread: findfont: score(FontEntry(fname='C:\\Windows\\Fonts\\ntailu.ttf', name='Microsoft New Tai Lue', style='normal', variant='normal', weight=400, stretch='normal', size='scalable')) = 10.05
2026-08-01 18:54:48,579 [DEBUG] MainThread: findfont: score(FontEntry(fname='C:\\Windows\\Fonts\\LiberationMono-Regular.ttf', name='Liberation Mono', style='normal', variant='normal', weight=400, stretch='normal', size='scalable')) = 10.05
2026-08-01 18:54:48,579 [DEBUG] MainThread: findfont: score(FontEntry(fname='C:\\Windows\\Fonts\\consolaz.ttf', name='Consolas', style='italic', variant='normal', weight=700, stretch='normal', size='scalable')) = 11.335
2026-08-01 18:54:48,579 [DEBUG] MainThread: findfont: score(FontEntry(fname='C:\\Windows\\Fonts\\Rubik-Bold.ttf', name='Rubik', style='normal', variant='normal', weight=700, stretch='normal', size='scalable')) = 10.335
2026-08-01 18:54:48,579 [DEBUG] MainThread: findfont: score(FontEntry(fname='C:\\Windows\\Fonts\\corbelb.ttf', name='Corbel', style='normal', variant='normal', weight=700, stretch='normal', size='scalable')) = 10.335
2026-08-01 18:54:48,579 [DEBUG] MainThread: findfont: score(FontEntry(fname='C:\\Windows\\Fonts\\NotoSans-BoldItalic.ttf', name='Noto Sans', style='italic', variant='normal', weight=700, stretch='normal', size='scalable')) = 11.335
2026-08-01 18:54:48,580 [DEBUG] MainThread: findfont: score(FontEntry(fname='C:\\Windows\\Fonts\\courbd.ttf', name='Courier New', style='normal', variant='normal', weight=700, stretch='normal', size='scalable')) = 10.335
2026-08-01 18:54:48,580 [DEBUG] MainThread: findfont: score(FontEntry(fname='C:\\Windows\\Fonts\\Rubik-Regular.ttf', name='Rubik', style='normal', variant='normal', weight=400, stretch='normal', size='scalable')) = 10.05
2026-08-01 18:54:48,580 [DEBUG] MainThread: findfont: score(FontEntry(fname='C:\\Windows\\Fonts\\malgunsl.ttf', name='Malgun Gothic', style='normal', variant='normal', weight=300, stretch='normal', size='scalable')) = 10.145
2026-08-01 18:54:48,580 [DEBUG] MainThread: findfont: score(FontEntry(fname='C:\\Windows\\Fonts\\NotoSerif-Italic.ttf', name='Noto Serif', style='italic', variant='normal', weight=400, stretch='normal', size='scalable')) = 11.05
2026-08-01 18:54:48,580 [DEBUG] MainThread: findfont: score(FontEntry(fname='C:\\Windows\\Fonts\\verdanab.ttf', name='Verdana', style='normal', variant='normal', weight=700, stretch='normal', size='scalable')) = 3.9713636363636367
2026-08-01 18:54:48,580 [DEBUG] MainThread: findfont: score(FontEntry(fname='C:\\Windows\\Fonts\\msgothic.ttc', name='MS Gothic', style='normal', variant='normal', weight=400, stretch='normal', size='scalable')) = 10.05
2026-08-01 18:54:48,580 [DEBUG] MainThread: findfont: score(FontEntry(fname='C:\\Windows\\Fonts\\seguiemj.ttf', name='Segoe UI Emoji', style='normal', variant='normal', weight=400, stretch='normal', size='scalable')) = 10.05
2026-08-01 18:54:48,580 [DEBUG] MainThread: findfont: score(FontEntry(fname='C:\\Windows\\Fonts\\DejaVuMathTeXGyre.ttf', name='DejaVu Math TeX Gyre', style='normal', variant='normal', weight=400, stretch='normal', size='scalable')) = 10.05
2026-08-01 18:54:48,580 [DEBUG] MainThread: findfont: score(FontEntry(fname='C:\\Windows\\Fonts\\LiberationSansNarrow-BoldItalic.ttf', name='Liberation Sans Narrow', style='italic', variant='normal', weight=700, stretch='condensed', size='scalable')) = 11.535
2026-08-01 18:54:48,580 [DEBUG] MainThread: findfont: score(FontEntry(fname='C:\\Windows\\Fonts\\GenBkBasBI.ttf', name='Gentium Book Basic', style='italic', variant='normal', weight=700, stretch='normal', size='scalable')) = 11.335
2026-08-01 18:54:48,580 [DEBUG] MainThread: findfont: score(FontEntry(fname='C:\\Windows\\Fonts\\comic.ttf', name='Comic Sans MS', style='normal', variant='normal', weight=400, stretch='normal', size='scalable')) = 10.05
2026-08-01 18:54:48,580 [DEBUG] MainThread: findfont: score(FontEntry(fname='C:\\Windows\\Fonts\\corbell.ttf', name='Corbel', style='normal', variant='normal', weight=300, stretch='normal', size='scalable')) = 10.145
2026-08-01 18:54:48,580 [DEBUG] MainThread: findfont: score(FontEntry(fname='C:\\Windows\\Fonts\\Scheherazade-Bold.ttf', name='Scheherazade', style='normal', variant='normal', weight=700, stretch='normal', size='scalable')) = 10.335
2026-08-01 18:54:48,580 [DEBUG] MainThread: findfont: score(FontEntry(fname='C:\\Windows\\Fonts\\DejaVuSansCondensed-BoldOblique.ttf', name='DejaVu Sans', style='oblique', variant='normal', weight=700, stretch='condensed', size='scalable')) = 1.535
2026-08-01 18:54:48,580 [DEBUG] MainThread: findfont: score(FontEntry(fname='C:\\Windows\\Fonts\\DavidCLM-Medium.otf', name='David CLM', style='normal', variant='normal', weight=500, stretch='normal', size='scalable')) = 10.145
2026-08-01 18:54:48,580 [DEBUG] MainThread: findfont: score(FontEntry(fname='C:\\Windows\\Fonts\\NotoSansLisu-Bold.ttf', name='Noto Sans Lisu', style='normal', variant='normal', weight=700, stretch='normal', size='scalable')) = 10.335
2026-08-01 18:54:48,580 [DEBUG] MainThread: findfont: score(FontEntry(fname='C:\\Windows\\Fonts\\DavidLibre-Regular.ttf', name='David Libre', style='normal', variant='normal', weight=400, stretch='normal', size='scalable')) = 10.05
2026-08-01 18:54:48,580 [DEBUG] MainThread: findfont: score(FontEntry(fname='C:\\Windows\\Fonts\\constanb.ttf', name='Constantia', style='normal', variant='normal', weight=700, stretch='normal', size='scalable')) = 10.335
2026-08-01 18:54:48,580 [DEBUG] MainThread: findfont: score(FontEntry(fname='C:\\Windows\\Fonts\\NotoSerifArmenian-Regular.ttf', name='Noto Serif Armenian', style='normal', variant='normal', weight=400, stretch='normal', size='scalable')) = 10.05
2026-08-01 18:54:48,580 [DEBUG] MainThread: findfont: score(FontEntry(fname='C:\\Windows\\Fonts\\timesi.ttf', name='Times New Roman', style='italic', variant='normal', weight=400, stretch='normal', size='scalable')) = 11.05
2026-08-01 18:54:48,581 [DEBUG] MainThread: findfont: score(FontEntry(fname='C:\\Windows\\Fonts\\comicz.ttf', name='Comic Sans MS', style='italic', variant='normal', weight=700, stretch='normal', size='scalable')) = 11.335
2026-08-01 18:54:48,581 [DEBUG] MainThread: findfont: score(FontEntry(fname='C:\\Windows\\Fonts\\SitkaVF-Italic.ttf', name='Sitka', style='italic', variant='normal', weight=400, stretch='normal', size='scalable')) = 11.05
2026-08-01 18:54:48,581 [DEBUG] MainThread: findfont: score(FontEntry(fname='C:\\Windows\\Fonts\\NotoSansHebrew-Regular.ttf', name='Noto Sans Hebrew', style='normal', variant='normal', weight=400, stretch='normal', size='scalable')) = 10.05
2026-08-01 18:54:48,581 [DEBUG] MainThread: findfont: score(FontEntry(fname='C:\\Windows\\Fonts\\NachlieliCLM-Light.otf', name='Nachlieli CLM', style='normal', variant='normal', weight=300, stretch='normal', size='scalable')) = 10.145
2026-08-01 18:54:48,581 [DEBUG] MainThread: findfont: score(FontEntry(fname='C:\\Windows\\Fonts\\NotoKufiArabic-Bold.ttf', name='Noto Kufi Arabic', style='normal', variant='normal', weight=700, stretch='normal', size='scalable')) = 10.335
2026-08-01 18:54:48,581 [DEBUG] MainThread: findfont: score(FontEntry(fname='C:\\Windows\\Fonts\\msyhbd.ttc', name='Microsoft YaHei', style='normal', variant='normal', weight=700, stretch='normal', size='scalable')) = 10.335
2026-08-01 18:54:48,581 [DEBUG] MainThread: findfont: score(FontEntry(fname='C:\\Windows\\Fonts\\comici.ttf', name='Comic Sans MS', style='italic', variant='normal', weight=400, stretch='normal', size='scalable')) = 11.05
2026-08-01 18:54:48,581 [DEBUG] MainThread: findfont: score(FontEntry(fname='C:\\Windows\\Fonts\\Amiri-Bold.ttf', name='Amiri', style='normal', variant='normal', weight=700, stretch='normal', size='scalable')) = 10.335
2026-08-01 18:54:48,581 [DEBUG] MainThread: findfont: score(FontEntry(fname='C:\\Windows\\Fonts\\MiriamMonoCLM-BookOblique.ttf', name='Miriam Mono CLM', style='oblique', variant='normal', weight=400, stretch='normal', size='scalable')) = 11.05
2026-08-01 18:54:48,581 [DEBUG] MainThread: findfont: score(FontEntry(fname='C:\\Windows\\Fonts\\MiriamCLM-Book.otf', name='Miriam CLM', style='normal', variant='normal', weight=400, stretch='normal', size='scalable')) = 10.05
2026-08-01 18:54:48,581 [DEBUG] MainThread: findfont: score(FontEntry(fname='C:\\Windows\\Fonts\\Alef-Regular.ttf', name='Alef', style='normal', variant='normal', weight=400, stretch='normal', size='scalable')) = 10.05
2026-08-01 18:54:48,581 [DEBUG] MainThread: findfont: score(FontEntry(fname='C:\\Windows\\Fonts\\MiriamMonoCLM-Bold.ttf', name='Miriam Mono CLM', style='normal', variant='normal', weight=700, stretch='normal', size='scalable')) = 10.335
2026-08-01 18:54:48,581 [DEBUG] MainThread: findfont: score(FontEntry(fname='C:\\Windows\\Fonts\\impact.ttf', name='Impact', style='normal', variant='normal', weight=400, stretch='normal', size='scalable')) = 10.05
2026-08-01 18:54:48,581 [DEBUG] MainThread: findfont: score(FontEntry(fname='C:\\Windows\\Fonts\\trebucbd.ttf', name='Trebuchet MS', style='normal', variant='normal', weight=700, stretch='normal', size='scalable')) = 10.335
2026-08-01 18:54:48,581 [DEBUG] MainThread: findfont: score(FontEntry(fname='C:\\Windows\\Fonts\\MiriamLibre-Bold.otf', name='Miriam Libre', style='normal', variant='normal', weight=700, stretch='normal', size='scalable')) = 10.335
2026-08-01 18:54:48,581 [DEBUG] MainThread: findfont: score(FontEntry(fname='C:\\Windows\\Fonts\\NotoSerifArmenian-Bold.ttf', name='Noto Serif Armenian', style='normal', variant='normal', weight=700, stretch='normal', size='scalable')) = 10.335
2026-08-01 18:54:48,581 [DEBUG] MainThread: findfont: score(FontEntry(fname='C:\\Windows\\Fonts\\LiberationSerif-BoldItalic.ttf', name='Liberation Serif', style='italic', variant='normal', weight=700, stretch='normal', size='scalable')) = 11.335
2026-08-01 18:54:48,581 [DEBUG] MainThread: findfont: score(FontEntry(fname='C:\\Windows\\Fonts\\trebucit.ttf', name='Trebuchet MS', style='italic', variant='normal', weight=400, stretch='normal', size='scalable')) = 11.05
2026-08-01 18:54:48,581 [DEBUG] MainThread: findfont: score(FontEntry(fname='C:\\Windows\\Fonts\\DavidCLM-Bold.otf', name='David CLM', style='normal', variant='normal', weight=700, stretch='normal', size='scalable')) = 10.335
2026-08-01 18:54:48,581 [DEBUG] MainThread: findfont: score(FontEntry(fname='C:\\Windows\\Fonts\\javatext.ttf', name='Javanese Text', style='normal', variant='normal', weight=400, stretch='normal', size='scalable')) = 10.05
2026-08-01 18:54:48,581 [DEBUG] MainThread: findfont: score(FontEntry(fname='C:\\Windows\\Fonts\\YuGothR.ttc', name='Yu Gothic', style='normal', variant='normal', weight=400, stretch='normal', size='scalable')) = 10.05
2026-08-01 18:54:48,582 [DEBUG] MainThread: findfont: score(FontEntry(fname='C:\\Windows\\Fonts\\FrankRuehlCLM-MediumOblique.otf', name='Frank Ruehl CLM', style='oblique', variant='normal', weight=500, stretch='normal', size='scalable')) = 11.145
2026-08-01 18:54:48,582 [DEBUG] MainThread: findfont: score(FontEntry(fname='C:\\Windows\\Fonts\\LatoWeb-BoldItalic.ttf', name='Lato', style='italic', variant='normal', weight=700, stretch='normal', size='scalable')) = 11.335
2026-08-01 18:54:48,582 [DEBUG] MainThread: findfont: score(FontEntry(fname='C:\\Windows\\Fonts\\lucon.ttf', name='Lucida Console', style='normal', variant='normal', weight=400, stretch='normal', size='scalable')) = 10.05
2026-08-01 18:54:48,582 [DEBUG] MainThread: findfont: score(FontEntry(fname='C:\\Windows\\Fonts\\LatoWeb-Italic.ttf', name='Lato', style='italic', variant='normal', weight=400, stretch='normal', size='scalable')) = 11.05
2026-08-01 18:54:48,582 [DEBUG] MainThread: findfont: score(FontEntry(fname='C:\\Windows\\Fonts\\LinBiolinum_R_G.ttf', name='Linux Biolinum G', style='normal', variant='normal', weight=400, stretch='normal', size='scalable')) = 10.05
2026-08-01 18:54:48,582 [DEBUG] MainThread: findfont: score(FontEntry(fname='C:\\Windows\\Fonts\\Caladea-BoldItalic.ttf', name='Caladea', style='italic', variant='normal', weight=700, stretch='normal', size='scalable')) = 11.335
2026-08-01 18:54:48,582 [DEBUG] MainThread: findfont: score(FontEntry(fname='C:\\Windows\\Fonts\\msjhbd.ttc', name='Microsoft JhengHei', style='normal', variant='normal', weight=700, stretch='normal', size='scalable')) = 10.335
2026-08-01 18:54:48,582 [DEBUG] MainThread: findfont: score(FontEntry(fname='C:\\Windows\\Fonts\\consolab.ttf', name='Consolas', style='normal', variant='normal', weight=700, stretch='normal', size='scalable')) = 10.335
2026-08-01 18:54:48,582 [DEBUG] MainThread: findfont: score(FontEntry(fname='C:\\Windows\\Fonts\\LiberationMono-BoldItalic.ttf', name='Liberation Mono', style='italic', variant='normal', weight=700, stretch='normal', size='scalable')) = 11.335
2026-08-01 18:54:48,582 [DEBUG] MainThread: findfont: score(FontEntry(fname='C:\\Windows\\Fonts\\constani.ttf', name='Constantia', style='italic', variant='normal', weight=400, stretch='normal', size='scalable')) = 11.05
2026-08-01 18:54:48,582 [DEBUG] MainThread: findfont: score(FontEntry(fname='C:\\Windows\\Fonts\\LiberationSans-Italic.ttf', name='Liberation Sans', style='italic', variant='normal', weight=400, stretch='normal', size='scalable')) = 11.05
2026-08-01 18:54:48,582 [DEBUG] MainThread: findfont: score(FontEntry(fname='C:\\Windows\\Fonts\\YuGothL.ttc', name='Yu Gothic', style='normal', variant='normal', weight=300, stretch='normal', size='scalable')) = 10.145
2026-08-01 18:54:48,582 [DEBUG] MainThread: findfont: score(FontEntry(fname='C:\\Windows\\Fonts\\pala.ttf', name='Palatino Linotype', style='normal', variant='normal', weight=400, stretch='normal', size='scalable')) = 10.05
2026-08-01 18:54:48,582 [DEBUG] MainThread: findfont: score(FontEntry(fname='C:\\Windows\\Fonts\\NotoSerifHebrew-Bold.ttf', name='Noto Serif Hebrew', style='normal', variant='normal', weight=700, stretch='normal', size='scalable')) = 10.335
2026-08-01 18:54:48,582 [DEBUG] MainThread: findfont: score(FontEntry(fname='C:\\Windows\\Fonts\\Amiri-BoldItalic.ttf', name='Amiri', style='italic', variant='normal', weight=700, stretch='normal', size='scalable')) = 11.335
2026-08-01 18:54:48,582 [DEBUG] MainThread: findfont: score(FontEntry(fname='C:\\Windows\\Fonts\\arial.ttf', name='Arial', style='normal', variant='normal', weight=400, stretch='normal', size='scalable')) = 6.413636363636363
2026-08-01 18:54:48,582 [DEBUG] MainThread: findfont: score(FontEntry(fname='C:\\Windows\\Fonts\\palabi.ttf', name='Palatino Linotype', style='italic', variant='normal', weight=700, stretch='normal', size='scalable')) = 11.335
2026-08-01 18:54:48,583 [DEBUG] MainThread: findfont: score(FontEntry(fname='C:\\Windows\\Fonts\\palab.ttf', name='Palatino Linotype', style='normal', variant='normal', weight=700, stretch='normal', size='scalable')) = 10.335
2026-08-01 18:54:48,583 [DEBUG] MainThread: findfont: score(FontEntry(fname='C:\\Windows\\Fonts\\tahomabd.ttf', name='Tahoma', style='normal', variant='normal', weight=700, stretch='normal', size='scalable')) = 10.335
2026-08-01 18:54:48,583 [DEBUG] MainThread: findfont: score(FontEntry(fname='C:\\Windows\\Fonts\\DejaVuSansMono-BoldOblique.ttf', name='DejaVu Sans Mono', style='oblique', variant='normal', weight=700, stretch='normal', size='scalable')) = 11.335
2026-08-01 18:54:48,583 [DEBUG] MainThread: findfont: score(FontEntry(fname='C:\\Windows\\Fonts\\Candarali.ttf', name='Candara', style='italic', variant='normal', weight=400, stretch='normal', size='scalable')) = 11.05
2026-08-01 18:54:48,583 [DEBUG] MainThread: findfont: score(FontEntry(fname='C:\\Windows\\Fonts\\LatoWeb-LightItalic.ttf', name='Lato', style='italic', variant='normal', weight=300, stretch='normal', size='scalable')) = 11.145
2026-08-01 18:54:48,583 [DEBUG] MainThread: findfont: score(FontEntry(fname='C:\\Windows\\Fonts\\Candara.ttf', name='Candara', style='normal', variant='normal', weight=400, stretch='normal', size='scalable')) = 10.05
2026-08-01 18:54:48,583 [DEBUG] MainThread: findfont: score(FontEntry(fname='C:\\Windows\\Fonts\\NotoSansArabic-Regular.ttf', name='Noto Sans Arabic', style='normal', variant='normal', weight=400, stretch='normal', size='scalable')) = 10.05
2026-08-01 18:54:48,583 [DEBUG] MainThread: findfont: score(FontEntry(fname='C:\\Windows\\Fonts\\DejaVuSans.ttf', name='DejaVu Sans', style='normal', variant='normal', weight=400, stretch='normal', size='scalable')) = 0.05
2026-08-01 18:54:48,583 [DEBUG] MainThread: findfont: score(FontEntry(fname='C:\\Windows\\Fonts\\GenBasR.ttf', name='Gentium Basic', style='normal', variant='normal', weight=400, stretch='normal', size='scalable')) = 10.05
2026-08-01 18:54:48,583 [DEBUG] MainThread: findfont: score(FontEntry(fname='C:\\Windows\\Fonts\\tahoma.ttf', name='Tahoma', style='normal', variant='normal', weight=400, stretch='normal', size='scalable')) = 10.05
2026-08-01 18:54:48,583 [DEBUG] MainThread: findfont: score(FontEntry(fname='C:\\Windows\\Fonts\\SimsunExtG.ttf', name='SimSun-ExtG', style='normal', variant='normal', weight=400, stretch='normal', size='scalable')) = 10.05
2026-08-01 18:54:48,583 [DEBUG] MainThread: findfont: score(FontEntry(fname='C:\\Windows\\Fonts\\segoesc.ttf', name='Segoe Script', style='normal', variant='normal', weight=400, stretch='normal', size='scalable')) = 10.05
2026-08-01 18:54:48,583 [DEBUG] MainThread: findfont: score(FontEntry(fname='C:\\Windows\\Fonts\\segoeuiz.ttf', name='Segoe UI', style='italic', variant='normal', weight=700, stretch='normal', size='scalable')) = 11.335
2026-08-01 18:54:48,583 [DEBUG] MainThread: findfont: score(FontEntry(fname='C:\\Windows\\Fonts\\DejaVuSans-BoldOblique.ttf', name='DejaVu Sans', style='oblique', variant='normal', weight=700, stretch='normal', size='scalable')) = 1.335
2026-08-01 18:54:48,583 [DEBUG] MainThread: findfont: score(FontEntry(fname='C:\\Windows\\Fonts\\phagspa.ttf', name='Microsoft PhagsPa', style='normal', variant='normal', weight=400, stretch='normal', size='scalable')) = 10.05
2026-08-01 18:54:48,583 [DEBUG] MainThread: findfont: score(FontEntry(fname='C:\\Windows\\Fonts\\himalaya.ttf', name='Microsoft Himalaya', style='normal', variant='normal', weight=400, stretch='normal', size='scalable')) = 10.05
2026-08-01 18:54:48,584 [DEBUG] MainThread: findfont: score(FontEntry(fname='C:\\Windows\\Fonts\\GenBasI.ttf', name='Gentium Basic', style='italic', variant='normal', weight=400, stretch='normal', size='scalable')) = 11.05
2026-08-01 18:54:48,584 [DEBUG] MainThread: findfont: score(FontEntry(fname='C:\\Windows\\Fonts\\LinLibertine_DR_G.ttf', name='Linux Libertine Display G', style='normal', variant='normal', weight=400, stretch='normal', size='scalable')) = 10.05
2026-08-01 18:54:48,584 [DEBUG] MainThread: findfont: score(FontEntry(fname='C:\\Windows\\Fonts\\l_10646.ttf', name='Lucida Sans Unicode', style='normal', variant='normal', weight=400, stretch='normal', size='scalable')) = 10.05
2026-08-01 18:54:48,584 [DEBUG] MainThread: findfont: score(FontEntry(fname='C:\\Windows\\Fonts\\msyh.ttc', name='Microsoft YaHei', style='normal', variant='normal', weight=400, stretch='normal', size='scalable')) = 10.05
2026-08-01 18:54:48,584 [DEBUG] MainThread: findfont: score(FontEntry(fname='C:\\Windows\\Fonts\\mmrtext.ttf', name='Myanmar Text', style='normal', variant='normal', weight=400, stretch='normal', size='scalable')) = 10.05
2026-08-01 18:54:48,584 [DEBUG] MainThread: findfont: score(FontEntry(fname='C:\\Windows\\Fonts\\LinLibertine_RB_G.ttf', name='Linux Libertine G', style='normal', variant='normal', weight=700, stretch='normal', size='scalable')) = 10.335
2026-08-01 18:54:48,584 [DEBUG] MainThread: findfont: score(FontEntry(fname='C:\\Windows\\Fonts\\FrankRuehlCLM-Medium.otf', name='Frank Ruehl CLM', style='normal', variant='normal', weight=500, stretch='normal', size='scalable')) = 10.145
2026-08-01 18:54:48,584 [DEBUG] MainThread: findfont: score(FontEntry(fname='C:\\Windows\\Fonts\\DejaVuSerifCondensed-Bold.ttf', name='DejaVu Serif', style='normal', variant='normal', weight=700, stretch='condensed', size='scalable')) = 10.535
2026-08-01 18:54:48,584 [DEBUG] MainThread: findfont: score(FontEntry(fname='C:\\Windows\\Fonts\\LinLibertine_RZ_G.ttf', name='Linux Libertine G', style='normal', variant='normal', weight=600, stretch='normal', size='scalable')) = 10.24
2026-08-01 18:54:48,584 [DEBUG] MainThread: findfont: score(FontEntry(fname='C:\\Windows\\Fonts\\Caladea-Bold.ttf', name='Caladea', style='normal', variant='normal', weight=700, stretch='normal', size='scalable')) = 10.335
2026-08-01 18:54:48,584 [DEBUG] MainThread: findfont: score(FontEntry(fname='C:\\Windows\\Fonts\\ebrimabd.ttf', name='Ebrima', style='normal', variant='normal', weight=700, stretch='normal', size='scalable')) = 10.335
2026-08-01 18:54:48,584 [DEBUG] MainThread: findfont: score(FontEntry(fname='C:\\Windows\\Fonts\\LiberationMono-Bold.ttf', name='Liberation Mono', style='normal', variant='normal', weight=700, stretch='normal', size='scalable')) = 10.335
2026-08-01 18:54:48,584 [DEBUG] MainThread: findfont: score(FontEntry(fname='C:\\Windows\\Fonts\\GenBasBI.ttf', name='Gentium Basic', style='italic', variant='normal', weight=700, stretch='normal', size='scalable')) = 11.335
2026-08-01 18:54:48,584 [DEBUG] MainThread: findfont: score(FontEntry(fname='C:\\Windows\\Fonts\\LatoWeb-Bold.ttf', name='Lato', style='normal', variant='normal', weight=700, stretch='normal', size='scalable')) = 10.335
2026-08-01 18:54:48,584 [DEBUG] MainThread: findfont: score(FontEntry(fname='C:\\Windows\\Fonts\\LiberationSansNarrow-Italic.ttf', name='Liberation Sans Narrow', style='italic', variant='normal', weight=400, stretch='condensed', size='scalable')) = 11.25
2026-08-01 18:54:48,584 [DEBUG] MainThread: findfont: score(FontEntry(fname='C:\\Windows\\Fonts\\NotoNaskhArabic-Bold.ttf', name='Noto Naskh Arabic', style='normal', variant='normal', weight=700, stretch='normal', size='scalable')) = 10.335
2026-08-01 18:54:48,584 [DEBUG] MainThread: findfont: score(FontEntry(fname='C:\\Windows\\Fonts\\LatoWeb-Light.ttf', name='Lato', style='normal', variant='normal', weight=300, stretch='normal', size='scalable')) = 10.145
2026-08-01 18:54:48,584 [DEBUG] MainThread: findfont: score(FontEntry(fname='C:\\Windows\\Fonts\\mvboli.ttf', name='MV Boli', style='normal', variant='normal', weight=400, stretch='normal', size='scalable')) = 10.05
2026-08-01 18:54:48,584 [DEBUG] MainThread: findfont: score(FontEntry(fname='C:\\Windows\\Fonts\\arialbd.ttf', name='Arial', style='normal', variant='normal', weight=700, stretch='normal', size='scalable')) = 6.698636363636363
2026-08-01 18:54:48,585 [DEBUG] MainThread: findfont: score(FontEntry(fname='C:\\Windows\\Fonts\\LiberationSans-BoldItalic.ttf', name='Liberation Sans', style='italic', variant='normal', weight=700, stretch='normal', size='scalable')) = 11.335
2026-08-01 18:54:48,585 [DEBUG] MainThread: findfont: score(FontEntry(fname='C:\\Windows\\Fonts\\DavidCLM-BoldItalic.otf', name='David CLM', style='italic', variant='normal', weight=700, stretch='normal', size='scalable')) = 11.335
2026-08-01 18:54:48,585 [DEBUG] MainThread: findfont: score(FontEntry(fname='C:\\Windows\\Fonts\\Scheherazade-Regular.ttf', name='Scheherazade', style='normal', variant='normal', weight=400, stretch='normal', size='scalable')) = 10.05
2026-08-01 18:54:48,585 [DEBUG] MainThread: findfont: score(FontEntry(fname='C:\\Windows\\Fonts\\ReemKufi.ttf', name='Reem Kufi', style='normal', variant='normal', weight=400, stretch='normal', size='scalable')) = 10.05
2026-08-01 18:54:48,585 [DEBUG] MainThread: findfont: score(FontEntry(fname='C:\\Windows\\Fonts\\ntailub.ttf', name='Microsoft New Tai Lue', style='normal', variant='normal', weight=700, stretch='normal', size='scalable')) = 10.335
2026-08-01 18:54:48,585 [DEBUG] MainThread: findfont: score(FontEntry(fname='C:\\Windows\\Fonts\\cour.ttf', name='Courier New', style='normal', variant='normal', weight=400, stretch='normal', size='scalable')) = 10.05
2026-08-01 18:54:48,585 [DEBUG] MainThread: findfont: score(FontEntry(fname='C:\\Windows\\Fonts\\Carlito-Regular.ttf', name='Carlito', style='normal', variant='normal', weight=400, stretch='normal', size='scalable')) = 10.05
2026-08-01 18:54:48,585 [DEBUG] MainThread: findfont: score(FontEntry(fname='C:\\Windows\\Fonts\\Candarab.ttf', name='Candara', style='normal', variant='normal', weight=700, stretch='normal', size='scalable')) = 10.335
2026-08-01 18:54:48,585 [DEBUG] MainThread: findfont: score(FontEntry(fname='C:\\Windows\\Fonts\\Amiri-Regular.ttf', name='Amiri', style='normal', variant='normal', weight=400, stretch='normal', size='scalable')) = 10.05
2026-08-01 18:54:48,585 [DEBUG] MainThread: findfont: score(FontEntry(fname='C:\\Windows\\Fonts\\verdanai.ttf', name='Verdana', style='italic', variant='normal', weight=400, stretch='normal', size='scalable')) = 4.6863636363636365
2026-08-01 18:54:48,585 [DEBUG] MainThread: findfont: score(FontEntry(fname='C:\\Windows\\Fonts\\GenBasB.ttf', name='Gentium Basic', style='normal', variant='normal', weight=700, stretch='normal', size='scalable')) = 10.335
2026-08-01 18:54:48,585 [DEBUG] MainThread: findfont: score(FontEntry(fname='C:\\Windows\\Fonts\\simsunb.ttf', name='SimSun-ExtB', style='normal', variant='normal', weight=400, stretch='normal', size='scalable')) = 10.05
2026-08-01 18:54:48,585 [DEBUG] MainThread: findfont: score(FontEntry(fname='C:\\Windows\\Fonts\\segoeuib.ttf', name='Segoe UI', style='normal', variant='normal', weight=700, stretch='normal', size='scalable')) = 10.335
2026-08-01 18:54:48,585 [DEBUG] MainThread: findfont: score(FontEntry(fname='C:\\Windows\\Fonts\\DejaVuSerif-BoldItalic.ttf', name='DejaVu Serif', style='italic', variant='normal', weight=700, stretch='normal', size='scalable')) = 11.335
2026-08-01 18:54:48,585 [DEBUG] MainThread: findfont: score(FontEntry(fname='C:\\Windows\\Fonts\\MiriamCLM-Bold.otf', name='Miriam CLM', style='normal', variant='normal', weight=700, stretch='normal', size='scalable')) = 10.335
2026-08-01 18:54:48,585 [DEBUG] MainThread: findfont: score(FontEntry(fname='C:\\Windows\\Fonts\\Alef-Bold.ttf', name='Alef', style='normal', variant='normal', weight=700, stretch='normal', size='scalable')) = 10.335
2026-08-01 18:54:48,585 [DEBUG] MainThread: findfont: score(FontEntry(fname='C:\\Windows\\Fonts\\Caladea-Italic.ttf', name='Caladea', style='italic', variant='normal', weight=400, stretch='normal', size='scalable')) = 11.05
2026-08-01 18:54:48,585 [DEBUG] MainThread: findfont: score(FontEntry(fname='C:\\Windows\\Fonts\\LeelUIsl.ttf', name='Leelawadee UI', style='normal', variant='normal', weight=350, stretch='normal', size='scalable')) = 10.0975
2026-08-01 18:54:48,585 [DEBUG] MainThread: findfont: score(FontEntry(fname='C:\\Windows\\Fonts\\seguibl.ttf', name='Segoe UI', style='normal', variant='normal', weight=900, stretch='normal', size='scalable')) = 10.525
2026-08-01 18:54:48,585 [DEBUG] MainThread: findfont: score(FontEntry(fname='C:\\Windows\\Fonts\\GenBkBasI.ttf', name='Gentium Book Basic', style='italic', variant='normal', weight=400, stretch='normal', size='scalable')) = 11.05
2026-08-01 18:54:48,586 [DEBUG] MainThread: findfont: score(FontEntry(fname='C:\\Windows\\Fonts\\LiberationSansNarrow-Regular.ttf', name='Liberation Sans Narrow', style='normal', variant='normal', weight=400, stretch='condensed', size='scalable')) = 10.25
2026-08-01 18:54:48,586 [DEBUG] MainThread: findfont: score(FontEntry(fname='C:\\Windows\\Fonts\\Carlito-Bold.ttf', name='Carlito', style='normal', variant='normal', weight=700, stretch='normal', size='scalable')) = 10.335
2026-08-01 18:54:48,586 [DEBUG] MainThread: findfont: score(FontEntry(fname='C:\\Windows\\Fonts\\malgun.ttf', name='Malgun Gothic', style='normal', variant='normal', weight=400, stretch='normal', size='scalable')) = 10.05
2026-08-01 18:54:48,586 [DEBUG] MainThread: findfont: score(FontEntry(fname='C:\\Windows\\Fonts\\segoeuil.ttf', name='Segoe UI', style='normal', variant='normal', weight=300, stretch='normal', size='scalable')) = 10.145
2026-08-01 18:54:48,586 [DEBUG] MainThread: findfont: score(FontEntry(fname='C:\\Windows\\Fonts\\calibril.ttf', name='Calibri', style='normal', variant='normal', weight=300, stretch='normal', size='scalable')) = 10.145
2026-08-01 18:54:48,586 [DEBUG] MainThread: findfont: score(FontEntry(fname='C:\\Windows\\Fonts\\corbelz.ttf', name='Corbel', style='italic', variant='normal', weight=700, stretch='normal', size='scalable')) = 11.335
2026-08-01 18:54:48,586 [DEBUG] MainThread: findfont: score(FontEntry(fname='C:\\Windows\\Fonts\\Inkfree.ttf', name='Ink Free', style='normal', variant='normal', weight=400, stretch='normal', size='scalable')) = 10.05
2026-08-01 18:54:48,586 [DEBUG] MainThread: findfont: score(FontEntry(fname='C:\\Windows\\Fonts\\NotoSans-Regular.ttf', name='Noto Sans', style='normal', variant='normal', weight=400, stretch='normal', size='scalable')) = 10.05
2026-08-01 18:54:48,586 [DEBUG] MainThread: findfont: score(FontEntry(fname='C:\\Windows\\Fonts\\sylfaen.ttf', name='Sylfaen', style='normal', variant='normal', weight=400, stretch='normal', size='scalable')) = 10.05
2026-08-01 18:54:48,586 [DEBUG] MainThread: findfont: score(FontEntry(fname='C:\\Windows\\Fonts\\calibri.ttf', name='Calibri', style='normal', variant='normal', weight=400, stretch='normal', size='scalable')) = 10.05
2026-08-01 18:54:48,586 [DEBUG] MainThread: findfont: score(FontEntry(fname='C:\\Windows\\Fonts\\MiriamMonoCLM-Book.ttf', name='Miriam Mono CLM', style='normal', variant='normal', weight=400, stretch='normal', size='scalable')) = 10.05
2026-08-01 18:54:48,586 [DEBUG] MainThread: findfont: score(FontEntry(fname='C:\\Windows\\Fonts\\DavidCLM-MediumItalic.otf', name='David CLM', style='italic', variant='normal', weight=500, stretch='normal', size='scalable')) = 11.145
2026-08-01 18:54:48,586 [DEBUG] MainThread: findfont: score(FontEntry(fname='C:\\Windows\\Fonts\\NotoSerifLao-Regular.ttf', name='Noto Serif Lao', style='normal', variant='normal', weight=400, stretch='normal', size='scalable')) = 10.05
2026-08-01 18:54:48,586 [DEBUG] MainThread: findfont: score(FontEntry(fname='C:\\Windows\\Fonts\\calibriz.ttf', name='Calibri', style='italic', variant='normal', weight=700, stretch='normal', size='scalable')) = 11.335
2026-08-01 18:54:48,586 [DEBUG] MainThread: findfont: score(FontEntry(fname='C:\\Windows\\Fonts\\msyi.ttf', name='Microsoft Yi Baiti', style='normal', variant='normal', weight=400, stretch='normal', size='scalable')) = 10.05
2026-08-01 18:54:48,586 [DEBUG] MainThread: findfont: score(FontEntry(fname='C:\\Windows\\Fonts\\constanz.ttf', name='Constantia', style='italic', variant='normal', weight=700, stretch='normal', size='scalable')) = 11.335
2026-08-01 18:54:48,586 [DEBUG] MainThread: findfont: score(FontEntry(fname='C:\\Windows\\Fonts\\seguisym.ttf', name='Segoe UI Symbol', style='normal', variant='normal', weight=400, stretch='normal', size='scalable')) = 10.05
2026-08-01 18:54:48,586 [DEBUG] MainThread: findfont: score(FontEntry(fname='C:\\Windows\\Fonts\\NachlieliCLM-LightOblique.otf', name='Nachlieli CLM', style='oblique', variant='normal', weight=300, stretch='normal', size='scalable')) = 11.145
2026-08-01 18:54:48,586 [DEBUG] MainThread: findfont: score(FontEntry(fname='C:\\Windows\\Fonts\\ariblk.ttf', name='Arial', style='normal', variant='normal', weight=900, stretch='normal', size='scalable')) = 6.888636363636364
2026-08-01 18:54:48,587 [DEBUG] MainThread: findfont: score(FontEntry(fname='C:\\Windows\\Fonts\\MiriamLibre-Regular.otf', name='Miriam Libre', style='normal', variant='normal', weight=400, stretch='normal', size='scalable')) = 10.05
2026-08-01 18:54:48,587 [DEBUG] MainThread: findfont: score(FontEntry(fname='C:\\Windows\\Fonts\\trebucbi.ttf', name='Trebuchet MS', style='italic', variant='normal', weight=700, stretch='normal', size='scalable')) = 11.335
2026-08-01 18:54:48,587 [DEBUG] MainThread: findfont: score(FontEntry(fname='C:\\Windows\\Fonts\\framdit.ttf', name='Franklin Gothic Medium', style='italic', variant='normal', weight=400, stretch='normal', size='scalable')) = 11.05
2026-08-01 18:54:48,587 [DEBUG] MainThread: findfont: score(FontEntry(fname='C:\\Windows\\Fonts\\DejaVuSerifCondensed.ttf', name='DejaVu Serif', style='normal', variant='normal', weight=400, stretch='condensed', size='scalable')) = 10.25
2026-08-01 18:54:48,587 [DEBUG] MainThread: findfont: score(FontEntry(fname='C:\\Windows\\Fonts\\YuGothB.ttc', name='Yu Gothic', style='normal', variant='normal', weight=700, stretch='normal', size='scalable')) = 10.335
2026-08-01 18:54:48,587 [DEBUG] MainThread: findfont: score(FontEntry(fname='C:\\Windows\\Fonts\\NotoSansHebrew-Bold.ttf', name='Noto Sans Hebrew', style='normal', variant='normal', weight=700, stretch='normal', size='scalable')) = 10.335
2026-08-01 18:54:48,587 [DEBUG] MainThread: findfont: score(FontEntry(fname='C:\\Windows\\Fonts\\seguisb.ttf', name='Segoe UI', style='normal', variant='normal', weight=600, stretch='normal', size='scalable')) = 10.24
2026-08-01 18:54:48,587 [DEBUG] MainThread: findfont: score(FontEntry(fname='C:\\Windows\\Fonts\\trebuc.ttf', name='Trebuchet MS', style='normal', variant='normal', weight=400, stretch='normal', size='scalable')) = 10.05
2026-08-01 18:54:48,587 [DEBUG] MainThread: findfont: score(FontEntry(fname='C:\\Windows\\Fonts\\consolai.ttf', name='Consolas', style='italic', variant='normal', weight=400, stretch='normal', size='scalable')) = 11.05
2026-08-01 18:54:48,587 [DEBUG] MainThread: findfont: score(FontEntry(fname='C:\\Windows\\Fonts\\DejaVuSerif.ttf', name='DejaVu Serif', style='normal', variant='normal', weight=400, stretch='normal', size='scalable')) = 10.05
2026-08-01 18:54:48,587 [DEBUG] MainThread: findfont: score(FontEntry(fname='C:\\Windows\\Fonts\\NotoSansArmenian-Regular.ttf', name='Noto Sans Armenian', style='normal', variant='normal', weight=400, stretch='normal', size='scalable')) = 10.05
2026-08-01 18:54:48,587 [DEBUG] MainThread: findfont: score(FontEntry(fname='C:\\Windows\\Fonts\\LiberationSansNarrow-Bold.ttf', name='Liberation Sans Narrow', style='normal', variant='normal', weight=700, stretch='condensed', size='scalable')) = 10.535
2026-08-01 18:54:48,587 [DEBUG] MainThread: findfont: score(FontEntry(fname='C:\\Windows\\Fonts\\gadugib.ttf', name='Gadugi', style='normal', variant='normal', weight=700, stretch='normal', size='scalable')) = 10.335
2026-08-01 18:54:48,587 [DEBUG] MainThread: findfont: score(FontEntry(fname='C:\\Windows\\Fonts\\symbol.ttf', name='Symbol', style='normal', variant='normal', weight=400, stretch='normal', size='scalable')) = 10.05
2026-08-01 18:54:48,587 [DEBUG] MainThread: findfont: score(FontEntry(fname='C:\\Windows\\Fonts\\Candarai.ttf', name='Candara', style='italic', variant='normal', weight=400, stretch='normal', size='scalable')) = 11.05
2026-08-01 18:54:48,587 [DEBUG] MainThread: findfont: score(FontEntry(fname='C:\\Windows\\Fonts\\bahnschrift.ttf', name='Bahnschrift', style='normal', variant='normal', weight=400, stretch='normal', size='scalable')) = 10.05
2026-08-01 18:54:48,587 [DEBUG] MainThread: findfont: score(FontEntry(fname='C:\\Windows\\Fonts\\comicbd.ttf', name='Comic Sans MS', style='normal', variant='normal', weight=700, stretch='normal', size='scalable')) = 10.335
2026-08-01 18:54:48,587 [DEBUG] MainThread: findfont: score(FontEntry(fname='C:\\Windows\\Fonts\\NotoSerifHebrew-Regular.ttf', name='Noto Serif Hebrew', style='normal', variant='normal', weight=400, stretch='normal', size='scalable')) = 10.05
2026-08-01 18:54:48,588 [DEBUG] MainThread: findfont: score(FontEntry(fname='C:\\Windows\\Fonts\\verdanaz.ttf', name='Verdana', style='italic', variant='normal', weight=700, stretch='normal', size='scalable')) = 4.971363636363637
2026-08-01 18:54:48,588 [DEBUG] MainThread: findfont: score(FontEntry(fname='C:\\Windows\\Fonts\\NotoSerif-Regular.ttf', name='Noto Serif', style='normal', variant='normal', weight=400, stretch='normal', size='scalable')) = 10.05
2026-08-01 18:54:48,588 [DEBUG] MainThread: findfont: score(FontEntry(fname='C:\\Windows\\Fonts\\LiberationSans-Regular.ttf', name='Liberation Sans', style='normal', variant='normal', weight=400, stretch='normal', size='scalable')) = 10.05
2026-08-01 18:54:48,588 [DEBUG] MainThread: findfont: score(FontEntry(fname='C:\\Windows\\Fonts\\Rubik-Italic.ttf', name='Rubik', style='italic', variant='normal', weight=400, stretch='normal', size='scalable')) = 11.05
2026-08-01 18:54:48,588 [DEBUG] MainThread: findfont: score(FontEntry(fname='C:\\Windows\\Fonts\\LatoWeb-SemiboldItalic.ttf', name='Lato', style='italic', variant='normal', weight=600, stretch='normal', size='scalable')) = 11.24
2026-08-01 18:54:48,588 [DEBUG] MainThread: findfont: score(FontEntry(fname='C:\\Windows\\Fonts\\NotoSerifGeorgian-Bold.ttf', name='Noto Serif Georgian', style='normal', variant='normal', weight=700, stretch='normal', size='scalable')) = 10.335
2026-08-01 18:54:48,588 [DEBUG] MainThread: findfont: score(FontEntry(fname='C:\\Windows\\Fonts\\segoeprb.ttf', name='Segoe Print', style='normal', variant='normal', weight=700, stretch='normal', size='scalable')) = 10.335
2026-08-01 18:54:48,588 [DEBUG] MainThread: findfont: score(FontEntry(fname='C:\\Windows\\Fonts\\LinBiolinum_RB_G.ttf', name='Linux Biolinum G', style='normal', variant='normal', weight=700, stretch='normal', size='scalable')) = 10.335
2026-08-01 18:54:48,588 [DEBUG] MainThread: findfont: score(FontEntry(fname='C:\\Windows\\Fonts\\SitkaVF.ttf', name='Sitka', style='normal', variant='normal', weight=400, stretch='normal', size='scalable')) = 10.05
2026-08-01 18:54:48,588 [DEBUG] MainThread: findfont: score(FontEntry(fname='C:\\Windows\\Fonts\\SegUIVar.ttf', name='Segoe UI Variable', style='normal', variant='normal', weight=400, stretch='normal', size='scalable')) = 10.05
2026-08-01 18:54:48,588 [DEBUG] MainThread: findfont: score(FontEntry(fname='C:\\Windows\\Fonts\\micross.ttf', name='Microsoft Sans Serif', style='normal', variant='normal', weight=400, stretch='normal', size='scalable')) = 10.05
2026-08-01 18:54:48,588 [DEBUG] MainThread: findfont: score(FontEntry(fname='C:\\Windows\\Fonts\\opens___.ttf', name='OpenSymbol', style='normal', variant='normal', weight=400, stretch='normal', size='scalable')) = 10.05
2026-08-01 18:54:48,588 [DEBUG] MainThread: findfont: score(FontEntry(fname='C:\\Windows\\Fonts\\monbaiti.ttf', name='Mongolian Baiti', style='normal', variant='normal', weight=400, stretch='normal', size='scalable')) = 10.05
2026-08-01 18:54:48,588 [DEBUG] MainThread: findfont: score(FontEntry(fname='C:\\Windows\\Fonts\\FrankRuehlCLM-Bold.otf', name='Frank Ruehl CLM', style='normal', variant='normal', weight=700, stretch='normal', size='scalable')) = 10.335
2026-08-01 18:54:48,588 [DEBUG] MainThread: findfont: score(FontEntry(fname='C:\\Windows\\Fonts\\NotoSerifGeorgian-Regular.ttf', name='Noto Serif Georgian', style='normal', variant='normal', weight=400, stretch='normal', size='scalable')) = 10.05
2026-08-01 18:54:48,588 [DEBUG] MainThread: findfont: score(FontEntry(fname='C:\\Windows\\Fonts\\NotoSerifLao-Bold.ttf', name='Noto Serif Lao', style='normal', variant='normal', weight=700, stretch='normal', size='scalable')) = 10.335
2026-08-01 18:54:48,588 [DEBUG] MainThread: findfont: score(FontEntry(fname='C:\\Windows\\Fonts\\taile.ttf', name='Microsoft Tai Le', style='normal', variant='normal', weight=400, stretch='normal', size='scalable')) = 10.05
2026-08-01 18:54:48,588 [DEBUG] MainThread: findfont: score(FontEntry(fname='C:\\Windows\\Fonts\\LinLibertine_RI_G.ttf', name='Linux Libertine G', style='italic', variant='normal', weight=400, stretch='normal', size='scalable')) = 11.05
2026-08-01 18:54:48,588 [DEBUG] MainThread: findfont: score(FontEntry(fname='C:\\Windows\\Fonts\\corbel.ttf', name='Corbel', style='normal', variant='normal', weight=400, stretch='normal', size='scalable')) = 10.05
2026-08-01 18:54:48,588 [DEBUG] MainThread: findfont: score(FontEntry(fname='C:\\Windows\\Fonts\\cambria.ttc', name='Cambria', style='normal', variant='normal', weight=400, stretch='normal', size='scalable')) = 10.05
2026-08-01 18:54:48,589 [DEBUG] MainThread: findfont: score(FontEntry(fname='C:\\Windows\\Fonts\\GenBkBasB.ttf', name='Gentium Book Basic', style='normal', variant='normal', weight=700, stretch='normal', size='scalable')) = 10.335
2026-08-01 18:54:48,589 [DEBUG] MainThread: findfont: score(FontEntry(fname='C:\\Windows\\Fonts\\cambriai.ttf', name='Cambria', style='italic', variant='normal', weight=400, stretch='normal', size='scalable')) = 11.05
2026-08-01 18:54:48,589 [DEBUG] MainThread: findfont: score(FontEntry(fname='C:\\Windows\\Fonts\\DejaVuSerifCondensed-BoldItalic.ttf', name='DejaVu Serif', style='italic', variant='normal', weight=700, stretch='condensed', size='scalable')) = 11.535
2026-08-01 18:54:48,589 [DEBUG] MainThread: findfont: score(FontEntry(fname='C:\\Windows\\Fonts\\ebrima.ttf', name='Ebrima', style='normal', variant='normal', weight=400, stretch='normal', size='scalable')) = 10.05
2026-08-01 18:54:48,589 [DEBUG] MainThread: findfont: score(FontEntry(fname='C:\\Windows\\Fonts\\LiberationSerif-Regular.ttf', name='Liberation Serif', style='normal', variant='normal', weight=400, stretch='normal', size='scalable')) = 10.05
2026-08-01 18:54:48,589 [DEBUG] MainThread: findfont: score(FontEntry(fname='C:\\Windows\\Fonts\\consola.ttf', name='Consolas', style='normal', variant='normal', weight=400, stretch='normal', size='scalable')) = 10.05
2026-08-01 18:54:48,589 [DEBUG] MainThread: findfont: score(FontEntry(fname='C:\\Windows\\Fonts\\segoeuii.ttf', name='Segoe UI', style='italic', variant='normal', weight=400, stretch='normal', size='scalable')) = 11.05
2026-08-01 18:54:48,589 [DEBUG] MainThread: findfont: score(FontEntry(fname='C:\\Windows\\Fonts\\DejaVuSerifCondensed-Italic.ttf', name='DejaVu Serif', style='italic', variant='normal', weight=400, stretch='condensed', size='scalable')) = 11.25
2026-08-01 18:54:48,589 [DEBUG] MainThread: findfont: score(FontEntry(fname='C:\\Windows\\Fonts\\LiberationSans-Bold.ttf', name='Liberation Sans', style='normal', variant='normal', weight=700, stretch='normal', size='scalable')) = 10.335
2026-08-01 18:54:48,589 [DEBUG] MainThread: findfont: score(FontEntry(fname='C:\\Windows\\Fonts\\webdings.ttf', name='Webdings', style='normal', variant='normal', weight=400, stretch='normal', size='scalable')) = 10.05
2026-08-01 18:54:48,589 [DEBUG] MainThread: findfont: score(FontEntry(fname='C:\\Windows\\Fonts\\seguili.ttf', name='Segoe UI', style='italic', variant='normal', weight=300, stretch='normal', size='scalable')) = 11.145
2026-08-01 18:54:48,589 [DEBUG] MainThread: findfont: score(FontEntry(fname='C:\\Windows\\Fonts\\DejaVuSerif-Bold.ttf', name='DejaVu Serif', style='normal', variant='normal', weight=700, stretch='normal', size='scalable')) = 10.335
2026-08-01 18:54:48,589 [DEBUG] MainThread: findfont: score(FontEntry(fname='C:\\Windows\\Fonts\\Gabriola.ttf', name='Gabriola', style='normal', variant='normal', weight=400, stretch='normal', size='scalable')) = 10.05
2026-08-01 18:54:48,589 [DEBUG] MainThread: findfont: score(FontEntry(fname='C:\\Windows\\Fonts\\AmiriQuran.ttf', name='Amiri Quran', style='normal', variant='normal', weight=400, stretch='normal', size='scalable')) = 10.05
2026-08-01 18:54:48,589 [DEBUG] MainThread: findfont: score(FontEntry(fname='C:\\Windows\\Fonts\\DavidLibre-Bold.ttf', name='David Libre', style='normal', variant='normal', weight=700, stretch='normal', size='scalable')) = 10.335
2026-08-01 18:54:48,589 [DEBUG] MainThread: findfont: score(FontEntry(fname='C:\\Windows\\Fonts\\NotoSansArmenian-Bold.ttf', name='Noto Sans Armenian', style='normal', variant='normal', weight=700, stretch='normal', size='scalable')) = 10.335
2026-08-01 18:54:48,589 [DEBUG] MainThread: findfont: score(FontEntry(fname='C:\\Windows\\Fonts\\LeelawUI.ttf', name='Leelawadee UI', style='normal', variant='normal', weight=400, stretch='normal', size='scalable')) = 10.05
2026-08-01 18:54:48,589 [DEBUG] MainThread: findfont: score(FontEntry(fname='C:\\Windows\\Fonts\\corbeli.ttf', name='Corbel', style='italic', variant='normal', weight=400, stretch='normal', size='scalable')) = 11.05
2026-08-01 18:54:48,590 [DEBUG] MainThread: findfont: score(FontEntry(fname='C:\\Windows\\Fonts\\taileb.ttf', name='Microsoft Tai Le', style='normal', variant='normal', weight=700, stretch='normal', size='scalable')) = 10.335
2026-08-01 18:54:48,590 [DEBUG] MainThread: findfont: score(FontEntry(fname='C:\\Windows\\Fonts\\georgia.ttf', name='Georgia', style='normal', variant='normal', weight=400, stretch='normal', size='scalable')) = 10.05
2026-08-01 18:54:48,590 [DEBUG] MainThread: findfont: score(FontEntry(fname='C:\\Windows\\Fonts\\segoeui.ttf', name='Segoe UI', style='normal', variant='normal', weight=400, stretch='normal', size='scalable')) = 10.05
2026-08-01 18:54:48,590 [DEBUG] MainThread: findfont: score(FontEntry(fname='C:\\Windows\\Fonts\\FrankRuhlHofshi-Regular.otf', name='Frank Ruhl Hofshi', style='normal', variant='normal', weight=400, stretch='normal', size='scalable')) = 10.05
2026-08-01 18:54:48,590 [DEBUG] MainThread: findfont: score(FontEntry(fname='C:\\Windows\\Fonts\\NotoSansArabic-Bold.ttf', name='Noto Sans Arabic', style='normal', variant='normal', weight=700, stretch='normal', size='scalable')) = 10.335
2026-08-01 18:54:48,590 [DEBUG] MainThread: findfont: score(FontEntry(fname='C:\\Windows\\Fonts\\DejaVuSerif-Italic.ttf', name='DejaVu Serif', style='italic', variant='normal', weight=400, stretch='normal', size='scalable')) = 11.05
2026-08-01 18:54:48,590 [DEBUG] MainThread: findfont: score(FontEntry(fname='C:\\Windows\\Fonts\\calibrib.ttf', name='Calibri', style='normal', variant='normal', weight=700, stretch='normal', size='scalable')) = 10.335
2026-08-01 18:54:48,590 [DEBUG] MainThread: findfont: score(FontEntry(fname='C:\\Windows\\Fonts\\verdana.ttf', name='Verdana', style='normal', variant='normal', weight=400, stretch='normal', size='scalable')) = 3.6863636363636365
2026-08-01 18:54:48,590 [DEBUG] MainThread: findfont: score(FontEntry(fname='C:\\Windows\\Fonts\\palai.ttf', name='Palatino Linotype', style='italic', variant='normal', weight=400, stretch='normal', size='scalable')) = 11.05
2026-08-01 18:54:48,590 [DEBUG] MainThread: findfont: score(FontEntry(fname='C:\\Windows\\Fonts\\DejaVuSans-Oblique.ttf', name='DejaVu Sans', style='oblique', variant='normal', weight=400, stretch='normal', size='scalable')) = 1.05
2026-08-01 18:54:48,590 [DEBUG] MainThread: findfont: score(FontEntry(fname='C:\\Windows\\Fonts\\DejaVuSansCondensed-Oblique.ttf', name='DejaVu Sans', style='oblique', variant='normal', weight=400, stretch='condensed', size='scalable')) = 1.25
2026-08-01 18:54:48,590 [DEBUG] MainThread: findfont: score(FontEntry(fname='C:\\Windows\\Fonts\\MiriamMonoCLM-BoldOblique.ttf', name='Miriam Mono CLM', style='oblique', variant='normal', weight=700, stretch='normal', size='scalable')) = 11.335
2026-08-01 18:54:48,590 [DEBUG] MainThread: findfont: score(FontEntry(fname='C:\\Windows\\Fonts\\NotoSerif-BoldItalic.ttf', name='Noto Serif', style='italic', variant='normal', weight=700, stretch='normal', size='scalable')) = 11.335
2026-08-01 18:54:48,591 [DEBUG] MainThread: findfont: score(FontEntry(fname='C:\\Windows\\Fonts\\LinLibertine_RZI_G.ttf', name='Linux Libertine G', style='italic', variant='normal', weight=600, stretch='normal', size='scalable')) = 11.24
2026-08-01 18:54:48,591 [DEBUG] MainThread: findfont: score(FontEntry(fname='C:\\Windows\\Fonts\\Carlito-Italic.ttf', name='Carlito', style='italic', variant='normal', weight=400, stretch='normal', size='scalable')) = 11.05
2026-08-01 18:54:48,591 [DEBUG] MainThread: findfont: score(FontEntry(fname='C:\\Windows\\Fonts\\NotoSansGeorgian-Bold.ttf', name='Noto Sans Georgian', style='normal', variant='normal', weight=700, stretch='normal', size='scalable')) = 10.335
2026-08-01 18:54:48,591 [DEBUG] MainThread: findfont: score(FontEntry(fname='C:\\Windows\\Fonts\\georgiaz.ttf', name='Georgia', style='italic', variant='normal', weight=700, stretch='normal', size='scalable')) = 11.335
2026-08-01 18:54:48,591 [DEBUG] MainThread: findfont: score(FontEntry(fname='C:\\Windows\\Fonts\\NotoSerif-Bold.ttf', name='Noto Serif', style='normal', variant='normal', weight=700, stretch='normal', size='scalable')) = 10.335
2026-08-01 18:54:48,591 [DEBUG] MainThread: findfont: score(FontEntry(fname='C:\\Windows\\Fonts\\seguibli.ttf', name='Segoe UI', style='italic', variant='normal', weight=900, stretch='normal', size='scalable')) = 11.525
2026-08-01 18:54:48,591 [DEBUG] MainThread: findfont: score(FontEntry(fname='C:\\Windows\\Fonts\\mmrtextb.ttf', name='Myanmar Text', style='normal', variant='normal', weight=700, stretch='normal', size='scalable')) = 10.335
2026-08-01 18:54:48,591 [DEBUG] MainThread: findfont: score(FontEntry(fname='C:\\Windows\\Fonts\\DejaVuSansMono-Oblique.ttf', name='DejaVu Sans Mono', style='oblique', variant='normal', weight=400, stretch='normal', size='scalable')) = 11.05
2026-08-01 18:54:48,591 [DEBUG] MainThread: findfont: score(FontEntry(fname='C:\\Windows\\Fonts\\LatoWeb-Regular.ttf', name='Lato', style='normal', variant='normal', weight=400, stretch='normal', size='scalable')) = 10.05
2026-08-01 18:54:48,591 [DEBUG] MainThread: findfont: score(FontEntry(fname='C:\\Windows\\Fonts\\ariali.ttf', name='Arial', style='italic', variant='normal', weight=400, stretch='normal', size='scalable')) = 7.413636363636363
2026-08-01 18:54:48,591 [DEBUG] MainThread: findfont: score(FontEntry(fname='C:\\Windows\\Fonts\\segoeuisl.ttf', name='Segoe UI', style='normal', variant='normal', weight=350, stretch='normal', size='scalable')) = 10.0975
2026-08-01 18:54:48,591 [DEBUG] MainThread: findfont: score(FontEntry(fname='C:\\Windows\\Fonts\\Amiri-Italic.ttf', name='Amiri', style='italic', variant='normal', weight=400, stretch='normal', size='scalable')) = 11.05
2026-08-01 18:54:48,591 [DEBUG] MainThread: findfont: score(FontEntry(fname='C:\\Windows\\Fonts\\LinLibertine_RBI_G.ttf', name='Linux Libertine G', style='italic', variant='normal', weight=700, stretch='normal', size='scalable')) = 11.335
2026-08-01 18:54:48,591 [DEBUG] MainThread: findfont: score(FontEntry(fname='C:\\Windows\\Fonts\\mingliub.ttc', name='MingLiU-ExtB', style='normal', variant='normal', weight=400, stretch='normal', size='scalable')) = 10.05
2026-08-01 18:54:48,591 [DEBUG] MainThread: findfont: score(FontEntry(fname='C:\\Windows\\Fonts\\NotoSansLisu-Regular.ttf', name='Noto Sans Lisu', style='normal', variant='normal', weight=400, stretch='normal', size='scalable')) = 10.05
2026-08-01 18:54:48,592 [DEBUG] MainThread: findfont: score(FontEntry(fname='C:\\Windows\\Fonts\\Caladea-Regular.ttf', name='Caladea', style='normal', variant='normal', weight=400, stretch='normal', size='scalable')) = 10.05
2026-08-01 18:54:48,592 [DEBUG] MainThread: findfont: score(FontEntry(fname='C:\\Windows\\Fonts\\Carlito-BoldItalic.ttf', name='Carlito', style='italic', variant='normal', weight=700, stretch='normal', size='scalable')) = 11.335
2026-08-01 18:54:48,592 [DEBUG] MainThread: findfont: score(FontEntry(fname='C:\\Windows\\Fonts\\timesbd.ttf', name='Times New Roman', style='normal', variant='normal', weight=700, stretch='normal', size='scalable')) = 10.335
2026-08-01 18:54:48,592 [DEBUG] MainThread: findfont: score(FontEntry(fname='C:\\Windows\\Fonts\\segmdl2.ttf', name='Segoe MDL2 Assets', style='normal', variant='normal', weight=400, stretch='normal', size='scalable')) = 10.05
2026-08-01 18:54:48,592 [DEBUG] MainThread: findfont: score(FontEntry(fname='C:\\Windows\\Fonts\\cambriaz.ttf', name='Cambria', style='italic', variant='normal', weight=700, stretch='normal', size='scalable')) = 11.335
2026-08-01 18:54:48,592 [DEBUG] MainThread: findfont: score(FontEntry(fname='C:\\Windows\\Fonts\\segoescb.ttf', name='Segoe Script', style='normal', variant='normal', weight=700, stretch='normal', size='scalable')) = 10.335
2026-08-01 18:54:48,592 [DEBUG] MainThread: findfont: score(FontEntry(fname='C:\\Windows\\Fonts\\NotoSans-Italic.ttf', name='Noto Sans', style='italic', variant='normal', weight=400, stretch='normal', size='scalable')) = 11.05
2026-08-01 18:54:48,592 [DEBUG] MainThread: findfont: score(FontEntry(fname='C:\\Windows\\Fonts\\seguihis.ttf', name='Segoe UI Historic', style='normal', variant='normal', weight=400, stretch='normal', size='scalable')) = 10.05
2026-08-01 18:54:48,592 [DEBUG] MainThread: findfont: score(FontEntry(fname='C:\\Windows\\Fonts\\wingding.ttf', name='Wingdings', style='normal', variant='normal', weight=400, stretch='normal', size='scalable')) = 10.05
2026-08-01 18:54:48,592 [DEBUG] MainThread: findfont: score(FontEntry(fname='C:\\Windows\\Fonts\\LiberationMono-Italic.ttf', name='Liberation Mono', style='italic', variant='normal', weight=400, stretch='normal', size='scalable')) = 11.05
2026-08-01 18:54:48,592 [DEBUG] MainThread: findfont: score(FontEntry(fname='C:\\Windows\\Fonts\\LeelaUIb.ttf', name='Leelawadee UI', style='normal', variant='normal', weight=700, stretch='normal', size='scalable')) = 10.335
2026-08-01 18:54:48,592 [DEBUG] MainThread: findfont: score(FontEntry(fname='C:\\Windows\\Fonts\\seguisbi.ttf', name='Segoe UI', style='italic', variant='normal', weight=600, stretch='normal', size='scalable')) = 11.24
2026-08-01 18:54:48,592 [DEBUG] MainThread: findfont: score(FontEntry(fname='C:\\Windows\\Fonts\\DejaVuSans-ExtraLight.ttf', name='DejaVu Sans', style='normal', variant='normal', weight=200, stretch='normal', size='scalable')) = 0.24
2026-08-01 18:54:48,592 [DEBUG] MainThread: findfont: score(FontEntry(fname='C:\\Windows\\Fonts\\phagspab.ttf', name='Microsoft PhagsPa', style='normal', variant='normal', weight=700, stretch='normal', size='scalable')) = 10.335
2026-08-01 18:54:48,592 [DEBUG] MainThread: findfont: score(FontEntry(fname='C:\\Windows\\Fonts\\georgiai.ttf', name='Georgia', style='italic', variant='normal', weight=400, stretch='normal', size='scalable')) = 11.05
2026-08-01 18:54:48,592 [DEBUG] MainThread: findfont: score(FontEntry(fname='C:\\Windows\\Fonts\\NachlieliCLM-BoldOblique.otf', name='Nachlieli CLM', style='oblique', variant='normal', weight=600, stretch='normal', size='scalable')) = 11.24
2026-08-01 18:54:48,592 [DEBUG] MainThread: findfont: score(FontEntry(fname='C:\\Windows\\Fonts\\FrankRuehlCLM-BoldOblique.otf', name='Frank Ruehl CLM', style='oblique', variant='normal', weight=700, stretch='normal', size='scalable')) = 11.335
2026-08-01 18:54:48,593 [DEBUG] MainThread: findfont: score(FontEntry(fname='C:\\Windows\\Fonts\\gadugi.ttf', name='Gadugi', style='normal', variant='normal', weight=400, stretch='normal', size='scalable')) = 10.05
2026-08-01 18:54:48,593 [DEBUG] MainThread: findfont: score(FontEntry(fname='C:\\Windows\\Fonts\\FrankRuhlHofshi-Bold.otf', name='Frank Ruhl Hofshi', style='normal', variant='normal', weight=700, stretch='normal', size='scalable')) = 10.335
2026-08-01 18:54:48,593 [DEBUG] MainThread: findfont: score(FontEntry(fname='C:\\Windows\\Fonts\\DejaVuSansMono.ttf', name='DejaVu Sans Mono', style='normal', variant='normal', weight=400, stretch='normal', size='scalable')) = 10.05
2026-08-01 18:54:48,593 [DEBUG] MainThread: findfont: score(FontEntry(fname='C:\\Windows\\Fonts\\timesbi.ttf', name='Times New Roman', style='italic', variant='normal', weight=700, stretch='normal', size='scalable')) = 11.335
2026-08-01 18:54:48,593 [DEBUG] MainThread: findfont: score(FontEntry(fname='C:\\Windows\\Fonts\\Rubik-BoldItalic.ttf', name='Rubik', style='italic', variant='normal', weight=700, stretch='normal', size='scalable')) = 11.335
2026-08-01 18:54:48,593 [DEBUG] MainThread: findfont: score(FontEntry(fname='C:\\Windows\\Fonts\\NotoNaskhArabic-Regular.ttf', name='Noto Naskh Arabic', style='normal', variant='normal', weight=400, stretch='normal', size='scalable')) = 10.05
2026-08-01 18:54:48,593 [DEBUG] MainThread: findfont: score(FontEntry(fname='C:\\Windows\\Fonts\\times.ttf', name='Times New Roman', style='normal', variant='normal', weight=400, stretch='normal', size='scalable')) = 10.05
2026-08-01 18:54:48,593 [DEBUG] MainThread: findfont: score(FontEntry(fname='C:\\Windows\\Fonts\\SegoeIcons.ttf', name='Segoe Fluent Icons', style='normal', variant='normal', weight=400, stretch='normal', size='scalable')) = 10.05
2026-08-01 18:54:48,593 [DEBUG] MainThread: findfont: score(FontEntry(fname='C:\\Windows\\Fonts\\Candaraz.ttf', name='Candara', style='italic', variant='normal', weight=700, stretch='normal', size='scalable')) = 11.335
2026-08-01 18:54:48,593 [DEBUG] MainThread: findfont: score(FontEntry(fname='C:\\Windows\\Fonts\\NotoSans-Bold.ttf', name='Noto Sans', style='normal', variant='normal', weight=700, stretch='normal', size='scalable')) = 10.335
2026-08-01 18:54:48,593 [DEBUG] MainThread: findfont: score(FontEntry(fname='C:\\Windows\\Fonts\\NotoSansLao-Bold.ttf', name='Noto Sans Lao', style='normal', variant='normal', weight=700, stretch='normal', size='scalable')) = 10.335
2026-08-01 18:54:48,593 [DEBUG] MainThread: findfont: score(FontEntry(fname='C:\\Windows\\Fonts\\LiberationSerif-Bold.ttf', name='Liberation Serif', style='normal', variant='normal', weight=700, stretch='normal', size='scalable')) = 10.335
2026-08-01 18:54:48,593 [DEBUG] MainThread: findfont: score(FontEntry(fname='C:\\Windows\\Fonts\\constan.ttf', name='Constantia', style='normal', variant='normal', weight=400, stretch='normal', size='scalable')) = 10.05
2026-08-01 18:54:48,593 [DEBUG] MainThread: findfont: score(FontEntry(fname='C:\\Windows\\Fonts\\NotoSansGeorgian-Regular.ttf', name='Noto Sans Georgian', style='normal', variant='normal', weight=400, stretch='normal', size='scalable')) = 10.05
2026-08-01 18:54:48,593 [DEBUG] MainThread: findfont: score(FontEntry(fname='C:\\Windows\\Fonts\\LinBiolinum_RI_G.ttf', name='Linux Biolinum G', style='italic', variant='normal', weight=400, stretch='normal', size='scalable')) = 11.05
2026-08-01 18:54:48,594 [DEBUG] MainThread: findfont: score(FontEntry(fname='C:\\Windows\\Fonts\\LinLibertine_R_G.ttf', name='Linux Libertine G', style='normal', variant='normal', weight=400, stretch='normal', size='scalable')) = 10.05
2026-08-01 18:54:48,594 [DEBUG] MainThread: findfont: score(FontEntry(fname='C:\\Windows\\Fonts\\seguisli.ttf', name='Segoe UI', style='italic', variant='normal', weight=350, stretch='normal', size='scalable')) = 11.0975
2026-08-01 18:54:48,594 [DEBUG] MainThread: findfont: score(FontEntry(fname='C:\\Windows\\Fonts\\arialbi.ttf', name='Arial', style='italic', variant='normal', weight=700, stretch='normal', size='scalable')) = 7.698636363636363
2026-08-01 18:54:48,594 [DEBUG] MainThread: findfont: score(FontEntry(fname='C:\\Windows\\Fonts\\Candaral.ttf', name='Candara', style='normal', variant='normal', weight=400, stretch='normal', size='scalable')) = 10.05
2026-08-01 18:54:48,594 [DEBUG] MainThread: findfont: score(FontEntry(fname='C:\\Windows\\Fonts\\simsun.ttc', name='SimSun', style='normal', variant='normal', weight=400, stretch='normal', size='scalable')) = 10.05
2026-08-01 18:54:48,594 [DEBUG] MainThread: findfont: Matching sans\-serif:style=normal:variant=normal:weight=normal:stretch=normal:size=10.0 to DejaVu Sans ('c:\\Users\\Username\\Desktop\\Folder\\Developing\\Ortez\\app\\.venv\\Lib\\site-packages\\matplotlib\\mpl-data\\fonts\\ttf\\DejaVuSans.ttf') with score of 0.050000.
2026-08-01 18:54:48,650 [DEBUG] MainThread: findfont: Matching sans\-serif:style=normal:variant=normal:weight=normal:stretch=normal:size=12.0.
2026-08-01 18:54:48,650 [DEBUG] MainThread: findfont: score(FontEntry(fname='c:\\Users\\Username\\Desktop\\Folder\\Developing\\Ortez\\app\\.venv\\Lib\\site-packages\\matplotlib\\mpl-data\\fonts\\ttf\\DejaVuSerif-BoldItalic.ttf', name='DejaVu Serif', style='italic', variant='normal', weight=700, stretch='normal', size='scalable')) = 11.335
2026-08-01 18:54:48,650 [DEBUG] MainThread: findfont: score(FontEntry(fname='c:\\Users\\Username\\Desktop\\Folder\\Developing\\Ortez\\app\\.venv\\Lib\\site-packages\\matplotlib\\mpl-data\\fonts\\ttf\\STIXSizFiveSymReg.ttf', name='STIXSizeFiveSym', style='normal', variant='normal', weight=400, stretch='normal', size='scalable')) = 10.05
2026-08-01 18:54:48,650 [DEBUG] MainThread: findfont: score(FontEntry(fname='c:\\Users\\Username\\Desktop\\Folder\\Developing\\Ortez\\app\\.venv\\Lib\\site-packages\\matplotlib\\mpl-data\\fonts\\ttf\\STIXGeneralBol.ttf', name='STIXGeneral', style='normal', variant='normal', weight=700, stretch='normal', size='scalable')) = 10.335
2026-08-01 18:54:48,650 [DEBUG] MainThread: findfont: score(FontEntry(fname='c:\\Users\\Username\\Desktop\\Folder\\Developing\\Ortez\\app\\.venv\\Lib\\site-packages\\matplotlib\\mpl-data\\fonts\\ttf\\DejaVuSerif-Italic.ttf', name='DejaVu Serif', style='italic', variant='normal', weight=400, stretch='normal', size='scalable')) = 11.05
2026-08-01 18:54:48,650 [DEBUG] MainThread: findfont: score(FontEntry(fname='c:\\Users\\Username\\Desktop\\Folder\\Developing\\Ortez\\app\\.venv\\Lib\\site-packages\\matplotlib\\mpl-data\\fonts\\ttf\\STIXGeneral.ttf', name='STIXGeneral', style='normal', variant='normal', weight=400, stretch='normal', size='scalable')) = 10.05
2026-08-01 18:54:48,650 [DEBUG] MainThread: findfont: score(FontEntry(fname='c:\\Users\\Username\\Desktop\\Folder\\Developing\\Ortez\\app\\.venv\\Lib\\site-packages\\matplotlib\\mpl-data\\fonts\\ttf\\cmsy10.ttf', name='cmsy10', style='normal', variant='normal', weight=400, stretch='normal', size='scalable')) = 10.05
2026-08-01 18:54:48,651 [DEBUG] MainThread: findfont: score(FontEntry(fname='c:\\Users\\Username\\Desktop\\Folder\\Developing\\Ortez\\app\\.venv\\Lib\\site-packages\\matplotlib\\mpl-data\\fonts\\ttf\\DejaVuSans-Oblique.ttf', name='DejaVu Sans', style='oblique', variant='normal', weight=400, stretch='normal', size='scalable')) = 1.05
2026-08-01 18:54:48,651 [DEBUG] MainThread: findfont: score(FontEntry(fname='c:\\Users\\Username\\Desktop\\Folder\\Developing\\Ortez\\app\\.venv\\Lib\\site-packages\\matplotlib\\mpl-data\\fonts\\ttf\\cmr10.ttf', name='cmr10', style='normal', variant='normal', weight=400, stretch='normal', size='scalable')) = 10.05
2026-08-01 18:54:48,651 [DEBUG] MainThread: findfont: score(FontEntry(fname='c:\\Users\\Username\\Desktop\\Folder\\Developing\\Ortez\\app\\.venv\\Lib\\site-packages\\matplotlib\\mpl-data\\fonts\\ttf\\DejaVuSansMono.ttf', name='DejaVu Sans Mono', style='normal', variant='normal', weight=400, stretch='normal', size='scalable')) = 10.05
2026-08-01 18:54:48,651 [DEBUG] MainThread: findfont: score(FontEntry(fname='c:\\Users\\Username\\Desktop\\Folder\\Developing\\Ortez\\app\\.venv\\Lib\\site-packages\\matplotlib\\mpl-data\\fonts\\ttf\\STIXSizFourSymBol.ttf', name='STIXSizeFourSym', style='normal', variant='normal', weight=700, stretch='normal', size='scalable')) = 10.335
2026-08-01 18:54:48,651 [DEBUG] MainThread: findfont: score(FontEntry(fname='c:\\Users\\Username\\Desktop\\Folder\\Developing\\Ortez\\app\\.venv\\Lib\\site-packages\\matplotlib\\mpl-data\\fonts\\ttf\\DejaVuSerif-Bold.ttf', name='DejaVu Serif', style='normal', variant='normal', weight=700, stretch='normal', size='scalable')) = 10.335
2026-08-01 18:54:48,651 [DEBUG] MainThread: findfont: score(FontEntry(fname='c:\\Users\\Username\\Desktop\\Folder\\Developing\\Ortez\\app\\.venv\\Lib\\site-packages\\matplotlib\\mpl-data\\fonts\\ttf\\STIXSizOneSymBol.ttf', name='STIXSizeOneSym', style='normal', variant='normal', weight=700, stretch='normal', size='scalable')) = 10.335
2026-08-01 18:54:48,651 [DEBUG] MainThread: findfont: score(FontEntry(fname='c:\\Users\\Username\\Desktop\\Folder\\Developing\\Ortez\\app\\.venv\\Lib\\site-packages\\matplotlib\\mpl-data\\fonts\\ttf\\STIXGeneralBolIta.ttf', name='STIXGeneral', style='italic', variant='normal', weight=700, stretch='normal', size='scalable')) = 11.335
2026-08-01 18:54:48,651 [DEBUG] MainThread: findfont: score(FontEntry(fname='c:\\Users\\Username\\Desktop\\Folder\\Developing\\Ortez\\app\\.venv\\Lib\\site-packages\\matplotlib\\mpl-data\\fonts\\ttf\\STIXSizFourSymReg.ttf', name='STIXSizeFourSym', style='normal', variant='normal', weight=400, stretch='normal', size='scalable')) = 10.05
2026-08-01 18:54:48,651 [DEBUG] MainThread: findfont: score(FontEntry(fname='c:\\Users\\Username\\Desktop\\Folder\\Developing\\Ortez\\app\\.venv\\Lib\\site-packages\\matplotlib\\mpl-data\\fonts\\ttf\\cmb10.ttf', name='cmb10', style='normal', variant='normal', weight=400, stretch='normal', size='scalable')) = 10.05
2026-08-01 18:54:48,651 [DEBUG] MainThread: findfont: score(FontEntry(fname='c:\\Users\\Username\\Desktop\\Folder\\Developing\\Ortez\\app\\.venv\\Lib\\site-packages\\matplotlib\\mpl-data\\fonts\\ttf\\DejaVuSerif.ttf', name='DejaVu Serif', style='normal', variant='normal', weight=400, stretch='normal', size='scalable')) = 10.05
2026-08-01 18:54:48,651 [DEBUG] MainThread: findfont: score(FontEntry(fname='c:\\Users\\Username\\Desktop\\Folder\\Developing\\Ortez\\app\\.venv\\Lib\\site-packages\\matplotlib\\mpl-data\\fonts\\ttf\\cmtt10.ttf', name='cmtt10', style='normal', variant='normal', weight=400, stretch='normal', size='scalable')) = 10.05
2026-08-01 18:54:48,651 [DEBUG] MainThread: findfont: score(FontEntry(fname='c:\\Users\\Username\\Desktop\\Folder\\Developing\\Ortez\\app\\.venv\\Lib\\site-packages\\matplotlib\\mpl-data\\fonts\\ttf\\cmss10.ttf', name='cmss10', style='normal', variant='normal', weight=400, stretch='normal', size='scalable')) = 10.05
2026-08-01 18:54:48,651 [DEBUG] MainThread: findfont: score(FontEntry(fname='c:\\Users\\Username\\Desktop\\Folder\\Developing\\Ortez\\app\\.venv\\Lib\\site-packages\\matplotlib\\mpl-data\\fonts\\ttf\\STIXNonUni.ttf', name='STIXNonUnicode', style='normal', variant='normal', weight=400, stretch='normal', size='scalable')) = 10.05
2026-08-01 18:54:48,651 [DEBUG] MainThread: findfont: score(FontEntry(fname='c:\\Users\\Username\\Desktop\\Folder\\Developing\\Ortez\\app\\.venv\\Lib\\site-packages\\matplotlib\\mpl-data\\fonts\\ttf\\DejaVuSansDisplay.ttf', name='DejaVu Sans Display', style='normal', variant='normal', weight=400, stretch='normal', size='scalable')) = 10.05
2026-08-01 18:54:48,651 [DEBUG] MainThread: findfont: score(FontEntry(fname='c:\\Users\\Username\\Desktop\\Folder\\Developing\\Ortez\\app\\.venv\\Lib\\site-packages\\matplotlib\\mpl-data\\fonts\\ttf\\DejaVuSansMono-BoldOblique.ttf', name='DejaVu Sans Mono', style='oblique', variant='normal', weight=700, stretch='normal', size='scalable')) = 11.335
2026-08-01 18:54:48,651 [DEBUG] MainThread: findfont: score(FontEntry(fname='c:\\Users\\Username\\Desktop\\Folder\\Developing\\Ortez\\app\\.venv\\Lib\\site-packages\\matplotlib\\mpl-data\\fonts\\ttf\\STIXSizThreeSymBol.ttf', name='STIXSizeThreeSym', style='normal', variant='normal', weight=700, stretch='normal', size='scalable')) = 10.335
2026-08-01 18:54:48,651 [DEBUG] MainThread: findfont: score(FontEntry(fname='c:\\Users\\Username\\Desktop\\Folder\\Developing\\Ortez\\app\\.venv\\Lib\\site-packages\\matplotlib\\mpl-data\\fonts\\ttf\\DejaVuSans.ttf', name='DejaVu Sans', style='normal', variant='normal', weight=400, stretch='normal', size='scalable')) = 0.05
2026-08-01 18:54:48,651 [DEBUG] MainThread: findfont: score(FontEntry(fname='c:\\Users\\Username\\Desktop\\Folder\\Developing\\Ortez\\app\\.venv\\Lib\\site-packages\\matplotlib\\mpl-data\\fonts\\ttf\\STIXNonUniIta.ttf', name='STIXNonUnicode', style='italic', variant='normal', weight=400, stretch='normal', size='scalable')) = 11.05
2026-08-01 18:54:48,651 [DEBUG] MainThread: findfont: score(FontEntry(fname='c:\\Users\\Username\\Desktop\\Folder\\Developing\\Ortez\\app\\.venv\\Lib\\site-packages\\matplotlib\\mpl-data\\fonts\\ttf\\DejaVuSans-BoldOblique.ttf', name='DejaVu Sans', style='oblique', variant='normal', weight=700, stretch='normal', size='scalable')) = 1.335
2026-08-01 18:54:48,651 [DEBUG] MainThread: findfont: score(FontEntry(fname='c:\\Users\\Username\\Desktop\\Folder\\Developing\\Ortez\\app\\.venv\\Lib\\site-packages\\matplotlib\\mpl-data\\fonts\\ttf\\STIXGeneralItalic.ttf', name='STIXGeneral', style='italic', variant='normal', weight=400, stretch='normal', size='scalable')) = 11.05
2026-08-01 18:54:48,652 [DEBUG] MainThread: findfont: score(FontEntry(fname='c:\\Users\\Username\\Desktop\\Folder\\Developing\\Ortez\\app\\.venv\\Lib\\site-packages\\matplotlib\\mpl-data\\fonts\\ttf\\DejaVuSansMono-Oblique.ttf', name='DejaVu Sans Mono', style='oblique', variant='normal', weight=400, stretch='normal', size='scalable')) = 11.05
2026-08-01 18:54:48,652 [DEBUG] MainThread: findfont: score(FontEntry(fname='c:\\Users\\Username\\Desktop\\Folder\\Developing\\Ortez\\app\\.venv\\Lib\\site-packages\\matplotlib\\mpl-data\\fonts\\ttf\\STIXSizTwoSymReg.ttf', name='STIXSizeTwoSym', style='normal', variant='normal', weight=400, stretch='normal', size='scalable')) = 10.05
2026-08-01 18:54:48,652 [DEBUG] MainThread: findfont: score(FontEntry(fname='c:\\Users\\Username\\Desktop\\Folder\\Developing\\Ortez\\app\\.venv\\Lib\\site-packages\\matplotlib\\mpl-data\\fonts\\ttf\\DejaVuSerifDisplay.ttf', name='DejaVu Serif Display', style='normal', variant='normal', weight=400, stretch='normal', size='scalable')) = 10.05
2026-08-01 18:54:48,652 [DEBUG] MainThread: findfont: score(FontEntry(fname='c:\\Users\\Username\\Desktop\\Folder\\Developing\\Ortez\\app\\.venv\\Lib\\site-packages\\matplotlib\\mpl-data\\fonts\\ttf\\cmex10.ttf', name='cmex10', style='normal', variant='normal', weight=400, stretch='normal', size='scalable')) = 10.05
2026-08-01 18:54:48,652 [DEBUG] MainThread: findfont: score(FontEntry(fname='c:\\Users\\Username\\Desktop\\Folder\\Developing\\Ortez\\app\\.venv\\Lib\\site-packages\\matplotlib\\mpl-data\\fonts\\ttf\\STIXSizTwoSymBol.ttf', name='STIXSizeTwoSym', style='normal', variant='normal', weight=700, stretch='normal', size='scalable')) = 10.335
2026-08-01 18:54:48,652 [DEBUG] MainThread: findfont: score(FontEntry(fname='c:\\Users\\Username\\Desktop\\Folder\\Developing\\Ortez\\app\\.venv\\Lib\\site-packages\\matplotlib\\mpl-data\\fonts\\ttf\\DejaVuSans-Bold.ttf', name='DejaVu Sans', style='normal', variant='normal', weight=700, stretch='normal', size='scalable')) = 0.33499999999999996
2026-08-01 18:54:48,652 [DEBUG] MainThread: findfont: score(FontEntry(fname='c:\\Users\\Username\\Desktop\\Folder\\Developing\\Ortez\\app\\.venv\\Lib\\site-packages\\matplotlib\\mpl-data\\fonts\\ttf\\STIXSizThreeSymReg.ttf', name='STIXSizeThreeSym', style='normal', variant='normal', weight=400, stretch='normal', size='scalable')) = 10.05
2026-08-01 18:54:48,652 [DEBUG] MainThread: findfont: score(FontEntry(fname='c:\\Users\\Username\\Desktop\\Folder\\Developing\\Ortez\\app\\.venv\\Lib\\site-packages\\matplotlib\\mpl-data\\fonts\\ttf\\STIXNonUniBol.ttf', name='STIXNonUnicode', style='normal', variant='normal', weight=700, stretch='normal', size='scalable')) = 10.335
2026-08-01 18:54:48,652 [DEBUG] MainThread: findfont: score(FontEntry(fname='c:\\Users\\Username\\Desktop\\Folder\\Developing\\Ortez\\app\\.venv\\Lib\\site-packages\\matplotlib\\mpl-data\\fonts\\ttf\\STIXNonUniBolIta.ttf', name='STIXNonUnicode', style='italic', variant='normal', weight=700, stretch='normal', size='scalable')) = 11.335
2026-08-01 18:54:48,652 [DEBUG] MainThread: findfont: score(FontEntry(fname='c:\\Users\\Username\\Desktop\\Folder\\Developing\\Ortez\\app\\.venv\\Lib\\site-packages\\matplotlib\\mpl-data\\fonts\\ttf\\DejaVuSansMono-Bold.ttf', name='DejaVu Sans Mono', style='normal', variant='normal', weight=700, stretch='normal', size='scalable')) = 10.335
2026-08-01 18:54:48,652 [DEBUG] MainThread: findfont: score(FontEntry(fname='c:\\Users\\Username\\Desktop\\Folder\\Developing\\Ortez\\app\\.venv\\Lib\\site-packages\\matplotlib\\mpl-data\\fonts\\ttf\\cmmi10.ttf', name='cmmi10', style='normal', variant='normal', weight=400, stretch='normal', size='scalable')) = 10.05
2026-08-01 18:54:48,652 [DEBUG] MainThread: findfont: score(FontEntry(fname='c:\\Users\\Username\\Desktop\\Folder\\Developing\\Ortez\\app\\.venv\\Lib\\site-packages\\matplotlib\\mpl-data\\fonts\\ttf\\STIXSizOneSymReg.ttf', name='STIXSizeOneSym', style='normal', variant='normal', weight=400, stretch='normal', size='scalable')) = 10.05
2026-08-01 18:54:48,652 [DEBUG] MainThread: findfont: score(FontEntry(fname='C:\\Windows\\Fonts\\cambriab.ttf', name='Cambria', style='normal', variant='normal', weight=700, stretch='normal', size='scalable')) = 10.335
2026-08-01 18:54:48,652 [DEBUG] MainThread: findfont: score(FontEntry(fname='C:\\Windows\\Fonts\\GenBkBasR.ttf', name='Gentium Book Basic', style='normal', variant='normal', weight=400, stretch='normal', size='scalable')) = 10.05
2026-08-01 18:54:48,652 [DEBUG] MainThread: findfont: score(FontEntry(fname='C:\\Windows\\Fonts\\framd.ttf', name='Franklin Gothic Medium', style='normal', variant='normal', weight=400, stretch='normal', size='scalable')) = 10.05
2026-08-01 18:54:48,652 [DEBUG] MainThread: findfont: score(FontEntry(fname='C:\\Windows\\Fonts\\LiberationSerif-Italic.ttf', name='Liberation Serif', style='italic', variant='normal', weight=400, stretch='normal', size='scalable')) = 11.05
2026-08-01 18:54:48,652 [DEBUG] MainThread: findfont: score(FontEntry(fname='C:\\Windows\\Fonts\\NotoSansLao-Regular.ttf', name='Noto Sans Lao', style='normal', variant='normal', weight=400, stretch='normal', size='scalable')) = 10.05
2026-08-01 18:54:48,653 [DEBUG] MainThread: findfont: score(FontEntry(fname='C:\\Windows\\Fonts\\msjhl.ttc', name='Microsoft JhengHei', style='normal', variant='normal', weight=290, stretch='normal', size='scalable')) = 10.1545
2026-08-01 18:54:48,653 [DEBUG] MainThread: findfont: score(FontEntry(fname='C:\\Windows\\Fonts\\DejaVuSansMono-Bold.ttf', name='DejaVu Sans Mono', style='normal', variant='normal', weight=700, stretch='normal', size='scalable')) = 10.335
2026-08-01 18:54:48,653 [DEBUG] MainThread: findfont: score(FontEntry(fname='C:\\Windows\\Fonts\\couri.ttf', name='Courier New', style='italic', variant='normal', weight=400, stretch='normal', size='scalable')) = 11.05
2026-08-01 18:54:48,653 [DEBUG] MainThread: findfont: score(FontEntry(fname='C:\\Windows\\Fonts\\DejaVuSansCondensed.ttf', name='DejaVu Sans', style='normal', variant='normal', weight=400, stretch='condensed', size='scalable')) = 0.25
2026-08-01 18:54:48,653 [DEBUG] MainThread: findfont: score(FontEntry(fname='C:\\Windows\\Fonts\\malgunbd.ttf', name='Malgun Gothic', style='normal', variant='normal', weight=700, stretch='normal', size='scalable')) = 10.335
2026-08-01 18:54:48,653 [DEBUG] MainThread: findfont: score(FontEntry(fname='C:\\Windows\\Fonts\\DejaVuSans-Bold.ttf', name='DejaVu Sans', style='normal', variant='normal', weight=700, stretch='normal', size='scalable')) = 0.33499999999999996
2026-08-01 18:54:48,653 [DEBUG] MainThread: findfont: score(FontEntry(fname='C:\\Windows\\Fonts\\calibrili.ttf', name='Calibri', style='italic', variant='normal', weight=300, stretch='normal', size='scalable')) = 11.145
2026-08-01 18:54:48,653 [DEBUG] MainThread: findfont: score(FontEntry(fname='C:\\Windows\\Fonts\\courbi.ttf', name='Courier New', style='italic', variant='normal', weight=700, stretch='normal', size='scalable')) = 11.335
2026-08-01 18:54:48,653 [DEBUG] MainThread: findfont: score(FontEntry(fname='C:\\Windows\\Fonts\\LatoWeb-Semibold.ttf', name='Lato', style='normal', variant='normal', weight=600, stretch='normal', size='scalable')) = 10.24
2026-08-01 18:54:48,653 [DEBUG] MainThread: findfont: score(FontEntry(fname='C:\\Windows\\Fonts\\SansSerifCollection.ttf', name='Sans Serif Collection', style='normal', variant='normal', weight=400, stretch='normal', size='scalable')) = 10.05
2026-08-01 18:54:48,653 [DEBUG] MainThread: findfont: score(FontEntry(fname='C:\\Windows\\Fonts\\NachlieliCLM-Bold.otf', name='Nachlieli CLM', style='normal', variant='normal', weight=600, stretch='normal', size='scalable')) = 10.24
2026-08-01 18:54:48,653 [DEBUG] MainThread: findfont: score(FontEntry(fname='C:\\Windows\\Fonts\\YuGothM.ttc', name='Yu Gothic', style='normal', variant='normal', weight=500, stretch='normal', size='scalable')) = 10.145
2026-08-01 18:54:48,653 [DEBUG] MainThread: findfont: score(FontEntry(fname='C:\\Windows\\Fonts\\corbelli.ttf', name='Corbel', style='italic', variant='normal', weight=300, stretch='normal', size='scalable')) = 11.145
2026-08-01 18:54:48,653 [DEBUG] MainThread: findfont: score(FontEntry(fname='C:\\Windows\\Fonts\\Nirmala.ttc', name='Nirmala UI', style='normal', variant='normal', weight=400, stretch='normal', size='scalable')) = 10.05
2026-08-01 18:54:48,653 [DEBUG] MainThread: findfont: score(FontEntry(fname='C:\\Windows\\Fonts\\calibrii.ttf', name='Calibri', style='italic', variant='normal', weight=400, stretch='normal', size='scalable')) = 11.05
2026-08-01 18:54:48,653 [DEBUG] MainThread: findfont: score(FontEntry(fname='C:\\Windows\\Fonts\\msjh.ttc', name='Microsoft JhengHei', style='normal', variant='normal', weight=400, stretch='normal', size='scalable')) = 10.05
2026-08-01 18:54:48,653 [DEBUG] MainThread: findfont: score(FontEntry(fname='C:\\Windows\\Fonts\\NotoKufiArabic-Regular.ttf', name='Noto Kufi Arabic', style='normal', variant='normal', weight=400, stretch='normal', size='scalable')) = 10.05
2026-08-01 18:54:48,653 [DEBUG] MainThread: findfont: score(FontEntry(fname='C:\\Windows\\Fonts\\msyhl.ttc', name='Microsoft YaHei', style='normal', variant='normal', weight=290, stretch='normal', size='scalable')) = 10.1545
2026-08-01 18:54:48,653 [DEBUG] MainThread: findfont: score(FontEntry(fname='C:\\Windows\\Fonts\\DejaVuSansCondensed-Bold.ttf', name='DejaVu Sans', style='normal', variant='normal', weight=700, stretch='condensed', size='scalable')) = 0.5349999999999999
2026-08-01 18:54:48,654 [DEBUG] MainThread: findfont: score(FontEntry(fname='C:\\Windows\\Fonts\\segoepr.ttf', name='Segoe Print', style='normal', variant='normal', weight=400, stretch='normal', size='scalable')) = 10.05
2026-08-01 18:54:48,654 [DEBUG] MainThread: findfont: score(FontEntry(fname='C:\\Windows\\Fonts\\georgiab.ttf', name='Georgia', style='normal', variant='normal', weight=700, stretch='normal', size='scalable')) = 10.335
2026-08-01 18:54:48,654 [DEBUG] MainThread: findfont: score(FontEntry(fname='C:\\Windows\\Fonts\\ntailu.ttf', name='Microsoft New Tai Lue', style='normal', variant='normal', weight=400, stretch='normal', size='scalable')) = 10.05
2026-08-01 18:54:48,654 [DEBUG] MainThread: findfont: score(FontEntry(fname='C:\\Windows\\Fonts\\LiberationMono-Regular.ttf', name='Liberation Mono', style='normal', variant='normal', weight=400, stretch='normal', size='scalable')) = 10.05
2026-08-01 18:54:48,654 [DEBUG] MainThread: findfont: score(FontEntry(fname='C:\\Windows\\Fonts\\consolaz.ttf', name='Consolas', style='italic', variant='normal', weight=700, stretch='normal', size='scalable')) = 11.335
2026-08-01 18:54:48,654 [DEBUG] MainThread: findfont: score(FontEntry(fname='C:\\Windows\\Fonts\\Rubik-Bold.ttf', name='Rubik', style='normal', variant='normal', weight=700, stretch='normal', size='scalable')) = 10.335
2026-08-01 18:54:48,654 [DEBUG] MainThread: findfont: score(FontEntry(fname='C:\\Windows\\Fonts\\corbelb.ttf', name='Corbel', style='normal', variant='normal', weight=700, stretch='normal', size='scalable')) = 10.335
2026-08-01 18:54:48,654 [DEBUG] MainThread: findfont: score(FontEntry(fname='C:\\Windows\\Fonts\\NotoSans-BoldItalic.ttf', name='Noto Sans', style='italic', variant='normal', weight=700, stretch='normal', size='scalable')) = 11.335
2026-08-01 18:54:48,654 [DEBUG] MainThread: findfont: score(FontEntry(fname='C:\\Windows\\Fonts\\courbd.ttf', name='Courier New', style='normal', variant='normal', weight=700, stretch='normal', size='scalable')) = 10.335
2026-08-01 18:54:48,654 [DEBUG] MainThread: findfont: score(FontEntry(fname='C:\\Windows\\Fonts\\Rubik-Regular.ttf', name='Rubik', style='normal', variant='normal', weight=400, stretch='normal', size='scalable')) = 10.05
2026-08-01 18:54:48,654 [DEBUG] MainThread: findfont: score(FontEntry(fname='C:\\Windows\\Fonts\\malgunsl.ttf', name='Malgun Gothic', style='normal', variant='normal', weight=300, stretch='normal', size='scalable')) = 10.145
2026-08-01 18:54:48,654 [DEBUG] MainThread: findfont: score(FontEntry(fname='C:\\Windows\\Fonts\\NotoSerif-Italic.ttf', name='Noto Serif', style='italic', variant='normal', weight=400, stretch='normal', size='scalable')) = 11.05
2026-08-01 18:54:48,654 [DEBUG] MainThread: findfont: score(FontEntry(fname='C:\\Windows\\Fonts\\verdanab.ttf', name='Verdana', style='normal', variant='normal', weight=700, stretch='normal', size='scalable')) = 3.9713636363636367
2026-08-01 18:54:48,654 [DEBUG] MainThread: findfont: score(FontEntry(fname='C:\\Windows\\Fonts\\msgothic.ttc', name='MS Gothic', style='normal', variant='normal', weight=400, stretch='normal', size='scalable')) = 10.05
2026-08-01 18:54:48,654 [DEBUG] MainThread: findfont: score(FontEntry(fname='C:\\Windows\\Fonts\\seguiemj.ttf', name='Segoe UI Emoji', style='normal', variant='normal', weight=400, stretch='normal', size='scalable')) = 10.05
2026-08-01 18:54:48,654 [DEBUG] MainThread: findfont: score(FontEntry(fname='C:\\Windows\\Fonts\\DejaVuMathTeXGyre.ttf', name='DejaVu Math TeX Gyre', style='normal', variant='normal', weight=400, stretch='normal', size='scalable')) = 10.05
2026-08-01 18:54:48,654 [DEBUG] MainThread: findfont: score(FontEntry(fname='C:\\Windows\\Fonts\\LiberationSansNarrow-BoldItalic.ttf', name='Liberation Sans Narrow', style='italic', variant='normal', weight=700, stretch='condensed', size='scalable')) = 11.535
2026-08-01 18:54:48,654 [DEBUG] MainThread: findfont: score(FontEntry(fname='C:\\Windows\\Fonts\\GenBkBasBI.ttf', name='Gentium Book Basic', style='italic', variant='normal', weight=700, stretch='normal', size='scalable')) = 11.335
2026-08-01 18:54:48,654 [DEBUG] MainThread: findfont: score(FontEntry(fname='C:\\Windows\\Fonts\\comic.ttf', name='Comic Sans MS', style='normal', variant='normal', weight=400, stretch='normal', size='scalable')) = 10.05
2026-08-01 18:54:48,654 [DEBUG] MainThread: findfont: score(FontEntry(fname='C:\\Windows\\Fonts\\corbell.ttf', name='Corbel', style='normal', variant='normal', weight=300, stretch='normal', size='scalable')) = 10.145
2026-08-01 18:54:48,654 [DEBUG] MainThread: findfont: score(FontEntry(fname='C:\\Windows\\Fonts\\Scheherazade-Bold.ttf', name='Scheherazade', style='normal', variant='normal', weight=700, stretch='normal', size='scalable')) = 10.335
2026-08-01 18:54:48,655 [DEBUG] MainThread: findfont: score(FontEntry(fname='C:\\Windows\\Fonts\\DejaVuSansCondensed-BoldOblique.ttf', name='DejaVu Sans', style='oblique', variant='normal', weight=700, stretch='condensed', size='scalable')) = 1.535
2026-08-01 18:54:48,655 [DEBUG] MainThread: findfont: score(FontEntry(fname='C:\\Windows\\Fonts\\DavidCLM-Medium.otf', name='David CLM', style='normal', variant='normal', weight=500, stretch='normal', size='scalable')) = 10.145
2026-08-01 18:54:48,655 [DEBUG] MainThread: findfont: score(FontEntry(fname='C:\\Windows\\Fonts\\NotoSansLisu-Bold.ttf', name='Noto Sans Lisu', style='normal', variant='normal', weight=700, stretch='normal', size='scalable')) = 10.335
2026-08-01 18:54:48,655 [DEBUG] MainThread: findfont: score(FontEntry(fname='C:\\Windows\\Fonts\\DavidLibre-Regular.ttf', name='David Libre', style='normal', variant='normal', weight=400, stretch='normal', size='scalable')) = 10.05
2026-08-01 18:54:48,655 [DEBUG] MainThread: findfont: score(FontEntry(fname='C:\\Windows\\Fonts\\constanb.ttf', name='Constantia', style='normal', variant='normal', weight=700, stretch='normal', size='scalable')) = 10.335
2026-08-01 18:54:48,655 [DEBUG] MainThread: findfont: score(FontEntry(fname='C:\\Windows\\Fonts\\NotoSerifArmenian-Regular.ttf', name='Noto Serif Armenian', style='normal', variant='normal', weight=400, stretch='normal', size='scalable')) = 10.05
2026-08-01 18:54:48,655 [DEBUG] MainThread: findfont: score(FontEntry(fname='C:\\Windows\\Fonts\\timesi.ttf', name='Times New Roman', style='italic', variant='normal', weight=400, stretch='normal', size='scalable')) = 11.05
2026-08-01 18:54:48,655 [DEBUG] MainThread: findfont: score(FontEntry(fname='C:\\Windows\\Fonts\\comicz.ttf', name='Comic Sans MS', style='italic', variant='normal', weight=700, stretch='normal', size='scalable')) = 11.335
2026-08-01 18:54:48,655 [DEBUG] MainThread: findfont: score(FontEntry(fname='C:\\Windows\\Fonts\\SitkaVF-Italic.ttf', name='Sitka', style='italic', variant='normal', weight=400, stretch='normal', size='scalable')) = 11.05
2026-08-01 18:54:48,655 [DEBUG] MainThread: findfont: score(FontEntry(fname='C:\\Windows\\Fonts\\NotoSansHebrew-Regular.ttf', name='Noto Sans Hebrew', style='normal', variant='normal', weight=400, stretch='normal', size='scalable')) = 10.05
2026-08-01 18:54:48,655 [DEBUG] MainThread: findfont: score(FontEntry(fname='C:\\Windows\\Fonts\\NachlieliCLM-Light.otf', name='Nachlieli CLM', style='normal', variant='normal', weight=300, stretch='normal', size='scalable')) = 10.145
2026-08-01 18:54:48,655 [DEBUG] MainThread: findfont: score(FontEntry(fname='C:\\Windows\\Fonts\\NotoKufiArabic-Bold.ttf', name='Noto Kufi Arabic', style='normal', variant='normal', weight=700, stretch='normal', size='scalable')) = 10.335
2026-08-01 18:54:48,655 [DEBUG] MainThread: findfont: score(FontEntry(fname='C:\\Windows\\Fonts\\msyhbd.ttc', name='Microsoft YaHei', style='normal', variant='normal', weight=700, stretch='normal', size='scalable')) = 10.335
2026-08-01 18:54:48,655 [DEBUG] MainThread: findfont: score(FontEntry(fname='C:\\Windows\\Fonts\\comici.ttf', name='Comic Sans MS', style='italic', variant='normal', weight=400, stretch='normal', size='scalable')) = 11.05
2026-08-01 18:54:48,655 [DEBUG] MainThread: findfont: score(FontEntry(fname='C:\\Windows\\Fonts\\Amiri-Bold.ttf', name='Amiri', style='normal', variant='normal', weight=700, stretch='normal', size='scalable')) = 10.335
2026-08-01 18:54:48,655 [DEBUG] MainThread: findfont: score(FontEntry(fname='C:\\Windows\\Fonts\\MiriamMonoCLM-BookOblique.ttf', name='Miriam Mono CLM', style='oblique', variant='normal', weight=400, stretch='normal', size='scalable')) = 11.05
2026-08-01 18:54:48,655 [DEBUG] MainThread: findfont: score(FontEntry(fname='C:\\Windows\\Fonts\\MiriamCLM-Book.otf', name='Miriam CLM', style='normal', variant='normal', weight=400, stretch='normal', size='scalable')) = 10.05
2026-08-01 18:54:48,655 [DEBUG] MainThread: findfont: score(FontEntry(fname='C:\\Windows\\Fonts\\Alef-Regular.ttf', name='Alef', style='normal', variant='normal', weight=400, stretch='normal', size='scalable')) = 10.05
2026-08-01 18:54:48,655 [DEBUG] MainThread: findfont: score(FontEntry(fname='C:\\Windows\\Fonts\\MiriamMonoCLM-Bold.ttf', name='Miriam Mono CLM', style='normal', variant='normal', weight=700, stretch='normal', size='scalable')) = 10.335
2026-08-01 18:54:48,656 [DEBUG] MainThread: findfont: score(FontEntry(fname='C:\\Windows\\Fonts\\impact.ttf', name='Impact', style='normal', variant='normal', weight=400, stretch='normal', size='scalable')) = 10.05
2026-08-01 18:54:48,656 [DEBUG] MainThread: findfont: score(FontEntry(fname='C:\\Windows\\Fonts\\trebucbd.ttf', name='Trebuchet MS', style='normal', variant='normal', weight=700, stretch='normal', size='scalable')) = 10.335
2026-08-01 18:54:48,656 [DEBUG] MainThread: findfont: score(FontEntry(fname='C:\\Windows\\Fonts\\MiriamLibre-Bold.otf', name='Miriam Libre', style='normal', variant='normal', weight=700, stretch='normal', size='scalable')) = 10.335
2026-08-01 18:54:48,656 [DEBUG] MainThread: findfont: score(FontEntry(fname='C:\\Windows\\Fonts\\NotoSerifArmenian-Bold.ttf', name='Noto Serif Armenian', style='normal', variant='normal', weight=700, stretch='normal', size='scalable')) = 10.335
2026-08-01 18:54:48,656 [DEBUG] MainThread: findfont: score(FontEntry(fname='C:\\Windows\\Fonts\\LiberationSerif-BoldItalic.ttf', name='Liberation Serif', style='italic', variant='normal', weight=700, stretch='normal', size='scalable')) = 11.335
2026-08-01 18:54:48,656 [DEBUG] MainThread: findfont: score(FontEntry(fname='C:\\Windows\\Fonts\\trebucit.ttf', name='Trebuchet MS', style='italic', variant='normal', weight=400, stretch='normal', size='scalable')) = 11.05
2026-08-01 18:54:48,656 [DEBUG] MainThread: findfont: score(FontEntry(fname='C:\\Windows\\Fonts\\DavidCLM-Bold.otf', name='David CLM', style='normal', variant='normal', weight=700, stretch='normal', size='scalable')) = 10.335
2026-08-01 18:54:48,656 [DEBUG] MainThread: findfont: score(FontEntry(fname='C:\\Windows\\Fonts\\javatext.ttf', name='Javanese Text', style='normal', variant='normal', weight=400, stretch='normal', size='scalable')) = 10.05
2026-08-01 18:54:48,656 [DEBUG] MainThread: findfont: score(FontEntry(fname='C:\\Windows\\Fonts\\YuGothR.ttc', name='Yu Gothic', style='normal', variant='normal', weight=400, stretch='normal', size='scalable')) = 10.05
2026-08-01 18:54:48,656 [DEBUG] MainThread: findfont: score(FontEntry(fname='C:\\Windows\\Fonts\\FrankRuehlCLM-MediumOblique.otf', name='Frank Ruehl CLM', style='oblique', variant='normal', weight=500, stretch='normal', size='scalable')) = 11.145
2026-08-01 18:54:48,656 [DEBUG] MainThread: findfont: score(FontEntry(fname='C:\\Windows\\Fonts\\LatoWeb-BoldItalic.ttf', name='Lato', style='italic', variant='normal', weight=700, stretch='normal', size='scalable')) = 11.335
2026-08-01 18:54:48,656 [DEBUG] MainThread: findfont: score(FontEntry(fname='C:\\Windows\\Fonts\\lucon.ttf', name='Lucida Console', style='normal', variant='normal', weight=400, stretch='normal', size='scalable')) = 10.05
2026-08-01 18:54:48,656 [DEBUG] MainThread: findfont: score(FontEntry(fname='C:\\Windows\\Fonts\\LatoWeb-Italic.ttf', name='Lato', style='italic', variant='normal', weight=400, stretch='normal', size='scalable')) = 11.05
2026-08-01 18:54:48,656 [DEBUG] MainThread: findfont: score(FontEntry(fname='C:\\Windows\\Fonts\\LinBiolinum_R_G.ttf', name='Linux Biolinum G', style='normal', variant='normal', weight=400, stretch='normal', size='scalable')) = 10.05
2026-08-01 18:54:48,656 [DEBUG] MainThread: findfont: score(FontEntry(fname='C:\\Windows\\Fonts\\Caladea-BoldItalic.ttf', name='Caladea', style='italic', variant='normal', weight=700, stretch='normal', size='scalable')) = 11.335
2026-08-01 18:54:48,656 [DEBUG] MainThread: findfont: score(FontEntry(fname='C:\\Windows\\Fonts\\msjhbd.ttc', name='Microsoft JhengHei', style='normal', variant='normal', weight=700, stretch='normal', size='scalable')) = 10.335
2026-08-01 18:54:48,657 [DEBUG] MainThread: findfont: score(FontEntry(fname='C:\\Windows\\Fonts\\consolab.ttf', name='Consolas', style='normal', variant='normal', weight=700, stretch='normal', size='scalable')) = 10.335
2026-08-01 18:54:48,657 [DEBUG] MainThread: findfont: score(FontEntry(fname='C:\\Windows\\Fonts\\LiberationMono-BoldItalic.ttf', name='Liberation Mono', style='italic', variant='normal', weight=700, stretch='normal', size='scalable')) = 11.335
2026-08-01 18:54:48,657 [DEBUG] MainThread: findfont: score(FontEntry(fname='C:\\Windows\\Fonts\\constani.ttf', name='Constantia', style='italic', variant='normal', weight=400, stretch='normal', size='scalable')) = 11.05
2026-08-01 18:54:48,657 [DEBUG] MainThread: findfont: score(FontEntry(fname='C:\\Windows\\Fonts\\LiberationSans-Italic.ttf', name='Liberation Sans', style='italic', variant='normal', weight=400, stretch='normal', size='scalable')) = 11.05
2026-08-01 18:54:48,657 [DEBUG] MainThread: findfont: score(FontEntry(fname='C:\\Windows\\Fonts\\YuGothL.ttc', name='Yu Gothic', style='normal', variant='normal', weight=300, stretch='normal', size='scalable')) = 10.145
2026-08-01 18:54:48,657 [DEBUG] MainThread: findfont: score(FontEntry(fname='C:\\Windows\\Fonts\\pala.ttf', name='Palatino Linotype', style='normal', variant='normal', weight=400, stretch='normal', size='scalable')) = 10.05
2026-08-01 18:54:48,657 [DEBUG] MainThread: findfont: score(FontEntry(fname='C:\\Windows\\Fonts\\NotoSerifHebrew-Bold.ttf', name='Noto Serif Hebrew', style='normal', variant='normal', weight=700, stretch='normal', size='scalable')) = 10.335
2026-08-01 18:54:48,657 [DEBUG] MainThread: findfont: score(FontEntry(fname='C:\\Windows\\Fonts\\Amiri-BoldItalic.ttf', name='Amiri', style='italic', variant='normal', weight=700, stretch='normal', size='scalable')) = 11.335
2026-08-01 18:54:48,657 [DEBUG] MainThread: findfont: score(FontEntry(fname='C:\\Windows\\Fonts\\arial.ttf', name='Arial', style='normal', variant='normal', weight=400, stretch='normal', size='scalable')) = 6.413636363636363
2026-08-01 18:54:48,657 [DEBUG] MainThread: findfont: score(FontEntry(fname='C:\\Windows\\Fonts\\palabi.ttf', name='Palatino Linotype', style='italic', variant='normal', weight=700, stretch='normal', size='scalable')) = 11.335
2026-08-01 18:54:48,657 [DEBUG] MainThread: findfont: score(FontEntry(fname='C:\\Windows\\Fonts\\palab.ttf', name='Palatino Linotype', style='normal', variant='normal', weight=700, stretch='normal', size='scalable')) = 10.335
2026-08-01 18:54:48,657 [DEBUG] MainThread: findfont: score(FontEntry(fname='C:\\Windows\\Fonts\\tahomabd.ttf', name='Tahoma', style='normal', variant='normal', weight=700, stretch='normal', size='scalable')) = 10.335
2026-08-01 18:54:48,657 [DEBUG] MainThread: findfont: score(FontEntry(fname='C:\\Windows\\Fonts\\DejaVuSansMono-BoldOblique.ttf', name='DejaVu Sans Mono', style='oblique', variant='normal', weight=700, stretch='normal', size='scalable')) = 11.335
2026-08-01 18:54:48,657 [DEBUG] MainThread: findfont: score(FontEntry(fname='C:\\Windows\\Fonts\\Candarali.ttf', name='Candara', style='italic', variant='normal', weight=400, stretch='normal', size='scalable')) = 11.05
2026-08-01 18:54:48,657 [DEBUG] MainThread: findfont: score(FontEntry(fname='C:\\Windows\\Fonts\\LatoWeb-LightItalic.ttf', name='Lato', style='italic', variant='normal', weight=300, stretch='normal', size='scalable')) = 11.145
2026-08-01 18:54:48,658 [DEBUG] MainThread: findfont: score(FontEntry(fname='C:\\Windows\\Fonts\\Candara.ttf', name='Candara', style='normal', variant='normal', weight=400, stretch='normal', size='scalable')) = 10.05
2026-08-01 18:54:48,658 [DEBUG] MainThread: findfont: score(FontEntry(fname='C:\\Windows\\Fonts\\NotoSansArabic-Regular.ttf', name='Noto Sans Arabic', style='normal', variant='normal', weight=400, stretch='normal', size='scalable')) = 10.05
2026-08-01 18:54:48,658 [DEBUG] MainThread: findfont: score(FontEntry(fname='C:\\Windows\\Fonts\\DejaVuSans.ttf', name='DejaVu Sans', style='normal', variant='normal', weight=400, stretch='normal', size='scalable')) = 0.05
2026-08-01 18:54:48,658 [DEBUG] MainThread: findfont: score(FontEntry(fname='C:\\Windows\\Fonts\\GenBasR.ttf', name='Gentium Basic', style='normal', variant='normal', weight=400, stretch='normal', size='scalable')) = 10.05
2026-08-01 18:54:48,658 [DEBUG] MainThread: findfont: score(FontEntry(fname='C:\\Windows\\Fonts\\tahoma.ttf', name='Tahoma', style='normal', variant='normal', weight=400, stretch='normal', size='scalable')) = 10.05
2026-08-01 18:54:48,658 [DEBUG] MainThread: findfont: score(FontEntry(fname='C:\\Windows\\Fonts\\SimsunExtG.ttf', name='SimSun-ExtG', style='normal', variant='normal', weight=400, stretch='normal', size='scalable')) = 10.05
2026-08-01 18:54:48,658 [DEBUG] MainThread: findfont: score(FontEntry(fname='C:\\Windows\\Fonts\\segoesc.ttf', name='Segoe Script', style='normal', variant='normal', weight=400, stretch='normal', size='scalable')) = 10.05
2026-08-01 18:54:48,658 [DEBUG] MainThread: findfont: score(FontEntry(fname='C:\\Windows\\Fonts\\segoeuiz.ttf', name='Segoe UI', style='italic', variant='normal', weight=700, stretch='normal', size='scalable')) = 11.335
2026-08-01 18:54:48,658 [DEBUG] MainThread: findfont: score(FontEntry(fname='C:\\Windows\\Fonts\\DejaVuSans-BoldOblique.ttf', name='DejaVu Sans', style='oblique', variant='normal', weight=700, stretch='normal', size='scalable')) = 1.335
2026-08-01 18:54:48,658 [DEBUG] MainThread: findfont: score(FontEntry(fname='C:\\Windows\\Fonts\\phagspa.ttf', name='Microsoft PhagsPa', style='normal', variant='normal', weight=400, stretch='normal', size='scalable')) = 10.05
2026-08-01 18:54:48,658 [DEBUG] MainThread: findfont: score(FontEntry(fname='C:\\Windows\\Fonts\\himalaya.ttf', name='Microsoft Himalaya', style='normal', variant='normal', weight=400, stretch='normal', size='scalable')) = 10.05
2026-08-01 18:54:48,658 [DEBUG] MainThread: findfont: score(FontEntry(fname='C:\\Windows\\Fonts\\GenBasI.ttf', name='Gentium Basic', style='italic', variant='normal', weight=400, stretch='normal', size='scalable')) = 11.05
2026-08-01 18:54:48,658 [DEBUG] MainThread: findfont: score(FontEntry(fname='C:\\Windows\\Fonts\\LinLibertine_DR_G.ttf', name='Linux Libertine Display G', style='normal', variant='normal', weight=400, stretch='normal', size='scalable')) = 10.05
2026-08-01 18:54:48,658 [DEBUG] MainThread: findfont: score(FontEntry(fname='C:\\Windows\\Fonts\\l_10646.ttf', name='Lucida Sans Unicode', style='normal', variant='normal', weight=400, stretch='normal', size='scalable')) = 10.05
2026-08-01 18:54:48,658 [DEBUG] MainThread: findfont: score(FontEntry(fname='C:\\Windows\\Fonts\\msyh.ttc', name='Microsoft YaHei', style='normal', variant='normal', weight=400, stretch='normal', size='scalable')) = 10.05
2026-08-01 18:54:48,658 [DEBUG] MainThread: findfont: score(FontEntry(fname='C:\\Windows\\Fonts\\mmrtext.ttf', name='Myanmar Text', style='normal', variant='normal', weight=400, stretch='normal', size='scalable')) = 10.05
2026-08-01 18:54:48,658 [DEBUG] MainThread: findfont: score(FontEntry(fname='C:\\Windows\\Fonts\\LinLibertine_RB_G.ttf', name='Linux Libertine G', style='normal', variant='normal', weight=700, stretch='normal', size='scalable')) = 10.335
2026-08-01 18:54:48,659 [DEBUG] MainThread: findfont: score(FontEntry(fname='C:\\Windows\\Fonts\\FrankRuehlCLM-Medium.otf', name='Frank Ruehl CLM', style='normal', variant='normal', weight=500, stretch='normal', size='scalable')) = 10.145
2026-08-01 18:54:48,659 [DEBUG] MainThread: findfont: score(FontEntry(fname='C:\\Windows\\Fonts\\DejaVuSerifCondensed-Bold.ttf', name='DejaVu Serif', style='normal', variant='normal', weight=700, stretch='condensed', size='scalable')) = 10.535
2026-08-01 18:54:48,659 [DEBUG] MainThread: findfont: score(FontEntry(fname='C:\\Windows\\Fonts\\LinLibertine_RZ_G.ttf', name='Linux Libertine G', style='normal', variant='normal', weight=600, stretch='normal', size='scalable')) = 10.24
2026-08-01 18:54:48,659 [DEBUG] MainThread: findfont: score(FontEntry(fname='C:\\Windows\\Fonts\\Caladea-Bold.ttf', name='Caladea', style='normal', variant='normal', weight=700, stretch='normal', size='scalable')) = 10.335
2026-08-01 18:54:48,659 [DEBUG] MainThread: findfont: score(FontEntry(fname='C:\\Windows\\Fonts\\ebrimabd.ttf', name='Ebrima', style='normal', variant='normal', weight=700, stretch='normal', size='scalable')) = 10.335
2026-08-01 18:54:48,659 [DEBUG] MainThread: findfont: score(FontEntry(fname='C:\\Windows\\Fonts\\LiberationMono-Bold.ttf', name='Liberation Mono', style='normal', variant='normal', weight=700, stretch='normal', size='scalable')) = 10.335
2026-08-01 18:54:48,659 [DEBUG] MainThread: findfont: score(FontEntry(fname='C:\\Windows\\Fonts\\GenBasBI.ttf', name='Gentium Basic', style='italic', variant='normal', weight=700, stretch='normal', size='scalable')) = 11.335
2026-08-01 18:54:48,659 [DEBUG] MainThread: findfont: score(FontEntry(fname='C:\\Windows\\Fonts\\LatoWeb-Bold.ttf', name='Lato', style='normal', variant='normal', weight=700, stretch='normal', size='scalable')) = 10.335
2026-08-01 18:54:48,659 [DEBUG] MainThread: findfont: score(FontEntry(fname='C:\\Windows\\Fonts\\LiberationSansNarrow-Italic.ttf', name='Liberation Sans Narrow', style='italic', variant='normal', weight=400, stretch='condensed', size='scalable')) = 11.25
2026-08-01 18:54:48,659 [DEBUG] MainThread: findfont: score(FontEntry(fname='C:\\Windows\\Fonts\\NotoNaskhArabic-Bold.ttf', name='Noto Naskh Arabic', style='normal', variant='normal', weight=700, stretch='normal', size='scalable')) = 10.335
2026-08-01 18:54:48,659 [DEBUG] MainThread: findfont: score(FontEntry(fname='C:\\Windows\\Fonts\\LatoWeb-Light.ttf', name='Lato', style='normal', variant='normal', weight=300, stretch='normal', size='scalable')) = 10.145
2026-08-01 18:54:48,659 [DEBUG] MainThread: findfont: score(FontEntry(fname='C:\\Windows\\Fonts\\mvboli.ttf', name='MV Boli', style='normal', variant='normal', weight=400, stretch='normal', size='scalable')) = 10.05
2026-08-01 18:54:48,659 [DEBUG] MainThread: findfont: score(FontEntry(fname='C:\\Windows\\Fonts\\arialbd.ttf', name='Arial', style='normal', variant='normal', weight=700, stretch='normal', size='scalable')) = 6.698636363636363
2026-08-01 18:54:48,659 [DEBUG] MainThread: findfont: score(FontEntry(fname='C:\\Windows\\Fonts\\LiberationSans-BoldItalic.ttf', name='Liberation Sans', style='italic', variant='normal', weight=700, stretch='normal', size='scalable')) = 11.335
2026-08-01 18:54:48,659 [DEBUG] MainThread: findfont: score(FontEntry(fname='C:\\Windows\\Fonts\\DavidCLM-BoldItalic.otf', name='David CLM', style='italic', variant='normal', weight=700, stretch='normal', size='scalable')) = 11.335
2026-08-01 18:54:48,659 [DEBUG] MainThread: findfont: score(FontEntry(fname='C:\\Windows\\Fonts\\Scheherazade-Regular.ttf', name='Scheherazade', style='normal', variant='normal', weight=400, stretch='normal', size='scalable')) = 10.05
2026-08-01 18:54:48,659 [DEBUG] MainThread: findfont: score(FontEntry(fname='C:\\Windows\\Fonts\\ReemKufi.ttf', name='Reem Kufi', style='normal', variant='normal', weight=400, stretch='normal', size='scalable')) = 10.05
2026-08-01 18:54:48,659 [DEBUG] MainThread: findfont: score(FontEntry(fname='C:\\Windows\\Fonts\\ntailub.ttf', name='Microsoft New Tai Lue', style='normal', variant='normal', weight=700, stretch='normal', size='scalable')) = 10.335
2026-08-01 18:54:48,659 [DEBUG] MainThread: findfont: score(FontEntry(fname='C:\\Windows\\Fonts\\cour.ttf', name='Courier New', style='normal', variant='normal', weight=400, stretch='normal', size='scalable')) = 10.05
2026-08-01 18:54:48,659 [DEBUG] MainThread: findfont: score(FontEntry(fname='C:\\Windows\\Fonts\\Carlito-Regular.ttf', name='Carlito', style='normal', variant='normal', weight=400, stretch='normal', size='scalable')) = 10.05
2026-08-01 18:54:48,660 [DEBUG] MainThread: findfont: score(FontEntry(fname='C:\\Windows\\Fonts\\Candarab.ttf', name='Candara', style='normal', variant='normal', weight=700, stretch='normal', size='scalable')) = 10.335
2026-08-01 18:54:48,660 [DEBUG] MainThread: findfont: score(FontEntry(fname='C:\\Windows\\Fonts\\Amiri-Regular.ttf', name='Amiri', style='normal', variant='normal', weight=400, stretch='normal', size='scalable')) = 10.05
2026-08-01 18:54:48,660 [DEBUG] MainThread: findfont: score(FontEntry(fname='C:\\Windows\\Fonts\\verdanai.ttf', name='Verdana', style='italic', variant='normal', weight=400, stretch='normal', size='scalable')) = 4.6863636363636365
2026-08-01 18:54:48,660 [DEBUG] MainThread: findfont: score(FontEntry(fname='C:\\Windows\\Fonts\\GenBasB.ttf', name='Gentium Basic', style='normal', variant='normal', weight=700, stretch='normal', size='scalable')) = 10.335
2026-08-01 18:54:48,660 [DEBUG] MainThread: findfont: score(FontEntry(fname='C:\\Windows\\Fonts\\simsunb.ttf', name='SimSun-ExtB', style='normal', variant='normal', weight=400, stretch='normal', size='scalable')) = 10.05
2026-08-01 18:54:48,660 [DEBUG] MainThread: findfont: score(FontEntry(fname='C:\\Windows\\Fonts\\segoeuib.ttf', name='Segoe UI', style='normal', variant='normal', weight=700, stretch='normal', size='scalable')) = 10.335
2026-08-01 18:54:48,660 [DEBUG] MainThread: findfont: score(FontEntry(fname='C:\\Windows\\Fonts\\DejaVuSerif-BoldItalic.ttf', name='DejaVu Serif', style='italic', variant='normal', weight=700, stretch='normal', size='scalable')) = 11.335
2026-08-01 18:54:48,660 [DEBUG] MainThread: findfont: score(FontEntry(fname='C:\\Windows\\Fonts\\MiriamCLM-Bold.otf', name='Miriam CLM', style='normal', variant='normal', weight=700, stretch='normal', size='scalable')) = 10.335
2026-08-01 18:54:48,660 [DEBUG] MainThread: findfont: score(FontEntry(fname='C:\\Windows\\Fonts\\Alef-Bold.ttf', name='Alef', style='normal', variant='normal', weight=700, stretch='normal', size='scalable')) = 10.335
2026-08-01 18:54:48,660 [DEBUG] MainThread: findfont: score(FontEntry(fname='C:\\Windows\\Fonts\\Caladea-Italic.ttf', name='Caladea', style='italic', variant='normal', weight=400, stretch='normal', size='scalable')) = 11.05
2026-08-01 18:54:48,660 [DEBUG] MainThread: findfont: score(FontEntry(fname='C:\\Windows\\Fonts\\LeelUIsl.ttf', name='Leelawadee UI', style='normal', variant='normal', weight=350, stretch='normal', size='scalable')) = 10.0975
2026-08-01 18:54:48,660 [DEBUG] MainThread: findfont: score(FontEntry(fname='C:\\Windows\\Fonts\\seguibl.ttf', name='Segoe UI', style='normal', variant='normal', weight=900, stretch='normal', size='scalable')) = 10.525
2026-08-01 18:54:48,660 [DEBUG] MainThread: findfont: score(FontEntry(fname='C:\\Windows\\Fonts\\GenBkBasI.ttf', name='Gentium Book Basic', style='italic', variant='normal', weight=400, stretch='normal', size='scalable')) = 11.05
2026-08-01 18:54:48,660 [DEBUG] MainThread: findfont: score(FontEntry(fname='C:\\Windows\\Fonts\\LiberationSansNarrow-Regular.ttf', name='Liberation Sans Narrow', style='normal', variant='normal', weight=400, stretch='condensed', size='scalable')) = 10.25
2026-08-01 18:54:48,660 [DEBUG] MainThread: findfont: score(FontEntry(fname='C:\\Windows\\Fonts\\Carlito-Bold.ttf', name='Carlito', style='normal', variant='normal', weight=700, stretch='normal', size='scalable')) = 10.335
2026-08-01 18:54:48,660 [DEBUG] MainThread: findfont: score(FontEntry(fname='C:\\Windows\\Fonts\\malgun.ttf', name='Malgun Gothic', style='normal', variant='normal', weight=400, stretch='normal', size='scalable')) = 10.05
2026-08-01 18:54:48,660 [DEBUG] MainThread: findfont: score(FontEntry(fname='C:\\Windows\\Fonts\\segoeuil.ttf', name='Segoe UI', style='normal', variant='normal', weight=300, stretch='normal', size='scalable')) = 10.145
2026-08-01 18:54:48,660 [DEBUG] MainThread: findfont: score(FontEntry(fname='C:\\Windows\\Fonts\\calibril.ttf', name='Calibri', style='normal', variant='normal', weight=300, stretch='normal', size='scalable')) = 10.145
2026-08-01 18:54:48,661 [DEBUG] MainThread: findfont: score(FontEntry(fname='C:\\Windows\\Fonts\\corbelz.ttf', name='Corbel', style='italic', variant='normal', weight=700, stretch='normal', size='scalable')) = 11.335
2026-08-01 18:54:48,661 [DEBUG] MainThread: findfont: score(FontEntry(fname='C:\\Windows\\Fonts\\Inkfree.ttf', name='Ink Free', style='normal', variant='normal', weight=400, stretch='normal', size='scalable')) = 10.05
2026-08-01 18:54:48,661 [DEBUG] MainThread: findfont: score(FontEntry(fname='C:\\Windows\\Fonts\\NotoSans-Regular.ttf', name='Noto Sans', style='normal', variant='normal', weight=400, stretch='normal', size='scalable')) = 10.05
2026-08-01 18:54:48,661 [DEBUG] MainThread: findfont: score(FontEntry(fname='C:\\Windows\\Fonts\\sylfaen.ttf', name='Sylfaen', style='normal', variant='normal', weight=400, stretch='normal', size='scalable')) = 10.05
2026-08-01 18:54:48,661 [DEBUG] MainThread: findfont: score(FontEntry(fname='C:\\Windows\\Fonts\\calibri.ttf', name='Calibri', style='normal', variant='normal', weight=400, stretch='normal', size='scalable')) = 10.05
2026-08-01 18:54:48,661 [DEBUG] MainThread: findfont: score(FontEntry(fname='C:\\Windows\\Fonts\\MiriamMonoCLM-Book.ttf', name='Miriam Mono CLM', style='normal', variant='normal', weight=400, stretch='normal', size='scalable')) = 10.05
2026-08-01 18:54:48,661 [DEBUG] MainThread: findfont: score(FontEntry(fname='C:\\Windows\\Fonts\\DavidCLM-MediumItalic.otf', name='David CLM', style='italic', variant='normal', weight=500, stretch='normal', size='scalable')) = 11.145
2026-08-01 18:54:48,661 [DEBUG] MainThread: findfont: score(FontEntry(fname='C:\\Windows\\Fonts\\NotoSerifLao-Regular.ttf', name='Noto Serif Lao', style='normal', variant='normal', weight=400, stretch='normal', size='scalable')) = 10.05
2026-08-01 18:54:48,661 [DEBUG] MainThread: findfont: score(FontEntry(fname='C:\\Windows\\Fonts\\calibriz.ttf', name='Calibri', style='italic', variant='normal', weight=700, stretch='normal', size='scalable')) = 11.335
2026-08-01 18:54:48,661 [DEBUG] MainThread: findfont: score(FontEntry(fname='C:\\Windows\\Fonts\\msyi.ttf', name='Microsoft Yi Baiti', style='normal', variant='normal', weight=400, stretch='normal', size='scalable')) = 10.05
2026-08-01 18:54:48,661 [DEBUG] MainThread: findfont: score(FontEntry(fname='C:\\Windows\\Fonts\\constanz.ttf', name='Constantia', style='italic', variant='normal', weight=700, stretch='normal', size='scalable')) = 11.335
2026-08-01 18:54:48,661 [DEBUG] MainThread: findfont: score(FontEntry(fname='C:\\Windows\\Fonts\\seguisym.ttf', name='Segoe UI Symbol', style='normal', variant='normal', weight=400, stretch='normal', size='scalable')) = 10.05
2026-08-01 18:54:48,661 [DEBUG] MainThread: findfont: score(FontEntry(fname='C:\\Windows\\Fonts\\NachlieliCLM-LightOblique.otf', name='Nachlieli CLM', style='oblique', variant='normal', weight=300, stretch='normal', size='scalable')) = 11.145
2026-08-01 18:54:48,661 [DEBUG] MainThread: findfont: score(FontEntry(fname='C:\\Windows\\Fonts\\ariblk.ttf', name='Arial', style='normal', variant='normal', weight=900, stretch='normal', size='scalable')) = 6.888636363636364
2026-08-01 18:54:48,661 [DEBUG] MainThread: findfont: score(FontEntry(fname='C:\\Windows\\Fonts\\MiriamLibre-Regular.otf', name='Miriam Libre', style='normal', variant='normal', weight=400, stretch='normal', size='scalable')) = 10.05
2026-08-01 18:54:48,661 [DEBUG] MainThread: findfont: score(FontEntry(fname='C:\\Windows\\Fonts\\trebucbi.ttf', name='Trebuchet MS', style='italic', variant='normal', weight=700, stretch='normal', size='scalable')) = 11.335
2026-08-01 18:54:48,661 [DEBUG] MainThread: findfont: score(FontEntry(fname='C:\\Windows\\Fonts\\framdit.ttf', name='Franklin Gothic Medium', style='italic', variant='normal', weight=400, stretch='normal', size='scalable')) = 11.05
2026-08-01 18:54:48,661 [DEBUG] MainThread: findfont: score(FontEntry(fname='C:\\Windows\\Fonts\\DejaVuSerifCondensed.ttf', name='DejaVu Serif', style='normal', variant='normal', weight=400, stretch='condensed', size='scalable')) = 10.25
2026-08-01 18:54:48,661 [DEBUG] MainThread: findfont: score(FontEntry(fname='C:\\Windows\\Fonts\\YuGothB.ttc', name='Yu Gothic', style='normal', variant='normal', weight=700, stretch='normal', size='scalable')) = 10.335
2026-08-01 18:54:48,661 [DEBUG] MainThread: findfont: score(FontEntry(fname='C:\\Windows\\Fonts\\NotoSansHebrew-Bold.ttf', name='Noto Sans Hebrew', style='normal', variant='normal', weight=700, stretch='normal', size='scalable')) = 10.335
2026-08-01 18:54:48,662 [DEBUG] MainThread: findfont: score(FontEntry(fname='C:\\Windows\\Fonts\\seguisb.ttf', name='Segoe UI', style='normal', variant='normal', weight=600, stretch='normal', size='scalable')) = 10.24
2026-08-01 18:54:48,662 [DEBUG] MainThread: findfont: score(FontEntry(fname='C:\\Windows\\Fonts\\trebuc.ttf', name='Trebuchet MS', style='normal', variant='normal', weight=400, stretch='normal', size='scalable')) = 10.05
2026-08-01 18:54:48,662 [DEBUG] MainThread: findfont: score(FontEntry(fname='C:\\Windows\\Fonts\\consolai.ttf', name='Consolas', style='italic', variant='normal', weight=400, stretch='normal', size='scalable')) = 11.05
2026-08-01 18:54:48,662 [DEBUG] MainThread: findfont: score(FontEntry(fname='C:\\Windows\\Fonts\\DejaVuSerif.ttf', name='DejaVu Serif', style='normal', variant='normal', weight=400, stretch='normal', size='scalable')) = 10.05
2026-08-01 18:54:48,662 [DEBUG] MainThread: findfont: score(FontEntry(fname='C:\\Windows\\Fonts\\NotoSansArmenian-Regular.ttf', name='Noto Sans Armenian', style='normal', variant='normal', weight=400, stretch='normal', size='scalable')) = 10.05
2026-08-01 18:54:48,662 [DEBUG] MainThread: findfont: score(FontEntry(fname='C:\\Windows\\Fonts\\LiberationSansNarrow-Bold.ttf', name='Liberation Sans Narrow', style='normal', variant='normal', weight=700, stretch='condensed', size='scalable')) = 10.535
2026-08-01 18:54:48,662 [DEBUG] MainThread: findfont: score(FontEntry(fname='C:\\Windows\\Fonts\\gadugib.ttf', name='Gadugi', style='normal', variant='normal', weight=700, stretch='normal', size='scalable')) = 10.335
2026-08-01 18:54:48,662 [DEBUG] MainThread: findfont: score(FontEntry(fname='C:\\Windows\\Fonts\\symbol.ttf', name='Symbol', style='normal', variant='normal', weight=400, stretch='normal', size='scalable')) = 10.05
2026-08-01 18:54:48,662 [DEBUG] MainThread: findfont: score(FontEntry(fname='C:\\Windows\\Fonts\\Candarai.ttf', name='Candara', style='italic', variant='normal', weight=400, stretch='normal', size='scalable')) = 11.05
2026-08-01 18:54:48,662 [DEBUG] MainThread: findfont: score(FontEntry(fname='C:\\Windows\\Fonts\\bahnschrift.ttf', name='Bahnschrift', style='normal', variant='normal', weight=400, stretch='normal', size='scalable')) = 10.05
2026-08-01 18:54:48,662 [DEBUG] MainThread: findfont: score(FontEntry(fname='C:\\Windows\\Fonts\\comicbd.ttf', name='Comic Sans MS', style='normal', variant='normal', weight=700, stretch='normal', size='scalable')) = 10.335
2026-08-01 18:54:48,662 [DEBUG] MainThread: findfont: score(FontEntry(fname='C:\\Windows\\Fonts\\NotoSerifHebrew-Regular.ttf', name='Noto Serif Hebrew', style='normal', variant='normal', weight=400, stretch='normal', size='scalable')) = 10.05
2026-08-01 18:54:48,662 [DEBUG] MainThread: findfont: score(FontEntry(fname='C:\\Windows\\Fonts\\verdanaz.ttf', name='Verdana', style='italic', variant='normal', weight=700, stretch='normal', size='scalable')) = 4.971363636363637
2026-08-01 18:54:48,662 [DEBUG] MainThread: findfont: score(FontEntry(fname='C:\\Windows\\Fonts\\NotoSerif-Regular.ttf', name='Noto Serif', style='normal', variant='normal', weight=400, stretch='normal', size='scalable')) = 10.05
2026-08-01 18:54:48,663 [DEBUG] MainThread: findfont: score(FontEntry(fname='C:\\Windows\\Fonts\\LiberationSans-Regular.ttf', name='Liberation Sans', style='normal', variant='normal', weight=400, stretch='normal', size='scalable')) = 10.05
2026-08-01 18:54:48,663 [DEBUG] MainThread: findfont: score(FontEntry(fname='C:\\Windows\\Fonts\\Rubik-Italic.ttf', name='Rubik', style='italic', variant='normal', weight=400, stretch='normal', size='scalable')) = 11.05
2026-08-01 18:54:48,663 [DEBUG] MainThread: findfont: score(FontEntry(fname='C:\\Windows\\Fonts\\LatoWeb-SemiboldItalic.ttf', name='Lato', style='italic', variant='normal', weight=600, stretch='normal', size='scalable')) = 11.24
2026-08-01 18:54:48,663 [DEBUG] MainThread: findfont: score(FontEntry(fname='C:\\Windows\\Fonts\\NotoSerifGeorgian-Bold.ttf', name='Noto Serif Georgian', style='normal', variant='normal', weight=700, stretch='normal', size='scalable')) = 10.335
2026-08-01 18:54:48,663 [DEBUG] MainThread: findfont: score(FontEntry(fname='C:\\Windows\\Fonts\\segoeprb.ttf', name='Segoe Print', style='normal', variant='normal', weight=700, stretch='normal', size='scalable')) = 10.335
2026-08-01 18:54:48,663 [DEBUG] MainThread: findfont: score(FontEntry(fname='C:\\Windows\\Fonts\\LinBiolinum_RB_G.ttf', name='Linux Biolinum G', style='normal', variant='normal', weight=700, stretch='normal', size='scalable')) = 10.335
2026-08-01 18:54:48,663 [DEBUG] MainThread: findfont: score(FontEntry(fname='C:\\Windows\\Fonts\\SitkaVF.ttf', name='Sitka', style='normal', variant='normal', weight=400, stretch='normal', size='scalable')) = 10.05
2026-08-01 18:54:48,663 [DEBUG] MainThread: findfont: score(FontEntry(fname='C:\\Windows\\Fonts\\SegUIVar.ttf', name='Segoe UI Variable', style='normal', variant='normal', weight=400, stretch='normal', size='scalable')) = 10.05
2026-08-01 18:54:48,663 [DEBUG] MainThread: findfont: score(FontEntry(fname='C:\\Windows\\Fonts\\micross.ttf', name='Microsoft Sans Serif', style='normal', variant='normal', weight=400, stretch='normal', size='scalable')) = 10.05
2026-08-01 18:54:48,663 [DEBUG] MainThread: findfont: score(FontEntry(fname='C:\\Windows\\Fonts\\opens___.ttf', name='OpenSymbol', style='normal', variant='normal', weight=400, stretch='normal', size='scalable')) = 10.05
2026-08-01 18:54:48,663 [DEBUG] MainThread: findfont: score(FontEntry(fname='C:\\Windows\\Fonts\\monbaiti.ttf', name='Mongolian Baiti', style='normal', variant='normal', weight=400, stretch='normal', size='scalable')) = 10.05
2026-08-01 18:54:48,663 [DEBUG] MainThread: findfont: score(FontEntry(fname='C:\\Windows\\Fonts\\FrankRuehlCLM-Bold.otf', name='Frank Ruehl CLM', style='normal', variant='normal', weight=700, stretch='normal', size='scalable')) = 10.335
2026-08-01 18:54:48,663 [DEBUG] MainThread: findfont: score(FontEntry(fname='C:\\Windows\\Fonts\\NotoSerifGeorgian-Regular.ttf', name='Noto Serif Georgian', style='normal', variant='normal', weight=400, stretch='normal', size='scalable')) = 10.05
2026-08-01 18:54:48,663 [DEBUG] MainThread: findfont: score(FontEntry(fname='C:\\Windows\\Fonts\\NotoSerifLao-Bold.ttf', name='Noto Serif Lao', style='normal', variant='normal', weight=700, stretch='normal', size='scalable')) = 10.335
2026-08-01 18:54:48,663 [DEBUG] MainThread: findfont: score(FontEntry(fname='C:\\Windows\\Fonts\\taile.ttf', name='Microsoft Tai Le', style='normal', variant='normal', weight=400, stretch='normal', size='scalable')) = 10.05
2026-08-01 18:54:48,664 [DEBUG] MainThread: findfont: score(FontEntry(fname='C:\\Windows\\Fonts\\LinLibertine_RI_G.ttf', name='Linux Libertine G', style='italic', variant='normal', weight=400, stretch='normal', size='scalable')) = 11.05
2026-08-01 18:54:48,664 [DEBUG] MainThread: findfont: score(FontEntry(fname='C:\\Windows\\Fonts\\corbel.ttf', name='Corbel', style='normal', variant='normal', weight=400, stretch='normal', size='scalable')) = 10.05
2026-08-01 18:54:48,664 [DEBUG] MainThread: findfont: score(FontEntry(fname='C:\\Windows\\Fonts\\cambria.ttc', name='Cambria', style='normal', variant='normal', weight=400, stretch='normal', size='scalable')) = 10.05
2026-08-01 18:54:48,664 [DEBUG] MainThread: findfont: score(FontEntry(fname='C:\\Windows\\Fonts\\GenBkBasB.ttf', name='Gentium Book Basic', style='normal', variant='normal', weight=700, stretch='normal', size='scalable')) = 10.335
2026-08-01 18:54:48,664 [DEBUG] MainThread: findfont: score(FontEntry(fname='C:\\Windows\\Fonts\\cambriai.ttf', name='Cambria', style='italic', variant='normal', weight=400, stretch='normal', size='scalable')) = 11.05
2026-08-01 18:54:48,664 [DEBUG] MainThread: findfont: score(FontEntry(fname='C:\\Windows\\Fonts\\DejaVuSerifCondensed-BoldItalic.ttf', name='DejaVu Serif', style='italic', variant='normal', weight=700, stretch='condensed', size='scalable')) = 11.535
2026-08-01 18:54:48,664 [DEBUG] MainThread: findfont: score(FontEntry(fname='C:\\Windows\\Fonts\\ebrima.ttf', name='Ebrima', style='normal', variant='normal', weight=400, stretch='normal', size='scalable')) = 10.05
2026-08-01 18:54:48,664 [DEBUG] MainThread: findfont: score(FontEntry(fname='C:\\Windows\\Fonts\\LiberationSerif-Regular.ttf', name='Liberation Serif', style='normal', variant='normal', weight=400, stretch='normal', size='scalable')) = 10.05
2026-08-01 18:54:48,664 [DEBUG] MainThread: findfont: score(FontEntry(fname='C:\\Windows\\Fonts\\consola.ttf', name='Consolas', style='normal', variant='normal', weight=400, stretch='normal', size='scalable')) = 10.05
2026-08-01 18:54:48,664 [DEBUG] MainThread: findfont: score(FontEntry(fname='C:\\Windows\\Fonts\\segoeuii.ttf', name='Segoe UI', style='italic', variant='normal', weight=400, stretch='normal', size='scalable')) = 11.05
2026-08-01 18:54:48,664 [DEBUG] MainThread: findfont: score(FontEntry(fname='C:\\Windows\\Fonts\\DejaVuSerifCondensed-Italic.ttf', name='DejaVu Serif', style='italic', variant='normal', weight=400, stretch='condensed', size='scalable')) = 11.25
2026-08-01 18:54:48,664 [DEBUG] MainThread: findfont: score(FontEntry(fname='C:\\Windows\\Fonts\\LiberationSans-Bold.ttf', name='Liberation Sans', style='normal', variant='normal', weight=700, stretch='normal', size='scalable')) = 10.335
2026-08-01 18:54:48,664 [DEBUG] MainThread: findfont: score(FontEntry(fname='C:\\Windows\\Fonts\\webdings.ttf', name='Webdings', style='normal', variant='normal', weight=400, stretch='normal', size='scalable')) = 10.05
2026-08-01 18:54:48,664 [DEBUG] MainThread: findfont: score(FontEntry(fname='C:\\Windows\\Fonts\\seguili.ttf', name='Segoe UI', style='italic', variant='normal', weight=300, stretch='normal', size='scalable')) = 11.145
2026-08-01 18:54:48,664 [DEBUG] MainThread: findfont: score(FontEntry(fname='C:\\Windows\\Fonts\\DejaVuSerif-Bold.ttf', name='DejaVu Serif', style='normal', variant='normal', weight=700, stretch='normal', size='scalable')) = 10.335
2026-08-01 18:54:48,664 [DEBUG] MainThread: findfont: score(FontEntry(fname='C:\\Windows\\Fonts\\Gabriola.ttf', name='Gabriola', style='normal', variant='normal', weight=400, stretch='normal', size='scalable')) = 10.05
2026-08-01 18:54:48,664 [DEBUG] MainThread: findfont: score(FontEntry(fname='C:\\Windows\\Fonts\\AmiriQuran.ttf', name='Amiri Quran', style='normal', variant='normal', weight=400, stretch='normal', size='scalable')) = 10.05
2026-08-01 18:54:48,664 [DEBUG] MainThread: findfont: score(FontEntry(fname='C:\\Windows\\Fonts\\DavidLibre-Bold.ttf', name='David Libre', style='normal', variant='normal', weight=700, stretch='normal', size='scalable')) = 10.335
2026-08-01 18:54:48,664 [DEBUG] MainThread: findfont: score(FontEntry(fname='C:\\Windows\\Fonts\\NotoSansArmenian-Bold.ttf', name='Noto Sans Armenian', style='normal', variant='normal', weight=700, stretch='normal', size='scalable')) = 10.335
2026-08-01 18:54:48,665 [DEBUG] MainThread: findfont: score(FontEntry(fname='C:\\Windows\\Fonts\\LeelawUI.ttf', name='Leelawadee UI', style='normal', variant='normal', weight=400, stretch='normal', size='scalable')) = 10.05
2026-08-01 18:54:48,665 [DEBUG] MainThread: findfont: score(FontEntry(fname='C:\\Windows\\Fonts\\corbeli.ttf', name='Corbel', style='italic', variant='normal', weight=400, stretch='normal', size='scalable')) = 11.05
2026-08-01 18:54:48,665 [DEBUG] MainThread: findfont: score(FontEntry(fname='C:\\Windows\\Fonts\\taileb.ttf', name='Microsoft Tai Le', style='normal', variant='normal', weight=700, stretch='normal', size='scalable')) = 10.335
2026-08-01 18:54:48,665 [DEBUG] MainThread: findfont: score(FontEntry(fname='C:\\Windows\\Fonts\\georgia.ttf', name='Georgia', style='normal', variant='normal', weight=400, stretch='normal', size='scalable')) = 10.05
2026-08-01 18:54:48,665 [DEBUG] MainThread: findfont: score(FontEntry(fname='C:\\Windows\\Fonts\\segoeui.ttf', name='Segoe UI', style='normal', variant='normal', weight=400, stretch='normal', size='scalable')) = 10.05
2026-08-01 18:54:48,665 [DEBUG] MainThread: findfont: score(FontEntry(fname='C:\\Windows\\Fonts\\FrankRuhlHofshi-Regular.otf', name='Frank Ruhl Hofshi', style='normal', variant='normal', weight=400, stretch='normal', size='scalable')) = 10.05
2026-08-01 18:54:48,665 [DEBUG] MainThread: findfont: score(FontEntry(fname='C:\\Windows\\Fonts\\NotoSansArabic-Bold.ttf', name='Noto Sans Arabic', style='normal', variant='normal', weight=700, stretch='normal', size='scalable')) = 10.335
2026-08-01 18:54:48,665 [DEBUG] MainThread: findfont: score(FontEntry(fname='C:\\Windows\\Fonts\\DejaVuSerif-Italic.ttf', name='DejaVu Serif', style='italic', variant='normal', weight=400, stretch='normal', size='scalable')) = 11.05
2026-08-01 18:54:48,665 [DEBUG] MainThread: findfont: score(FontEntry(fname='C:\\Windows\\Fonts\\calibrib.ttf', name='Calibri', style='normal', variant='normal', weight=700, stretch='normal', size='scalable')) = 10.335
2026-08-01 18:54:48,665 [DEBUG] MainThread: findfont: score(FontEntry(fname='C:\\Windows\\Fonts\\verdana.ttf', name='Verdana', style='normal', variant='normal', weight=400, stretch='normal', size='scalable')) = 3.6863636363636365
2026-08-01 18:54:48,665 [DEBUG] MainThread: findfont: score(FontEntry(fname='C:\\Windows\\Fonts\\palai.ttf', name='Palatino Linotype', style='italic', variant='normal', weight=400, stretch='normal', size='scalable')) = 11.05
2026-08-01 18:54:48,665 [DEBUG] MainThread: findfont: score(FontEntry(fname='C:\\Windows\\Fonts\\DejaVuSans-Oblique.ttf', name='DejaVu Sans', style='oblique', variant='normal', weight=400, stretch='normal', size='scalable')) = 1.05
2026-08-01 18:54:48,665 [DEBUG] MainThread: findfont: score(FontEntry(fname='C:\\Windows\\Fonts\\DejaVuSansCondensed-Oblique.ttf', name='DejaVu Sans', style='oblique', variant='normal', weight=400, stretch='condensed', size='scalable')) = 1.25
2026-08-01 18:54:48,665 [DEBUG] MainThread: findfont: score(FontEntry(fname='C:\\Windows\\Fonts\\MiriamMonoCLM-BoldOblique.ttf', name='Miriam Mono CLM', style='oblique', variant='normal', weight=700, stretch='normal', size='scalable')) = 11.335
2026-08-01 18:54:48,665 [DEBUG] MainThread: findfont: score(FontEntry(fname='C:\\Windows\\Fonts\\NotoSerif-BoldItalic.ttf', name='Noto Serif', style='italic', variant='normal', weight=700, stretch='normal', size='scalable')) = 11.335
2026-08-01 18:54:48,665 [DEBUG] MainThread: findfont: score(FontEntry(fname='C:\\Windows\\Fonts\\LinLibertine_RZI_G.ttf', name='Linux Libertine G', style='italic', variant='normal', weight=600, stretch='normal', size='scalable')) = 11.24
2026-08-01 18:54:48,665 [DEBUG] MainThread: findfont: score(FontEntry(fname='C:\\Windows\\Fonts\\Carlito-Italic.ttf', name='Carlito', style='italic', variant='normal', weight=400, stretch='normal', size='scalable')) = 11.05
2026-08-01 18:54:48,665 [DEBUG] MainThread: findfont: score(FontEntry(fname='C:\\Windows\\Fonts\\NotoSansGeorgian-Bold.ttf', name='Noto Sans Georgian', style='normal', variant='normal', weight=700, stretch='normal', size='scalable')) = 10.335
2026-08-01 18:54:48,665 [DEBUG] MainThread: findfont: score(FontEntry(fname='C:\\Windows\\Fonts\\georgiaz.ttf', name='Georgia', style='italic', variant='normal', weight=700, stretch='normal', size='scalable')) = 11.335
2026-08-01 18:54:48,666 [DEBUG] MainThread: findfont: score(FontEntry(fname='C:\\Windows\\Fonts\\NotoSerif-Bold.ttf', name='Noto Serif', style='normal', variant='normal', weight=700, stretch='normal', size='scalable')) = 10.335
2026-08-01 18:54:48,666 [DEBUG] MainThread: findfont: score(FontEntry(fname='C:\\Windows\\Fonts\\seguibli.ttf', name='Segoe UI', style='italic', variant='normal', weight=900, stretch='normal', size='scalable')) = 11.525
2026-08-01 18:54:48,666 [DEBUG] MainThread: findfont: score(FontEntry(fname='C:\\Windows\\Fonts\\mmrtextb.ttf', name='Myanmar Text', style='normal', variant='normal', weight=700, stretch='normal', size='scalable')) = 10.335
2026-08-01 18:54:48,666 [DEBUG] MainThread: findfont: score(FontEntry(fname='C:\\Windows\\Fonts\\DejaVuSansMono-Oblique.ttf', name='DejaVu Sans Mono', style='oblique', variant='normal', weight=400, stretch='normal', size='scalable')) = 11.05
2026-08-01 18:54:48,666 [DEBUG] MainThread: findfont: score(FontEntry(fname='C:\\Windows\\Fonts\\LatoWeb-Regular.ttf', name='Lato', style='normal', variant='normal', weight=400, stretch='normal', size='scalable')) = 10.05
2026-08-01 18:54:48,666 [DEBUG] MainThread: findfont: score(FontEntry(fname='C:\\Windows\\Fonts\\ariali.ttf', name='Arial', style='italic', variant='normal', weight=400, stretch='normal', size='scalable')) = 7.413636363636363
2026-08-01 18:54:48,666 [DEBUG] MainThread: findfont: score(FontEntry(fname='C:\\Windows\\Fonts\\segoeuisl.ttf', name='Segoe UI', style='normal', variant='normal', weight=350, stretch='normal', size='scalable')) = 10.0975
2026-08-01 18:54:48,666 [DEBUG] MainThread: findfont: score(FontEntry(fname='C:\\Windows\\Fonts\\Amiri-Italic.ttf', name='Amiri', style='italic', variant='normal', weight=400, stretch='normal', size='scalable')) = 11.05
2026-08-01 18:54:48,666 [DEBUG] MainThread: findfont: score(FontEntry(fname='C:\\Windows\\Fonts\\LinLibertine_RBI_G.ttf', name='Linux Libertine G', style='italic', variant='normal', weight=700, stretch='normal', size='scalable')) = 11.335
2026-08-01 18:54:48,666 [DEBUG] MainThread: findfont: score(FontEntry(fname='C:\\Windows\\Fonts\\mingliub.ttc', name='MingLiU-ExtB', style='normal', variant='normal', weight=400, stretch='normal', size='scalable')) = 10.05
2026-08-01 18:54:48,666 [DEBUG] MainThread: findfont: score(FontEntry(fname='C:\\Windows\\Fonts\\NotoSansLisu-Regular.ttf', name='Noto Sans Lisu', style='normal', variant='normal', weight=400, stretch='normal', size='scalable')) = 10.05
2026-08-01 18:54:48,666 [DEBUG] MainThread: findfont: score(FontEntry(fname='C:\\Windows\\Fonts\\Caladea-Regular.ttf', name='Caladea', style='normal', variant='normal', weight=400, stretch='normal', size='scalable')) = 10.05
2026-08-01 18:54:48,666 [DEBUG] MainThread: findfont: score(FontEntry(fname='C:\\Windows\\Fonts\\Carlito-BoldItalic.ttf', name='Carlito', style='italic', variant='normal', weight=700, stretch='normal', size='scalable')) = 11.335
2026-08-01 18:54:48,666 [DEBUG] MainThread: findfont: score(FontEntry(fname='C:\\Windows\\Fonts\\timesbd.ttf', name='Times New Roman', style='normal', variant='normal', weight=700, stretch='normal', size='scalable')) = 10.335
2026-08-01 18:54:48,666 [DEBUG] MainThread: findfont: score(FontEntry(fname='C:\\Windows\\Fonts\\segmdl2.ttf', name='Segoe MDL2 Assets', style='normal', variant='normal', weight=400, stretch='normal', size='scalable')) = 10.05
2026-08-01 18:54:48,666 [DEBUG] MainThread: findfont: score(FontEntry(fname='C:\\Windows\\Fonts\\cambriaz.ttf', name='Cambria', style='italic', variant='normal', weight=700, stretch='normal', size='scalable')) = 11.335
2026-08-01 18:54:48,666 [DEBUG] MainThread: findfont: score(FontEntry(fname='C:\\Windows\\Fonts\\segoescb.ttf', name='Segoe Script', style='normal', variant='normal', weight=700, stretch='normal', size='scalable')) = 10.335
2026-08-01 18:54:48,666 [DEBUG] MainThread: findfont: score(FontEntry(fname='C:\\Windows\\Fonts\\NotoSans-Italic.ttf', name='Noto Sans', style='italic', variant='normal', weight=400, stretch='normal', size='scalable')) = 11.05
2026-08-01 18:54:48,666 [DEBUG] MainThread: findfont: score(FontEntry(fname='C:\\Windows\\Fonts\\seguihis.ttf', name='Segoe UI Historic', style='normal', variant='normal', weight=400, stretch='normal', size='scalable')) = 10.05
2026-08-01 18:54:48,666 [DEBUG] MainThread: findfont: score(FontEntry(fname='C:\\Windows\\Fonts\\wingding.ttf', name='Wingdings', style='normal', variant='normal', weight=400, stretch='normal', size='scalable')) = 10.05
2026-08-01 18:54:48,666 [DEBUG] MainThread: findfont: score(FontEntry(fname='C:\\Windows\\Fonts\\LiberationMono-Italic.ttf', name='Liberation Mono', style='italic', variant='normal', weight=400, stretch='normal', size='scalable')) = 11.05
2026-08-01 18:54:48,667 [DEBUG] MainThread: findfont: score(FontEntry(fname='C:\\Windows\\Fonts\\LeelaUIb.ttf', name='Leelawadee UI', style='normal', variant='normal', weight=700, stretch='normal', size='scalable')) = 10.335
2026-08-01 18:54:48,667 [DEBUG] MainThread: findfont: score(FontEntry(fname='C:\\Windows\\Fonts\\seguisbi.ttf', name='Segoe UI', style='italic', variant='normal', weight=600, stretch='normal', size='scalable')) = 11.24
2026-08-01 18:54:48,667 [DEBUG] MainThread: findfont: score(FontEntry(fname='C:\\Windows\\Fonts\\DejaVuSans-ExtraLight.ttf', name='DejaVu Sans', style='normal', variant='normal', weight=200, stretch='normal', size='scalable')) = 0.24
2026-08-01 18:54:48,667 [DEBUG] MainThread: findfont: score(FontEntry(fname='C:\\Windows\\Fonts\\phagspab.ttf', name='Microsoft PhagsPa', style='normal', variant='normal', weight=700, stretch='normal', size='scalable')) = 10.335
2026-08-01 18:54:48,667 [DEBUG] MainThread: findfont: score(FontEntry(fname='C:\\Windows\\Fonts\\georgiai.ttf', name='Georgia', style='italic', variant='normal', weight=400, stretch='normal', size='scalable')) = 11.05
2026-08-01 18:54:48,667 [DEBUG] MainThread: findfont: score(FontEntry(fname='C:\\Windows\\Fonts\\NachlieliCLM-BoldOblique.otf', name='Nachlieli CLM', style='oblique', variant='normal', weight=600, stretch='normal', size='scalable')) = 11.24
2026-08-01 18:54:48,667 [DEBUG] MainThread: findfont: score(FontEntry(fname='C:\\Windows\\Fonts\\FrankRuehlCLM-BoldOblique.otf', name='Frank Ruehl CLM', style='oblique', variant='normal', weight=700, stretch='normal', size='scalable')) = 11.335
2026-08-01 18:54:48,667 [DEBUG] MainThread: findfont: score(FontEntry(fname='C:\\Windows\\Fonts\\gadugi.ttf', name='Gadugi', style='normal', variant='normal', weight=400, stretch='normal', size='scalable')) = 10.05
2026-08-01 18:54:48,667 [DEBUG] MainThread: findfont: score(FontEntry(fname='C:\\Windows\\Fonts\\FrankRuhlHofshi-Bold.otf', name='Frank Ruhl Hofshi', style='normal', variant='normal', weight=700, stretch='normal', size='scalable')) = 10.335
2026-08-01 18:54:48,667 [DEBUG] MainThread: findfont: score(FontEntry(fname='C:\\Windows\\Fonts\\DejaVuSansMono.ttf', name='DejaVu Sans Mono', style='normal', variant='normal', weight=400, stretch='normal', size='scalable')) = 10.05
2026-08-01 18:54:48,667 [DEBUG] MainThread: findfont: score(FontEntry(fname='C:\\Windows\\Fonts\\timesbi.ttf', name='Times New Roman', style='italic', variant='normal', weight=700, stretch='normal', size='scalable')) = 11.335
2026-08-01 18:54:48,667 [DEBUG] MainThread: findfont: score(FontEntry(fname='C:\\Windows\\Fonts\\Rubik-BoldItalic.ttf', name='Rubik', style='italic', variant='normal', weight=700, stretch='normal', size='scalable')) = 11.335
2026-08-01 18:54:48,667 [DEBUG] MainThread: findfont: score(FontEntry(fname='C:\\Windows\\Fonts\\NotoNaskhArabic-Regular.ttf', name='Noto Naskh Arabic', style='normal', variant='normal', weight=400, stretch='normal', size='scalable')) = 10.05
2026-08-01 18:54:48,667 [DEBUG] MainThread: findfont: score(FontEntry(fname='C:\\Windows\\Fonts\\times.ttf', name='Times New Roman', style='normal', variant='normal', weight=400, stretch='normal', size='scalable')) = 10.05
2026-08-01 18:54:48,667 [DEBUG] MainThread: findfont: score(FontEntry(fname='C:\\Windows\\Fonts\\SegoeIcons.ttf', name='Segoe Fluent Icons', style='normal', variant='normal', weight=400, stretch='normal', size='scalable')) = 10.05
2026-08-01 18:54:48,667 [DEBUG] MainThread: findfont: score(FontEntry(fname='C:\\Windows\\Fonts\\Candaraz.ttf', name='Candara', style='italic', variant='normal', weight=700, stretch='normal', size='scalable')) = 11.335
2026-08-01 18:54:48,667 [DEBUG] MainThread: findfont: score(FontEntry(fname='C:\\Windows\\Fonts\\NotoSans-Bold.ttf', name='Noto Sans', style='normal', variant='normal', weight=700, stretch='normal', size='scalable')) = 10.335
2026-08-01 18:54:48,667 [DEBUG] MainThread: findfont: score(FontEntry(fname='C:\\Windows\\Fonts\\NotoSansLao-Bold.ttf', name='Noto Sans Lao', style='normal', variant='normal', weight=700, stretch='normal', size='scalable')) = 10.335
2026-08-01 18:54:48,667 [DEBUG] MainThread: findfont: score(FontEntry(fname='C:\\Windows\\Fonts\\LiberationSerif-Bold.ttf', name='Liberation Serif', style='normal', variant='normal', weight=700, stretch='normal', size='scalable')) = 10.335
2026-08-01 18:54:48,667 [DEBUG] MainThread: findfont: score(FontEntry(fname='C:\\Windows\\Fonts\\constan.ttf', name='Constantia', style='normal', variant='normal', weight=400, stretch='normal', size='scalable')) = 10.05
2026-08-01 18:54:48,668 [DEBUG] MainThread: findfont: score(FontEntry(fname='C:\\Windows\\Fonts\\NotoSansGeorgian-Regular.ttf', name='Noto Sans Georgian', style='normal', variant='normal', weight=400, stretch='normal', size='scalable')) = 10.05
2026-08-01 18:54:48,668 [DEBUG] MainThread: findfont: score(FontEntry(fname='C:\\Windows\\Fonts\\LinBiolinum_RI_G.ttf', name='Linux Biolinum G', style='italic', variant='normal', weight=400, stretch='normal', size='scalable')) = 11.05
2026-08-01 18:54:48,668 [DEBUG] MainThread: findfont: score(FontEntry(fname='C:\\Windows\\Fonts\\LinLibertine_R_G.ttf', name='Linux Libertine G', style='normal', variant='normal', weight=400, stretch='normal', size='scalable')) = 10.05
2026-08-01 18:54:48,668 [DEBUG] MainThread: findfont: score(FontEntry(fname='C:\\Windows\\Fonts\\seguisli.ttf', name='Segoe UI', style='italic', variant='normal', weight=350, stretch='normal', size='scalable')) = 11.0975
2026-08-01 18:54:48,668 [DEBUG] MainThread: findfont: score(FontEntry(fname='C:\\Windows\\Fonts\\arialbi.ttf', name='Arial', style='italic', variant='normal', weight=700, stretch='normal', size='scalable')) = 7.698636363636363
2026-08-01 18:54:48,668 [DEBUG] MainThread: findfont: score(FontEntry(fname='C:\\Windows\\Fonts\\Candaral.ttf', name='Candara', style='normal', variant='normal', weight=400, stretch='normal', size='scalable')) = 10.05
2026-08-01 18:54:48,668 [DEBUG] MainThread: findfont: score(FontEntry(fname='C:\\Windows\\Fonts\\simsun.ttc', name='SimSun', style='normal', variant='normal', weight=400, stretch='normal', size='scalable')) = 10.05
2026-08-01 18:54:48,668 [DEBUG] MainThread: findfont: Matching sans\-serif:style=normal:variant=normal:weight=normal:stretch=normal:size=12.0 to DejaVu Sans ('c:\\Users\\Username\\Desktop\\Folder\\Developing\\Ortez\\app\\.venv\\Lib\\site-packages\\matplotlib\\mpl-data\\fonts\\ttf\\DejaVuSans.ttf') with score of 0.050000.
2026-08-01 18:54:48,898 [DEBUG] MainThread: findfont: Matching sans\-serif:style=normal:variant=normal:weight=normal:stretch=normal:size=9.0.
2026-08-01 18:54:48,898 [DEBUG] MainThread: findfont: score(FontEntry(fname='c:\\Users\\Username\\Desktop\\Folder\\Developing\\Ortez\\app\\.venv\\Lib\\site-packages\\matplotlib\\mpl-data\\fonts\\ttf\\DejaVuSerif-BoldItalic.ttf', name='DejaVu Serif', style='italic', variant='normal', weight=700, stretch='normal', size='scalable')) = 11.335
2026-08-01 18:54:48,898 [DEBUG] MainThread: findfont: score(FontEntry(fname='c:\\Users\\Username\\Desktop\\Folder\\Developing\\Ortez\\app\\.venv\\Lib\\site-packages\\matplotlib\\mpl-data\\fonts\\ttf\\STIXSizFiveSymReg.ttf', name='STIXSizeFiveSym', style='normal', variant='normal', weight=400, stretch='normal', size='scalable')) = 10.05
2026-08-01 18:54:48,898 [DEBUG] MainThread: findfont: score(FontEntry(fname='c:\\Users\\Username\\Desktop\\Folder\\Developing\\Ortez\\app\\.venv\\Lib\\site-packages\\matplotlib\\mpl-data\\fonts\\ttf\\STIXGeneralBol.ttf', name='STIXGeneral', style='normal', variant='normal', weight=700, stretch='normal', size='scalable')) = 10.335
2026-08-01 18:54:48,898 [DEBUG] MainThread: findfont: score(FontEntry(fname='c:\\Users\\Username\\Desktop\\Folder\\Developing\\Ortez\\app\\.venv\\Lib\\site-packages\\matplotlib\\mpl-data\\fonts\\ttf\\DejaVuSerif-Italic.ttf', name='DejaVu Serif', style='italic', variant='normal', weight=400, stretch='normal', size='scalable')) = 11.05
2026-08-01 18:54:48,898 [DEBUG] MainThread: findfont: score(FontEntry(fname='c:\\Users\\Username\\Desktop\\Folder\\Developing\\Ortez\\app\\.venv\\Lib\\site-packages\\matplotlib\\mpl-data\\fonts\\ttf\\STIXGeneral.ttf', name='STIXGeneral', style='normal', variant='normal', weight=400, stretch='normal', size='scalable')) = 10.05
2026-08-01 18:54:48,898 [DEBUG] MainThread: findfont: score(FontEntry(fname='c:\\Users\\Username\\Desktop\\Folder\\Developing\\Ortez\\app\\.venv\\Lib\\site-packages\\matplotlib\\mpl-data\\fonts\\ttf\\cmsy10.ttf', name='cmsy10', style='normal', variant='normal', weight=400, stretch='normal', size='scalable')) = 10.05
2026-08-01 18:54:48,898 [DEBUG] MainThread: findfont: score(FontEntry(fname='c:\\Users\\Username\\Desktop\\Folder\\Developing\\Ortez\\app\\.venv\\Lib\\site-packages\\matplotlib\\mpl-data\\fonts\\ttf\\DejaVuSans-Oblique.ttf', name='DejaVu Sans', style='oblique', variant='normal', weight=400, stretch='normal', size='scalable')) = 1.05
2026-08-01 18:54:48,898 [DEBUG] MainThread: findfont: score(FontEntry(fname='c:\\Users\\Username\\Desktop\\Folder\\Developing\\Ortez\\app\\.venv\\Lib\\site-packages\\matplotlib\\mpl-data\\fonts\\ttf\\cmr10.ttf', name='cmr10', style='normal', variant='normal', weight=400, stretch='normal', size='scalable')) = 10.05
2026-08-01 18:54:48,899 [DEBUG] MainThread: findfont: score(FontEntry(fname='c:\\Users\\Username\\Desktop\\Folder\\Developing\\Ortez\\app\\.venv\\Lib\\site-packages\\matplotlib\\mpl-data\\fonts\\ttf\\DejaVuSansMono.ttf', name='DejaVu Sans Mono', style='normal', variant='normal', weight=400, stretch='normal', size='scalable')) = 10.05
2026-08-01 18:54:48,899 [DEBUG] MainThread: findfont: score(FontEntry(fname='c:\\Users\\Username\\Desktop\\Folder\\Developing\\Ortez\\app\\.venv\\Lib\\site-packages\\matplotlib\\mpl-data\\fonts\\ttf\\STIXSizFourSymBol.ttf', name='STIXSizeFourSym', style='normal', variant='normal', weight=700, stretch='normal', size='scalable')) = 10.335
2026-08-01 18:54:48,899 [DEBUG] MainThread: findfont: score(FontEntry(fname='c:\\Users\\Username\\Desktop\\Folder\\Developing\\Ortez\\app\\.venv\\Lib\\site-packages\\matplotlib\\mpl-data\\fonts\\ttf\\DejaVuSerif-Bold.ttf', name='DejaVu Serif', style='normal', variant='normal', weight=700, stretch='normal', size='scalable')) = 10.335
2026-08-01 18:54:48,899 [DEBUG] MainThread: findfont: score(FontEntry(fname='c:\\Users\\Username\\Desktop\\Folder\\Developing\\Ortez\\app\\.venv\\Lib\\site-packages\\matplotlib\\mpl-data\\fonts\\ttf\\STIXSizOneSymBol.ttf', name='STIXSizeOneSym', style='normal', variant='normal', weight=700, stretch='normal', size='scalable')) = 10.335
2026-08-01 18:54:48,899 [DEBUG] MainThread: findfont: score(FontEntry(fname='c:\\Users\\Username\\Desktop\\Folder\\Developing\\Ortez\\app\\.venv\\Lib\\site-packages\\matplotlib\\mpl-data\\fonts\\ttf\\STIXGeneralBolIta.ttf', name='STIXGeneral', style='italic', variant='normal', weight=700, stretch='normal', size='scalable')) = 11.335
2026-08-01 18:54:48,899 [DEBUG] MainThread: findfont: score(FontEntry(fname='c:\\Users\\Username\\Desktop\\Folder\\Developing\\Ortez\\app\\.venv\\Lib\\site-packages\\matplotlib\\mpl-data\\fonts\\ttf\\STIXSizFourSymReg.ttf', name='STIXSizeFourSym', style='normal', variant='normal', weight=400, stretch='normal', size='scalable')) = 10.05
2026-08-01 18:54:48,899 [DEBUG] MainThread: findfont: score(FontEntry(fname='c:\\Users\\Username\\Desktop\\Folder\\Developing\\Ortez\\app\\.venv\\Lib\\site-packages\\matplotlib\\mpl-data\\fonts\\ttf\\cmb10.ttf', name='cmb10', style='normal', variant='normal', weight=400, stretch='normal', size='scalable')) = 10.05
2026-08-01 18:54:48,899 [DEBUG] MainThread: findfont: score(FontEntry(fname='c:\\Users\\Username\\Desktop\\Folder\\Developing\\Ortez\\app\\.venv\\Lib\\site-packages\\matplotlib\\mpl-data\\fonts\\ttf\\DejaVuSerif.ttf', name='DejaVu Serif', style='normal', variant='normal', weight=400, stretch='normal', size='scalable')) = 10.05
2026-08-01 18:54:48,899 [DEBUG] MainThread: findfont: score(FontEntry(fname='c:\\Users\\Username\\Desktop\\Folder\\Developing\\Ortez\\app\\.venv\\Lib\\site-packages\\matplotlib\\mpl-data\\fonts\\ttf\\cmtt10.ttf', name='cmtt10', style='normal', variant='normal', weight=400, stretch='normal', size='scalable')) = 10.05
2026-08-01 18:54:48,899 [DEBUG] MainThread: findfont: score(FontEntry(fname='c:\\Users\\Username\\Desktop\\Folder\\Developing\\Ortez\\app\\.venv\\Lib\\site-packages\\matplotlib\\mpl-data\\fonts\\ttf\\cmss10.ttf', name='cmss10', style='normal', variant='normal', weight=400, stretch='normal', size='scalable')) = 10.05
2026-08-01 18:54:48,899 [DEBUG] MainThread: findfont: score(FontEntry(fname='c:\\Users\\Username\\Desktop\\Folder\\Developing\\Ortez\\app\\.venv\\Lib\\site-packages\\matplotlib\\mpl-data\\fonts\\ttf\\STIXNonUni.ttf', name='STIXNonUnicode', style='normal', variant='normal', weight=400, stretch='normal', size='scalable')) = 10.05
2026-08-01 18:54:48,899 [DEBUG] MainThread: findfont: score(FontEntry(fname='c:\\Users\\Username\\Desktop\\Folder\\Developing\\Ortez\\app\\.venv\\Lib\\site-packages\\matplotlib\\mpl-data\\fonts\\ttf\\DejaVuSansDisplay.ttf', name='DejaVu Sans Display', style='normal', variant='normal', weight=400, stretch='normal', size='scalable')) = 10.05
2026-08-01 18:54:48,899 [DEBUG] MainThread: findfont: score(FontEntry(fname='c:\\Users\\Username\\Desktop\\Folder\\Developing\\Ortez\\app\\.venv\\Lib\\site-packages\\matplotlib\\mpl-data\\fonts\\ttf\\DejaVuSansMono-BoldOblique.ttf', name='DejaVu Sans Mono', style='oblique', variant='normal', weight=700, stretch='normal', size='scalable')) = 11.335
2026-08-01 18:54:48,899 [DEBUG] MainThread: findfont: score(FontEntry(fname='c:\\Users\\Username\\Desktop\\Folder\\Developing\\Ortez\\app\\.venv\\Lib\\site-packages\\matplotlib\\mpl-data\\fonts\\ttf\\STIXSizThreeSymBol.ttf', name='STIXSizeThreeSym', style='normal', variant='normal', weight=700, stretch='normal', size='scalable')) = 10.335
2026-08-01 18:54:48,899 [DEBUG] MainThread: findfont: score(FontEntry(fname='c:\\Users\\Username\\Desktop\\Folder\\Developing\\Ortez\\app\\.venv\\Lib\\site-packages\\matplotlib\\mpl-data\\fonts\\ttf\\DejaVuSans.ttf', name='DejaVu Sans', style='normal', variant='normal', weight=400, stretch='normal', size='scalable')) = 0.05
2026-08-01 18:54:48,899 [DEBUG] MainThread: findfont: score(FontEntry(fname='c:\\Users\\Username\\Desktop\\Folder\\Developing\\Ortez\\app\\.venv\\Lib\\site-packages\\matplotlib\\mpl-data\\fonts\\ttf\\STIXNonUniIta.ttf', name='STIXNonUnicode', style='italic', variant='normal', weight=400, stretch='normal', size='scalable')) = 11.05
2026-08-01 18:54:48,899 [DEBUG] MainThread: findfont: score(FontEntry(fname='c:\\Users\\Username\\Desktop\\Folder\\Developing\\Ortez\\app\\.venv\\Lib\\site-packages\\matplotlib\\mpl-data\\fonts\\ttf\\DejaVuSans-BoldOblique.ttf', name='DejaVu Sans', style='oblique', variant='normal', weight=700, stretch='normal', size='scalable')) = 1.335
2026-08-01 18:54:48,900 [DEBUG] MainThread: findfont: score(FontEntry(fname='c:\\Users\\Username\\Desktop\\Folder\\Developing\\Ortez\\app\\.venv\\Lib\\site-packages\\matplotlib\\mpl-data\\fonts\\ttf\\STIXGeneralItalic.ttf', name='STIXGeneral', style='italic', variant='normal', weight=400, stretch='normal', size='scalable')) = 11.05
2026-08-01 18:54:48,900 [DEBUG] MainThread: findfont: score(FontEntry(fname='c:\\Users\\Username\\Desktop\\Folder\\Developing\\Ortez\\app\\.venv\\Lib\\site-packages\\matplotlib\\mpl-data\\fonts\\ttf\\DejaVuSansMono-Oblique.ttf', name='DejaVu Sans Mono', style='oblique', variant='normal', weight=400, stretch='normal', size='scalable')) = 11.05
2026-08-01 18:54:48,900 [DEBUG] MainThread: findfont: score(FontEntry(fname='c:\\Users\\Username\\Desktop\\Folder\\Developing\\Ortez\\app\\.venv\\Lib\\site-packages\\matplotlib\\mpl-data\\fonts\\ttf\\STIXSizTwoSymReg.ttf', name='STIXSizeTwoSym', style='normal', variant='normal', weight=400, stretch='normal', size='scalable')) = 10.05
2026-08-01 18:54:48,900 [DEBUG] MainThread: findfont: score(FontEntry(fname='c:\\Users\\Username\\Desktop\\Folder\\Developing\\Ortez\\app\\.venv\\Lib\\site-packages\\matplotlib\\mpl-data\\fonts\\ttf\\DejaVuSerifDisplay.ttf', name='DejaVu Serif Display', style='normal', variant='normal', weight=400, stretch='normal', size='scalable')) = 10.05
2026-08-01 18:54:48,900 [DEBUG] MainThread: findfont: score(FontEntry(fname='c:\\Users\\Username\\Desktop\\Folder\\Developing\\Ortez\\app\\.venv\\Lib\\site-packages\\matplotlib\\mpl-data\\fonts\\ttf\\cmex10.ttf', name='cmex10', style='normal', variant='normal', weight=400, stretch='normal', size='scalable')) = 10.05
2026-08-01 18:54:48,900 [DEBUG] MainThread: findfont: score(FontEntry(fname='c:\\Users\\Username\\Desktop\\Folder\\Developing\\Ortez\\app\\.venv\\Lib\\site-packages\\matplotlib\\mpl-data\\fonts\\ttf\\STIXSizTwoSymBol.ttf', name='STIXSizeTwoSym', style='normal', variant='normal', weight=700, stretch='normal', size='scalable')) = 10.335
2026-08-01 18:54:48,900 [DEBUG] MainThread: findfont: score(FontEntry(fname='c:\\Users\\Username\\Desktop\\Folder\\Developing\\Ortez\\app\\.venv\\Lib\\site-packages\\matplotlib\\mpl-data\\fonts\\ttf\\DejaVuSans-Bold.ttf', name='DejaVu Sans', style='normal', variant='normal', weight=700, stretch='normal', size='scalable')) = 0.33499999999999996
2026-08-01 18:54:48,900 [DEBUG] MainThread: findfont: score(FontEntry(fname='c:\\Users\\Username\\Desktop\\Folder\\Developing\\Ortez\\app\\.venv\\Lib\\site-packages\\matplotlib\\mpl-data\\fonts\\ttf\\STIXSizThreeSymReg.ttf', name='STIXSizeThreeSym', style='normal', variant='normal', weight=400, stretch='normal', size='scalable')) = 10.05
2026-08-01 18:54:48,900 [DEBUG] MainThread: findfont: score(FontEntry(fname='c:\\Users\\Username\\Desktop\\Folder\\Developing\\Ortez\\app\\.venv\\Lib\\site-packages\\matplotlib\\mpl-data\\fonts\\ttf\\STIXNonUniBol.ttf', name='STIXNonUnicode', style='normal', variant='normal', weight=700, stretch='normal', size='scalable')) = 10.335
2026-08-01 18:54:48,900 [DEBUG] MainThread: findfont: score(FontEntry(fname='c:\\Users\\Username\\Desktop\\Folder\\Developing\\Ortez\\app\\.venv\\Lib\\site-packages\\matplotlib\\mpl-data\\fonts\\ttf\\STIXNonUniBolIta.ttf', name='STIXNonUnicode', style='italic', variant='normal', weight=700, stretch='normal', size='scalable')) = 11.335
2026-08-01 18:54:48,900 [DEBUG] MainThread: findfont: score(FontEntry(fname='c:\\Users\\Username\\Desktop\\Folder\\Developing\\Ortez\\app\\.venv\\Lib\\site-packages\\matplotlib\\mpl-data\\fonts\\ttf\\DejaVuSansMono-Bold.ttf', name='DejaVu Sans Mono', style='normal', variant='normal', weight=700, stretch='normal', size='scalable')) = 10.335
2026-08-01 18:54:48,900 [DEBUG] MainThread: findfont: score(FontEntry(fname='c:\\Users\\Username\\Desktop\\Folder\\Developing\\Ortez\\app\\.venv\\Lib\\site-packages\\matplotlib\\mpl-data\\fonts\\ttf\\cmmi10.ttf', name='cmmi10', style='normal', variant='normal', weight=400, stretch='normal', size='scalable')) = 10.05
2026-08-01 18:54:48,900 [DEBUG] MainThread: findfont: score(FontEntry(fname='c:\\Users\\Username\\Desktop\\Folder\\Developing\\Ortez\\app\\.venv\\Lib\\site-packages\\matplotlib\\mpl-data\\fonts\\ttf\\STIXSizOneSymReg.ttf', name='STIXSizeOneSym', style='normal', variant='normal', weight=400, stretch='normal', size='scalable')) = 10.05
2026-08-01 18:54:48,900 [DEBUG] MainThread: findfont: score(FontEntry(fname='C:\\Windows\\Fonts\\cambriab.ttf', name='Cambria', style='normal', variant='normal', weight=700, stretch='normal', size='scalable')) = 10.335
2026-08-01 18:54:48,900 [DEBUG] MainThread: findfont: score(FontEntry(fname='C:\\Windows\\Fonts\\GenBkBasR.ttf', name='Gentium Book Basic', style='normal', variant='normal', weight=400, stretch='normal', size='scalable')) = 10.05
2026-08-01 18:54:48,900 [DEBUG] MainThread: findfont: score(FontEntry(fname='C:\\Windows\\Fonts\\framd.ttf', name='Franklin Gothic Medium', style='normal', variant='normal', weight=400, stretch='normal', size='scalable')) = 10.05
2026-08-01 18:54:48,900 [DEBUG] MainThread: findfont: score(FontEntry(fname='C:\\Windows\\Fonts\\LiberationSerif-Italic.ttf', name='Liberation Serif', style='italic', variant='normal', weight=400, stretch='normal', size='scalable')) = 11.05
2026-08-01 18:54:48,900 [DEBUG] MainThread: findfont: score(FontEntry(fname='C:\\Windows\\Fonts\\NotoSansLao-Regular.ttf', name='Noto Sans Lao', style='normal', variant='normal', weight=400, stretch='normal', size='scalable')) = 10.05
2026-08-01 18:54:48,901 [DEBUG] MainThread: findfont: score(FontEntry(fname='C:\\Windows\\Fonts\\msjhl.ttc', name='Microsoft JhengHei', style='normal', variant='normal', weight=290, stretch='normal', size='scalable')) = 10.1545
2026-08-01 18:54:48,901 [DEBUG] MainThread: findfont: score(FontEntry(fname='C:\\Windows\\Fonts\\DejaVuSansMono-Bold.ttf', name='DejaVu Sans Mono', style='normal', variant='normal', weight=700, stretch='normal', size='scalable')) = 10.335
2026-08-01 18:54:48,901 [DEBUG] MainThread: findfont: score(FontEntry(fname='C:\\Windows\\Fonts\\couri.ttf', name='Courier New', style='italic', variant='normal', weight=400, stretch='normal', size='scalable')) = 11.05
2026-08-01 18:54:48,901 [DEBUG] MainThread: findfont: score(FontEntry(fname='C:\\Windows\\Fonts\\DejaVuSansCondensed.ttf', name='DejaVu Sans', style='normal', variant='normal', weight=400, stretch='condensed', size='scalable')) = 0.25
2026-08-01 18:54:48,901 [DEBUG] MainThread: findfont: score(FontEntry(fname='C:\\Windows\\Fonts\\malgunbd.ttf', name='Malgun Gothic', style='normal', variant='normal', weight=700, stretch='normal', size='scalable')) = 10.335
2026-08-01 18:54:48,901 [DEBUG] MainThread: findfont: score(FontEntry(fname='C:\\Windows\\Fonts\\DejaVuSans-Bold.ttf', name='DejaVu Sans', style='normal', variant='normal', weight=700, stretch='normal', size='scalable')) = 0.33499999999999996
2026-08-01 18:54:48,901 [DEBUG] MainThread: findfont: score(FontEntry(fname='C:\\Windows\\Fonts\\calibrili.ttf', name='Calibri', style='italic', variant='normal', weight=300, stretch='normal', size='scalable')) = 11.145
2026-08-01 18:54:48,901 [DEBUG] MainThread: findfont: score(FontEntry(fname='C:\\Windows\\Fonts\\courbi.ttf', name='Courier New', style='italic', variant='normal', weight=700, stretch='normal', size='scalable')) = 11.335
2026-08-01 18:54:48,901 [DEBUG] MainThread: findfont: score(FontEntry(fname='C:\\Windows\\Fonts\\LatoWeb-Semibold.ttf', name='Lato', style='normal', variant='normal', weight=600, stretch='normal', size='scalable')) = 10.24
2026-08-01 18:54:48,901 [DEBUG] MainThread: findfont: score(FontEntry(fname='C:\\Windows\\Fonts\\SansSerifCollection.ttf', name='Sans Serif Collection', style='normal', variant='normal', weight=400, stretch='normal', size='scalable')) = 10.05
2026-08-01 18:54:48,901 [DEBUG] MainThread: findfont: score(FontEntry(fname='C:\\Windows\\Fonts\\NachlieliCLM-Bold.otf', name='Nachlieli CLM', style='normal', variant='normal', weight=600, stretch='normal', size='scalable')) = 10.24
2026-08-01 18:54:48,901 [DEBUG] MainThread: findfont: score(FontEntry(fname='C:\\Windows\\Fonts\\YuGothM.ttc', name='Yu Gothic', style='normal', variant='normal', weight=500, stretch='normal', size='scalable')) = 10.145
2026-08-01 18:54:48,901 [DEBUG] MainThread: findfont: score(FontEntry(fname='C:\\Windows\\Fonts\\corbelli.ttf', name='Corbel', style='italic', variant='normal', weight=300, stretch='normal', size='scalable')) = 11.145
2026-08-01 18:54:48,901 [DEBUG] MainThread: findfont: score(FontEntry(fname='C:\\Windows\\Fonts\\Nirmala.ttc', name='Nirmala UI', style='normal', variant='normal', weight=400, stretch='normal', size='scalable')) = 10.05
2026-08-01 18:54:48,901 [DEBUG] MainThread: findfont: score(FontEntry(fname='C:\\Windows\\Fonts\\calibrii.ttf', name='Calibri', style='italic', variant='normal', weight=400, stretch='normal', size='scalable')) = 11.05
2026-08-01 18:54:48,901 [DEBUG] MainThread: findfont: score(FontEntry(fname='C:\\Windows\\Fonts\\msjh.ttc', name='Microsoft JhengHei', style='normal', variant='normal', weight=400, stretch='normal', size='scalable')) = 10.05
2026-08-01 18:54:48,901 [DEBUG] MainThread: findfont: score(FontEntry(fname='C:\\Windows\\Fonts\\NotoKufiArabic-Regular.ttf', name='Noto Kufi Arabic', style='normal', variant='normal', weight=400, stretch='normal', size='scalable')) = 10.05
2026-08-01 18:54:48,901 [DEBUG] MainThread: findfont: score(FontEntry(fname='C:\\Windows\\Fonts\\msyhl.ttc', name='Microsoft YaHei', style='normal', variant='normal', weight=290, stretch='normal', size='scalable')) = 10.1545
2026-08-01 18:54:48,901 [DEBUG] MainThread: findfont: score(FontEntry(fname='C:\\Windows\\Fonts\\DejaVuSansCondensed-Bold.ttf', name='DejaVu Sans', style='normal', variant='normal', weight=700, stretch='condensed', size='scalable')) = 0.5349999999999999
2026-08-01 18:54:48,902 [DEBUG] MainThread: findfont: score(FontEntry(fname='C:\\Windows\\Fonts\\segoepr.ttf', name='Segoe Print', style='normal', variant='normal', weight=400, stretch='normal', size='scalable')) = 10.05
2026-08-01 18:54:48,902 [DEBUG] MainThread: findfont: score(FontEntry(fname='C:\\Windows\\Fonts\\georgiab.ttf', name='Georgia', style='normal', variant='normal', weight=700, stretch='normal', size='scalable')) = 10.335
2026-08-01 18:54:48,902 [DEBUG] MainThread: findfont: score(FontEntry(fname='C:\\Windows\\Fonts\\ntailu.ttf', name='Microsoft New Tai Lue', style='normal', variant='normal', weight=400, stretch='normal', size='scalable')) = 10.05
2026-08-01 18:54:48,902 [DEBUG] MainThread: findfont: score(FontEntry(fname='C:\\Windows\\Fonts\\LiberationMono-Regular.ttf', name='Liberation Mono', style='normal', variant='normal', weight=400, stretch='normal', size='scalable')) = 10.05
2026-08-01 18:54:48,902 [DEBUG] MainThread: findfont: score(FontEntry(fname='C:\\Windows\\Fonts\\consolaz.ttf', name='Consolas', style='italic', variant='normal', weight=700, stretch='normal', size='scalable')) = 11.335
2026-08-01 18:54:48,902 [DEBUG] MainThread: findfont: score(FontEntry(fname='C:\\Windows\\Fonts\\Rubik-Bold.ttf', name='Rubik', style='normal', variant='normal', weight=700, stretch='normal', size='scalable')) = 10.335
2026-08-01 18:54:48,902 [DEBUG] MainThread: findfont: score(FontEntry(fname='C:\\Windows\\Fonts\\corbelb.ttf', name='Corbel', style='normal', variant='normal', weight=700, stretch='normal', size='scalable')) = 10.335
2026-08-01 18:54:48,902 [DEBUG] MainThread: findfont: score(FontEntry(fname='C:\\Windows\\Fonts\\NotoSans-BoldItalic.ttf', name='Noto Sans', style='italic', variant='normal', weight=700, stretch='normal', size='scalable')) = 11.335
2026-08-01 18:54:48,902 [DEBUG] MainThread: findfont: score(FontEntry(fname='C:\\Windows\\Fonts\\courbd.ttf', name='Courier New', style='normal', variant='normal', weight=700, stretch='normal', size='scalable')) = 10.335
2026-08-01 18:54:48,902 [DEBUG] MainThread: findfont: score(FontEntry(fname='C:\\Windows\\Fonts\\Rubik-Regular.ttf', name='Rubik', style='normal', variant='normal', weight=400, stretch='normal', size='scalable')) = 10.05
2026-08-01 18:54:48,902 [DEBUG] MainThread: findfont: score(FontEntry(fname='C:\\Windows\\Fonts\\malgunsl.ttf', name='Malgun Gothic', style='normal', variant='normal', weight=300, stretch='normal', size='scalable')) = 10.145
2026-08-01 18:54:48,902 [DEBUG] MainThread: findfont: score(FontEntry(fname='C:\\Windows\\Fonts\\NotoSerif-Italic.ttf', name='Noto Serif', style='italic', variant='normal', weight=400, stretch='normal', size='scalable')) = 11.05
2026-08-01 18:54:48,902 [DEBUG] MainThread: findfont: score(FontEntry(fname='C:\\Windows\\Fonts\\verdanab.ttf', name='Verdana', style='normal', variant='normal', weight=700, stretch='normal', size='scalable')) = 3.9713636363636367
2026-08-01 18:54:48,902 [DEBUG] MainThread: findfont: score(FontEntry(fname='C:\\Windows\\Fonts\\msgothic.ttc', name='MS Gothic', style='normal', variant='normal', weight=400, stretch='normal', size='scalable')) = 10.05
2026-08-01 18:54:48,902 [DEBUG] MainThread: findfont: score(FontEntry(fname='C:\\Windows\\Fonts\\seguiemj.ttf', name='Segoe UI Emoji', style='normal', variant='normal', weight=400, stretch='normal', size='scalable')) = 10.05
2026-08-01 18:54:48,902 [DEBUG] MainThread: findfont: score(FontEntry(fname='C:\\Windows\\Fonts\\DejaVuMathTeXGyre.ttf', name='DejaVu Math TeX Gyre', style='normal', variant='normal', weight=400, stretch='normal', size='scalable')) = 10.05
2026-08-01 18:54:48,902 [DEBUG] MainThread: findfont: score(FontEntry(fname='C:\\Windows\\Fonts\\LiberationSansNarrow-BoldItalic.ttf', name='Liberation Sans Narrow', style='italic', variant='normal', weight=700, stretch='condensed', size='scalable')) = 11.535
2026-08-01 18:54:48,902 [DEBUG] MainThread: findfont: score(FontEntry(fname='C:\\Windows\\Fonts\\GenBkBasBI.ttf', name='Gentium Book Basic', style='italic', variant='normal', weight=700, stretch='normal', size='scalable')) = 11.335
2026-08-01 18:54:48,903 [DEBUG] MainThread: findfont: score(FontEntry(fname='C:\\Windows\\Fonts\\comic.ttf', name='Comic Sans MS', style='normal', variant='normal', weight=400, stretch='normal', size='scalable')) = 10.05
2026-08-01 18:54:48,903 [DEBUG] MainThread: findfont: score(FontEntry(fname='C:\\Windows\\Fonts\\corbell.ttf', name='Corbel', style='normal', variant='normal', weight=300, stretch='normal', size='scalable')) = 10.145
2026-08-01 18:54:48,903 [DEBUG] MainThread: findfont: score(FontEntry(fname='C:\\Windows\\Fonts\\Scheherazade-Bold.ttf', name='Scheherazade', style='normal', variant='normal', weight=700, stretch='normal', size='scalable')) = 10.335
2026-08-01 18:54:48,903 [DEBUG] MainThread: findfont: score(FontEntry(fname='C:\\Windows\\Fonts\\DejaVuSansCondensed-BoldOblique.ttf', name='DejaVu Sans', style='oblique', variant='normal', weight=700, stretch='condensed', size='scalable')) = 1.535
2026-08-01 18:54:48,903 [DEBUG] MainThread: findfont: score(FontEntry(fname='C:\\Windows\\Fonts\\DavidCLM-Medium.otf', name='David CLM', style='normal', variant='normal', weight=500, stretch='normal', size='scalable')) = 10.145
2026-08-01 18:54:48,903 [DEBUG] MainThread: findfont: score(FontEntry(fname='C:\\Windows\\Fonts\\NotoSansLisu-Bold.ttf', name='Noto Sans Lisu', style='normal', variant='normal', weight=700, stretch='normal', size='scalable')) = 10.335
2026-08-01 18:54:48,903 [DEBUG] MainThread: findfont: score(FontEntry(fname='C:\\Windows\\Fonts\\DavidLibre-Regular.ttf', name='David Libre', style='normal', variant='normal', weight=400, stretch='normal', size='scalable')) = 10.05
2026-08-01 18:54:48,903 [DEBUG] MainThread: findfont: score(FontEntry(fname='C:\\Windows\\Fonts\\constanb.ttf', name='Constantia', style='normal', variant='normal', weight=700, stretch='normal', size='scalable')) = 10.335
2026-08-01 18:54:48,903 [DEBUG] MainThread: findfont: score(FontEntry(fname='C:\\Windows\\Fonts\\NotoSerifArmenian-Regular.ttf', name='Noto Serif Armenian', style='normal', variant='normal', weight=400, stretch='normal', size='scalable')) = 10.05
2026-08-01 18:54:48,903 [DEBUG] MainThread: findfont: score(FontEntry(fname='C:\\Windows\\Fonts\\timesi.ttf', name='Times New Roman', style='italic', variant='normal', weight=400, stretch='normal', size='scalable')) = 11.05
2026-08-01 18:54:48,903 [DEBUG] MainThread: findfont: score(FontEntry(fname='C:\\Windows\\Fonts\\comicz.ttf', name='Comic Sans MS', style='italic', variant='normal', weight=700, stretch='normal', size='scalable')) = 11.335
2026-08-01 18:54:48,903 [DEBUG] MainThread: findfont: score(FontEntry(fname='C:\\Windows\\Fonts\\SitkaVF-Italic.ttf', name='Sitka', style='italic', variant='normal', weight=400, stretch='normal', size='scalable')) = 11.05
2026-08-01 18:54:48,903 [DEBUG] MainThread: findfont: score(FontEntry(fname='C:\\Windows\\Fonts\\NotoSansHebrew-Regular.ttf', name='Noto Sans Hebrew', style='normal', variant='normal', weight=400, stretch='normal', size='scalable')) = 10.05
2026-08-01 18:54:48,903 [DEBUG] MainThread: findfont: score(FontEntry(fname='C:\\Windows\\Fonts\\NachlieliCLM-Light.otf', name='Nachlieli CLM', style='normal', variant='normal', weight=300, stretch='normal', size='scalable')) = 10.145
2026-08-01 18:54:48,903 [DEBUG] MainThread: findfont: score(FontEntry(fname='C:\\Windows\\Fonts\\NotoKufiArabic-Bold.ttf', name='Noto Kufi Arabic', style='normal', variant='normal', weight=700, stretch='normal', size='scalable')) = 10.335
2026-08-01 18:54:48,903 [DEBUG] MainThread: findfont: score(FontEntry(fname='C:\\Windows\\Fonts\\msyhbd.ttc', name='Microsoft YaHei', style='normal', variant='normal', weight=700, stretch='normal', size='scalable')) = 10.335
2026-08-01 18:54:48,903 [DEBUG] MainThread: findfont: score(FontEntry(fname='C:\\Windows\\Fonts\\comici.ttf', name='Comic Sans MS', style='italic', variant='normal', weight=400, stretch='normal', size='scalable')) = 11.05
2026-08-01 18:54:48,903 [DEBUG] MainThread: findfont: score(FontEntry(fname='C:\\Windows\\Fonts\\Amiri-Bold.ttf', name='Amiri', style='normal', variant='normal', weight=700, stretch='normal', size='scalable')) = 10.335
2026-08-01 18:54:48,903 [DEBUG] MainThread: findfont: score(FontEntry(fname='C:\\Windows\\Fonts\\MiriamMonoCLM-BookOblique.ttf', name='Miriam Mono CLM', style='oblique', variant='normal', weight=400, stretch='normal', size='scalable')) = 11.05
2026-08-01 18:54:48,904 [DEBUG] MainThread: findfont: score(FontEntry(fname='C:\\Windows\\Fonts\\MiriamCLM-Book.otf', name='Miriam CLM', style='normal', variant='normal', weight=400, stretch='normal', size='scalable')) = 10.05
2026-08-01 18:54:48,904 [DEBUG] MainThread: findfont: score(FontEntry(fname='C:\\Windows\\Fonts\\Alef-Regular.ttf', name='Alef', style='normal', variant='normal', weight=400, stretch='normal', size='scalable')) = 10.05
2026-08-01 18:54:48,904 [DEBUG] MainThread: findfont: score(FontEntry(fname='C:\\Windows\\Fonts\\MiriamMonoCLM-Bold.ttf', name='Miriam Mono CLM', style='normal', variant='normal', weight=700, stretch='normal', size='scalable')) = 10.335
2026-08-01 18:54:48,904 [DEBUG] MainThread: findfont: score(FontEntry(fname='C:\\Windows\\Fonts\\impact.ttf', name='Impact', style='normal', variant='normal', weight=400, stretch='normal', size='scalable')) = 10.05
2026-08-01 18:54:48,904 [DEBUG] MainThread: findfont: score(FontEntry(fname='C:\\Windows\\Fonts\\trebucbd.ttf', name='Trebuchet MS', style='normal', variant='normal', weight=700, stretch='normal', size='scalable')) = 10.335
2026-08-01 18:54:48,904 [DEBUG] MainThread: findfont: score(FontEntry(fname='C:\\Windows\\Fonts\\MiriamLibre-Bold.otf', name='Miriam Libre', style='normal', variant='normal', weight=700, stretch='normal', size='scalable')) = 10.335
2026-08-01 18:54:48,904 [DEBUG] MainThread: findfont: score(FontEntry(fname='C:\\Windows\\Fonts\\NotoSerifArmenian-Bold.ttf', name='Noto Serif Armenian', style='normal', variant='normal', weight=700, stretch='normal', size='scalable')) = 10.335
2026-08-01 18:54:48,904 [DEBUG] MainThread: findfont: score(FontEntry(fname='C:\\Windows\\Fonts\\LiberationSerif-BoldItalic.ttf', name='Liberation Serif', style='italic', variant='normal', weight=700, stretch='normal', size='scalable')) = 11.335
2026-08-01 18:54:48,904 [DEBUG] MainThread: findfont: score(FontEntry(fname='C:\\Windows\\Fonts\\trebucit.ttf', name='Trebuchet MS', style='italic', variant='normal', weight=400, stretch='normal', size='scalable')) = 11.05
2026-08-01 18:54:48,904 [DEBUG] MainThread: findfont: score(FontEntry(fname='C:\\Windows\\Fonts\\DavidCLM-Bold.otf', name='David CLM', style='normal', variant='normal', weight=700, stretch='normal', size='scalable')) = 10.335
2026-08-01 18:54:48,904 [DEBUG] MainThread: findfont: score(FontEntry(fname='C:\\Windows\\Fonts\\javatext.ttf', name='Javanese Text', style='normal', variant='normal', weight=400, stretch='normal', size='scalable')) = 10.05
2026-08-01 18:54:48,904 [DEBUG] MainThread: findfont: score(FontEntry(fname='C:\\Windows\\Fonts\\YuGothR.ttc', name='Yu Gothic', style='normal', variant='normal', weight=400, stretch='normal', size='scalable')) = 10.05
2026-08-01 18:54:48,904 [DEBUG] MainThread: findfont: score(FontEntry(fname='C:\\Windows\\Fonts\\FrankRuehlCLM-MediumOblique.otf', name='Frank Ruehl CLM', style='oblique', variant='normal', weight=500, stretch='normal', size='scalable')) = 11.145
2026-08-01 18:54:48,904 [DEBUG] MainThread: findfont: score(FontEntry(fname='C:\\Windows\\Fonts\\LatoWeb-BoldItalic.ttf', name='Lato', style='italic', variant='normal', weight=700, stretch='normal', size='scalable')) = 11.335
2026-08-01 18:54:48,904 [DEBUG] MainThread: findfont: score(FontEntry(fname='C:\\Windows\\Fonts\\lucon.ttf', name='Lucida Console', style='normal', variant='normal', weight=400, stretch='normal', size='scalable')) = 10.05
2026-08-01 18:54:48,904 [DEBUG] MainThread: findfont: score(FontEntry(fname='C:\\Windows\\Fonts\\LatoWeb-Italic.ttf', name='Lato', style='italic', variant='normal', weight=400, stretch='normal', size='scalable')) = 11.05
2026-08-01 18:54:48,904 [DEBUG] MainThread: findfont: score(FontEntry(fname='C:\\Windows\\Fonts\\LinBiolinum_R_G.ttf', name='Linux Biolinum G', style='normal', variant='normal', weight=400, stretch='normal', size='scalable')) = 10.05
2026-08-01 18:54:48,905 [DEBUG] MainThread: findfont: score(FontEntry(fname='C:\\Windows\\Fonts\\Caladea-BoldItalic.ttf', name='Caladea', style='italic', variant='normal', weight=700, stretch='normal', size='scalable')) = 11.335
2026-08-01 18:54:48,905 [DEBUG] MainThread: findfont: score(FontEntry(fname='C:\\Windows\\Fonts\\msjhbd.ttc', name='Microsoft JhengHei', style='normal', variant='normal', weight=700, stretch='normal', size='scalable')) = 10.335
2026-08-01 18:54:48,905 [DEBUG] MainThread: findfont: score(FontEntry(fname='C:\\Windows\\Fonts\\consolab.ttf', name='Consolas', style='normal', variant='normal', weight=700, stretch='normal', size='scalable')) = 10.335
2026-08-01 18:54:48,905 [DEBUG] MainThread: findfont: score(FontEntry(fname='C:\\Windows\\Fonts\\LiberationMono-BoldItalic.ttf', name='Liberation Mono', style='italic', variant='normal', weight=700, stretch='normal', size='scalable')) = 11.335
2026-08-01 18:54:48,905 [DEBUG] MainThread: findfont: score(FontEntry(fname='C:\\Windows\\Fonts\\constani.ttf', name='Constantia', style='italic', variant='normal', weight=400, stretch='normal', size='scalable')) = 11.05
2026-08-01 18:54:48,905 [DEBUG] MainThread: findfont: score(FontEntry(fname='C:\\Windows\\Fonts\\LiberationSans-Italic.ttf', name='Liberation Sans', style='italic', variant='normal', weight=400, stretch='normal', size='scalable')) = 11.05
2026-08-01 18:54:48,905 [DEBUG] MainThread: findfont: score(FontEntry(fname='C:\\Windows\\Fonts\\YuGothL.ttc', name='Yu Gothic', style='normal', variant='normal', weight=300, stretch='normal', size='scalable')) = 10.145
2026-08-01 18:54:48,905 [DEBUG] MainThread: findfont: score(FontEntry(fname='C:\\Windows\\Fonts\\pala.ttf', name='Palatino Linotype', style='normal', variant='normal', weight=400, stretch='normal', size='scalable')) = 10.05
2026-08-01 18:54:48,905 [DEBUG] MainThread: findfont: score(FontEntry(fname='C:\\Windows\\Fonts\\NotoSerifHebrew-Bold.ttf', name='Noto Serif Hebrew', style='normal', variant='normal', weight=700, stretch='normal', size='scalable')) = 10.335
2026-08-01 18:54:48,905 [DEBUG] MainThread: findfont: score(FontEntry(fname='C:\\Windows\\Fonts\\Amiri-BoldItalic.ttf', name='Amiri', style='italic', variant='normal', weight=700, stretch='normal', size='scalable')) = 11.335
2026-08-01 18:54:48,905 [DEBUG] MainThread: findfont: score(FontEntry(fname='C:\\Windows\\Fonts\\arial.ttf', name='Arial', style='normal', variant='normal', weight=400, stretch='normal', size='scalable')) = 6.413636363636363
2026-08-01 18:54:48,905 [DEBUG] MainThread: findfont: score(FontEntry(fname='C:\\Windows\\Fonts\\palabi.ttf', name='Palatino Linotype', style='italic', variant='normal', weight=700, stretch='normal', size='scalable')) = 11.335
2026-08-01 18:54:48,905 [DEBUG] MainThread: findfont: score(FontEntry(fname='C:\\Windows\\Fonts\\palab.ttf', name='Palatino Linotype', style='normal', variant='normal', weight=700, stretch='normal', size='scalable')) = 10.335
2026-08-01 18:54:48,905 [DEBUG] MainThread: findfont: score(FontEntry(fname='C:\\Windows\\Fonts\\tahomabd.ttf', name='Tahoma', style='normal', variant='normal', weight=700, stretch='normal', size='scalable')) = 10.335
2026-08-01 18:54:48,905 [DEBUG] MainThread: findfont: score(FontEntry(fname='C:\\Windows\\Fonts\\DejaVuSansMono-BoldOblique.ttf', name='DejaVu Sans Mono', style='oblique', variant='normal', weight=700, stretch='normal', size='scalable')) = 11.335
2026-08-01 18:54:48,905 [DEBUG] MainThread: findfont: score(FontEntry(fname='C:\\Windows\\Fonts\\Candarali.ttf', name='Candara', style='italic', variant='normal', weight=400, stretch='normal', size='scalable')) = 11.05
2026-08-01 18:54:48,905 [DEBUG] MainThread: findfont: score(FontEntry(fname='C:\\Windows\\Fonts\\LatoWeb-LightItalic.ttf', name='Lato', style='italic', variant='normal', weight=300, stretch='normal', size='scalable')) = 11.145
2026-08-01 18:54:48,906 [DEBUG] MainThread: findfont: score(FontEntry(fname='C:\\Windows\\Fonts\\Candara.ttf', name='Candara', style='normal', variant='normal', weight=400, stretch='normal', size='scalable')) = 10.05
2026-08-01 18:54:48,906 [DEBUG] MainThread: findfont: score(FontEntry(fname='C:\\Windows\\Fonts\\NotoSansArabic-Regular.ttf', name='Noto Sans Arabic', style='normal', variant='normal', weight=400, stretch='normal', size='scalable')) = 10.05
2026-08-01 18:54:48,906 [DEBUG] MainThread: findfont: score(FontEntry(fname='C:\\Windows\\Fonts\\DejaVuSans.ttf', name='DejaVu Sans', style='normal', variant='normal', weight=400, stretch='normal', size='scalable')) = 0.05
2026-08-01 18:54:48,906 [DEBUG] MainThread: findfont: score(FontEntry(fname='C:\\Windows\\Fonts\\GenBasR.ttf', name='Gentium Basic', style='normal', variant='normal', weight=400, stretch='normal', size='scalable')) = 10.05
2026-08-01 18:54:48,906 [DEBUG] MainThread: findfont: score(FontEntry(fname='C:\\Windows\\Fonts\\tahoma.ttf', name='Tahoma', style='normal', variant='normal', weight=400, stretch='normal', size='scalable')) = 10.05
2026-08-01 18:54:48,906 [DEBUG] MainThread: findfont: score(FontEntry(fname='C:\\Windows\\Fonts\\SimsunExtG.ttf', name='SimSun-ExtG', style='normal', variant='normal', weight=400, stretch='normal', size='scalable')) = 10.05
2026-08-01 18:54:48,906 [DEBUG] MainThread: findfont: score(FontEntry(fname='C:\\Windows\\Fonts\\segoesc.ttf', name='Segoe Script', style='normal', variant='normal', weight=400, stretch='normal', size='scalable')) = 10.05
2026-08-01 18:54:48,906 [DEBUG] MainThread: findfont: score(FontEntry(fname='C:\\Windows\\Fonts\\segoeuiz.ttf', name='Segoe UI', style='italic', variant='normal', weight=700, stretch='normal', size='scalable')) = 11.335
2026-08-01 18:54:48,906 [DEBUG] MainThread: findfont: score(FontEntry(fname='C:\\Windows\\Fonts\\DejaVuSans-BoldOblique.ttf', name='DejaVu Sans', style='oblique', variant='normal', weight=700, stretch='normal', size='scalable')) = 1.335
2026-08-01 18:54:48,906 [DEBUG] MainThread: findfont: score(FontEntry(fname='C:\\Windows\\Fonts\\phagspa.ttf', name='Microsoft PhagsPa', style='normal', variant='normal', weight=400, stretch='normal', size='scalable')) = 10.05
2026-08-01 18:54:48,906 [DEBUG] MainThread: findfont: score(FontEntry(fname='C:\\Windows\\Fonts\\himalaya.ttf', name='Microsoft Himalaya', style='normal', variant='normal', weight=400, stretch='normal', size='scalable')) = 10.05
2026-08-01 18:54:48,906 [DEBUG] MainThread: findfont: score(FontEntry(fname='C:\\Windows\\Fonts\\GenBasI.ttf', name='Gentium Basic', style='italic', variant='normal', weight=400, stretch='normal', size='scalable')) = 11.05
2026-08-01 18:54:48,906 [DEBUG] MainThread: findfont: score(FontEntry(fname='C:\\Windows\\Fonts\\LinLibertine_DR_G.ttf', name='Linux Libertine Display G', style='normal', variant='normal', weight=400, stretch='normal', size='scalable')) = 10.05
2026-08-01 18:54:48,906 [DEBUG] MainThread: findfont: score(FontEntry(fname='C:\\Windows\\Fonts\\l_10646.ttf', name='Lucida Sans Unicode', style='normal', variant='normal', weight=400, stretch='normal', size='scalable')) = 10.05
2026-08-01 18:54:48,906 [DEBUG] MainThread: findfont: score(FontEntry(fname='C:\\Windows\\Fonts\\msyh.ttc', name='Microsoft YaHei', style='normal', variant='normal', weight=400, stretch='normal', size='scalable')) = 10.05
2026-08-01 18:54:48,906 [DEBUG] MainThread: findfont: score(FontEntry(fname='C:\\Windows\\Fonts\\mmrtext.ttf', name='Myanmar Text', style='normal', variant='normal', weight=400, stretch='normal', size='scalable')) = 10.05
2026-08-01 18:54:48,906 [DEBUG] MainThread: findfont: score(FontEntry(fname='C:\\Windows\\Fonts\\LinLibertine_RB_G.ttf', name='Linux Libertine G', style='normal', variant='normal', weight=700, stretch='normal', size='scalable')) = 10.335
2026-08-01 18:54:48,906 [DEBUG] MainThread: findfont: score(FontEntry(fname='C:\\Windows\\Fonts\\FrankRuehlCLM-Medium.otf', name='Frank Ruehl CLM', style='normal', variant='normal', weight=500, stretch='normal', size='scalable')) = 10.145
2026-08-01 18:54:48,906 [DEBUG] MainThread: findfont: score(FontEntry(fname='C:\\Windows\\Fonts\\DejaVuSerifCondensed-Bold.ttf', name='DejaVu Serif', style='normal', variant='normal', weight=700, stretch='condensed', size='scalable')) = 10.535
2026-08-01 18:54:48,906 [DEBUG] MainThread: findfont: score(FontEntry(fname='C:\\Windows\\Fonts\\LinLibertine_RZ_G.ttf', name='Linux Libertine G', style='normal', variant='normal', weight=600, stretch='normal', size='scalable')) = 10.24
2026-08-01 18:54:48,907 [DEBUG] MainThread: findfont: score(FontEntry(fname='C:\\Windows\\Fonts\\Caladea-Bold.ttf', name='Caladea', style='normal', variant='normal', weight=700, stretch='normal', size='scalable')) = 10.335
2026-08-01 18:54:48,907 [DEBUG] MainThread: findfont: score(FontEntry(fname='C:\\Windows\\Fonts\\ebrimabd.ttf', name='Ebrima', style='normal', variant='normal', weight=700, stretch='normal', size='scalable')) = 10.335
2026-08-01 18:54:48,907 [DEBUG] MainThread: findfont: score(FontEntry(fname='C:\\Windows\\Fonts\\LiberationMono-Bold.ttf', name='Liberation Mono', style='normal', variant='normal', weight=700, stretch='normal', size='scalable')) = 10.335
2026-08-01 18:54:48,907 [DEBUG] MainThread: findfont: score(FontEntry(fname='C:\\Windows\\Fonts\\GenBasBI.ttf', name='Gentium Basic', style='italic', variant='normal', weight=700, stretch='normal', size='scalable')) = 11.335
2026-08-01 18:54:48,907 [DEBUG] MainThread: findfont: score(FontEntry(fname='C:\\Windows\\Fonts\\LatoWeb-Bold.ttf', name='Lato', style='normal', variant='normal', weight=700, stretch='normal', size='scalable')) = 10.335
2026-08-01 18:54:48,907 [DEBUG] MainThread: findfont: score(FontEntry(fname='C:\\Windows\\Fonts\\LiberationSansNarrow-Italic.ttf', name='Liberation Sans Narrow', style='italic', variant='normal', weight=400, stretch='condensed', size='scalable')) = 11.25
2026-08-01 18:54:48,907 [DEBUG] MainThread: findfont: score(FontEntry(fname='C:\\Windows\\Fonts\\NotoNaskhArabic-Bold.ttf', name='Noto Naskh Arabic', style='normal', variant='normal', weight=700, stretch='normal', size='scalable')) = 10.335
2026-08-01 18:54:48,907 [DEBUG] MainThread: findfont: score(FontEntry(fname='C:\\Windows\\Fonts\\LatoWeb-Light.ttf', name='Lato', style='normal', variant='normal', weight=300, stretch='normal', size='scalable')) = 10.145
2026-08-01 18:54:48,907 [DEBUG] MainThread: findfont: score(FontEntry(fname='C:\\Windows\\Fonts\\mvboli.ttf', name='MV Boli', style='normal', variant='normal', weight=400, stretch='normal', size='scalable')) = 10.05
2026-08-01 18:54:48,907 [DEBUG] MainThread: findfont: score(FontEntry(fname='C:\\Windows\\Fonts\\arialbd.ttf', name='Arial', style='normal', variant='normal', weight=700, stretch='normal', size='scalable')) = 6.698636363636363
2026-08-01 18:54:48,907 [DEBUG] MainThread: findfont: score(FontEntry(fname='C:\\Windows\\Fonts\\LiberationSans-BoldItalic.ttf', name='Liberation Sans', style='italic', variant='normal', weight=700, stretch='normal', size='scalable')) = 11.335
2026-08-01 18:54:48,907 [DEBUG] MainThread: findfont: score(FontEntry(fname='C:\\Windows\\Fonts\\DavidCLM-BoldItalic.otf', name='David CLM', style='italic', variant='normal', weight=700, stretch='normal', size='scalable')) = 11.335
2026-08-01 18:54:48,907 [DEBUG] MainThread: findfont: score(FontEntry(fname='C:\\Windows\\Fonts\\Scheherazade-Regular.ttf', name='Scheherazade', style='normal', variant='normal', weight=400, stretch='normal', size='scalable')) = 10.05
2026-08-01 18:54:48,907 [DEBUG] MainThread: findfont: score(FontEntry(fname='C:\\Windows\\Fonts\\ReemKufi.ttf', name='Reem Kufi', style='normal', variant='normal', weight=400, stretch='normal', size='scalable')) = 10.05
2026-08-01 18:54:48,907 [DEBUG] MainThread: findfont: score(FontEntry(fname='C:\\Windows\\Fonts\\ntailub.ttf', name='Microsoft New Tai Lue', style='normal', variant='normal', weight=700, stretch='normal', size='scalable')) = 10.335
2026-08-01 18:54:48,907 [DEBUG] MainThread: findfont: score(FontEntry(fname='C:\\Windows\\Fonts\\cour.ttf', name='Courier New', style='normal', variant='normal', weight=400, stretch='normal', size='scalable')) = 10.05
2026-08-01 18:54:48,907 [DEBUG] MainThread: findfont: score(FontEntry(fname='C:\\Windows\\Fonts\\Carlito-Regular.ttf', name='Carlito', style='normal', variant='normal', weight=400, stretch='normal', size='scalable')) = 10.05
2026-08-01 18:54:48,908 [DEBUG] MainThread: findfont: score(FontEntry(fname='C:\\Windows\\Fonts\\Candarab.ttf', name='Candara', style='normal', variant='normal', weight=700, stretch='normal', size='scalable')) = 10.335
2026-08-01 18:54:48,908 [DEBUG] MainThread: findfont: score(FontEntry(fname='C:\\Windows\\Fonts\\Amiri-Regular.ttf', name='Amiri', style='normal', variant='normal', weight=400, stretch='normal', size='scalable')) = 10.05
2026-08-01 18:54:48,908 [DEBUG] MainThread: findfont: score(FontEntry(fname='C:\\Windows\\Fonts\\verdanai.ttf', name='Verdana', style='italic', variant='normal', weight=400, stretch='normal', size='scalable')) = 4.6863636363636365
2026-08-01 18:54:48,908 [DEBUG] MainThread: findfont: score(FontEntry(fname='C:\\Windows\\Fonts\\GenBasB.ttf', name='Gentium Basic', style='normal', variant='normal', weight=700, stretch='normal', size='scalable')) = 10.335
2026-08-01 18:54:48,908 [DEBUG] MainThread: findfont: score(FontEntry(fname='C:\\Windows\\Fonts\\simsunb.ttf', name='SimSun-ExtB', style='normal', variant='normal', weight=400, stretch='normal', size='scalable')) = 10.05
2026-08-01 18:54:48,908 [DEBUG] MainThread: findfont: score(FontEntry(fname='C:\\Windows\\Fonts\\segoeuib.ttf', name='Segoe UI', style='normal', variant='normal', weight=700, stretch='normal', size='scalable')) = 10.335
2026-08-01 18:54:48,908 [DEBUG] MainThread: findfont: score(FontEntry(fname='C:\\Windows\\Fonts\\DejaVuSerif-BoldItalic.ttf', name='DejaVu Serif', style='italic', variant='normal', weight=700, stretch='normal', size='scalable')) = 11.335
2026-08-01 18:54:48,908 [DEBUG] MainThread: findfont: score(FontEntry(fname='C:\\Windows\\Fonts\\MiriamCLM-Bold.otf', name='Miriam CLM', style='normal', variant='normal', weight=700, stretch='normal', size='scalable')) = 10.335
2026-08-01 18:54:48,908 [DEBUG] MainThread: findfont: score(FontEntry(fname='C:\\Windows\\Fonts\\Alef-Bold.ttf', name='Alef', style='normal', variant='normal', weight=700, stretch='normal', size='scalable')) = 10.335
2026-08-01 18:54:48,908 [DEBUG] MainThread: findfont: score(FontEntry(fname='C:\\Windows\\Fonts\\Caladea-Italic.ttf', name='Caladea', style='italic', variant='normal', weight=400, stretch='normal', size='scalable')) = 11.05
2026-08-01 18:54:48,908 [DEBUG] MainThread: findfont: score(FontEntry(fname='C:\\Windows\\Fonts\\LeelUIsl.ttf', name='Leelawadee UI', style='normal', variant='normal', weight=350, stretch='normal', size='scalable')) = 10.0975
2026-08-01 18:54:48,908 [DEBUG] MainThread: findfont: score(FontEntry(fname='C:\\Windows\\Fonts\\seguibl.ttf', name='Segoe UI', style='normal', variant='normal', weight=900, stretch='normal', size='scalable')) = 10.525
2026-08-01 18:54:48,908 [DEBUG] MainThread: findfont: score(FontEntry(fname='C:\\Windows\\Fonts\\GenBkBasI.ttf', name='Gentium Book Basic', style='italic', variant='normal', weight=400, stretch='normal', size='scalable')) = 11.05
2026-08-01 18:54:48,908 [DEBUG] MainThread: findfont: score(FontEntry(fname='C:\\Windows\\Fonts\\LiberationSansNarrow-Regular.ttf', name='Liberation Sans Narrow', style='normal', variant='normal', weight=400, stretch='condensed', size='scalable')) = 10.25
2026-08-01 18:54:48,908 [DEBUG] MainThread: findfont: score(FontEntry(fname='C:\\Windows\\Fonts\\Carlito-Bold.ttf', name='Carlito', style='normal', variant='normal', weight=700, stretch='normal', size='scalable')) = 10.335
2026-08-01 18:54:48,908 [DEBUG] MainThread: findfont: score(FontEntry(fname='C:\\Windows\\Fonts\\malgun.ttf', name='Malgun Gothic', style='normal', variant='normal', weight=400, stretch='normal', size='scalable')) = 10.05
2026-08-01 18:54:48,908 [DEBUG] MainThread: findfont: score(FontEntry(fname='C:\\Windows\\Fonts\\segoeuil.ttf', name='Segoe UI', style='normal', variant='normal', weight=300, stretch='normal', size='scalable')) = 10.145
2026-08-01 18:54:48,908 [DEBUG] MainThread: findfont: score(FontEntry(fname='C:\\Windows\\Fonts\\calibril.ttf', name='Calibri', style='normal', variant='normal', weight=300, stretch='normal', size='scalable')) = 10.145
2026-08-01 18:54:48,908 [DEBUG] MainThread: findfont: score(FontEntry(fname='C:\\Windows\\Fonts\\corbelz.ttf', name='Corbel', style='italic', variant='normal', weight=700, stretch='normal', size='scalable')) = 11.335
2026-08-01 18:54:48,909 [DEBUG] MainThread: findfont: score(FontEntry(fname='C:\\Windows\\Fonts\\Inkfree.ttf', name='Ink Free', style='normal', variant='normal', weight=400, stretch='normal', size='scalable')) = 10.05
2026-08-01 18:54:48,909 [DEBUG] MainThread: findfont: score(FontEntry(fname='C:\\Windows\\Fonts\\NotoSans-Regular.ttf', name='Noto Sans', style='normal', variant='normal', weight=400, stretch='normal', size='scalable')) = 10.05
2026-08-01 18:54:48,909 [DEBUG] MainThread: findfont: score(FontEntry(fname='C:\\Windows\\Fonts\\sylfaen.ttf', name='Sylfaen', style='normal', variant='normal', weight=400, stretch='normal', size='scalable')) = 10.05
2026-08-01 18:54:48,909 [DEBUG] MainThread: findfont: score(FontEntry(fname='C:\\Windows\\Fonts\\calibri.ttf', name='Calibri', style='normal', variant='normal', weight=400, stretch='normal', size='scalable')) = 10.05
2026-08-01 18:54:48,909 [DEBUG] MainThread: findfont: score(FontEntry(fname='C:\\Windows\\Fonts\\MiriamMonoCLM-Book.ttf', name='Miriam Mono CLM', style='normal', variant='normal', weight=400, stretch='normal', size='scalable')) = 10.05
2026-08-01 18:54:48,909 [DEBUG] MainThread: findfont: score(FontEntry(fname='C:\\Windows\\Fonts\\DavidCLM-MediumItalic.otf', name='David CLM', style='italic', variant='normal', weight=500, stretch='normal', size='scalable')) = 11.145
2026-08-01 18:54:48,909 [DEBUG] MainThread: findfont: score(FontEntry(fname='C:\\Windows\\Fonts\\NotoSerifLao-Regular.ttf', name='Noto Serif Lao', style='normal', variant='normal', weight=400, stretch='normal', size='scalable')) = 10.05
2026-08-01 18:54:48,909 [DEBUG] MainThread: findfont: score(FontEntry(fname='C:\\Windows\\Fonts\\calibriz.ttf', name='Calibri', style='italic', variant='normal', weight=700, stretch='normal', size='scalable')) = 11.335
2026-08-01 18:54:48,909 [DEBUG] MainThread: findfont: score(FontEntry(fname='C:\\Windows\\Fonts\\msyi.ttf', name='Microsoft Yi Baiti', style='normal', variant='normal', weight=400, stretch='normal', size='scalable')) = 10.05
2026-08-01 18:54:48,909 [DEBUG] MainThread: findfont: score(FontEntry(fname='C:\\Windows\\Fonts\\constanz.ttf', name='Constantia', style='italic', variant='normal', weight=700, stretch='normal', size='scalable')) = 11.335
2026-08-01 18:54:48,909 [DEBUG] MainThread: findfont: score(FontEntry(fname='C:\\Windows\\Fonts\\seguisym.ttf', name='Segoe UI Symbol', style='normal', variant='normal', weight=400, stretch='normal', size='scalable')) = 10.05
2026-08-01 18:54:48,909 [DEBUG] MainThread: findfont: score(FontEntry(fname='C:\\Windows\\Fonts\\NachlieliCLM-LightOblique.otf', name='Nachlieli CLM', style='oblique', variant='normal', weight=300, stretch='normal', size='scalable')) = 11.145
2026-08-01 18:54:48,909 [DEBUG] MainThread: findfont: score(FontEntry(fname='C:\\Windows\\Fonts\\ariblk.ttf', name='Arial', style='normal', variant='normal', weight=900, stretch='normal', size='scalable')) = 6.888636363636364
2026-08-01 18:54:48,909 [DEBUG] MainThread: findfont: score(FontEntry(fname='C:\\Windows\\Fonts\\MiriamLibre-Regular.otf', name='Miriam Libre', style='normal', variant='normal', weight=400, stretch='normal', size='scalable')) = 10.05
2026-08-01 18:54:48,909 [DEBUG] MainThread: findfont: score(FontEntry(fname='C:\\Windows\\Fonts\\trebucbi.ttf', name='Trebuchet MS', style='italic', variant='normal', weight=700, stretch='normal', size='scalable')) = 11.335
2026-08-01 18:54:48,909 [DEBUG] MainThread: findfont: score(FontEntry(fname='C:\\Windows\\Fonts\\framdit.ttf', name='Franklin Gothic Medium', style='italic', variant='normal', weight=400, stretch='normal', size='scalable')) = 11.05
2026-08-01 18:54:48,909 [DEBUG] MainThread: findfont: score(FontEntry(fname='C:\\Windows\\Fonts\\DejaVuSerifCondensed.ttf', name='DejaVu Serif', style='normal', variant='normal', weight=400, stretch='condensed', size='scalable')) = 10.25
2026-08-01 18:54:48,909 [DEBUG] MainThread: findfont: score(FontEntry(fname='C:\\Windows\\Fonts\\YuGothB.ttc', name='Yu Gothic', style='normal', variant='normal', weight=700, stretch='normal', size='scalable')) = 10.335
2026-08-01 18:54:48,909 [DEBUG] MainThread: findfont: score(FontEntry(fname='C:\\Windows\\Fonts\\NotoSansHebrew-Bold.ttf', name='Noto Sans Hebrew', style='normal', variant='normal', weight=700, stretch='normal', size='scalable')) = 10.335
2026-08-01 18:54:48,909 [DEBUG] MainThread: findfont: score(FontEntry(fname='C:\\Windows\\Fonts\\seguisb.ttf', name='Segoe UI', style='normal', variant='normal', weight=600, stretch='normal', size='scalable')) = 10.24
2026-08-01 18:54:48,910 [DEBUG] MainThread: findfont: score(FontEntry(fname='C:\\Windows\\Fonts\\trebuc.ttf', name='Trebuchet MS', style='normal', variant='normal', weight=400, stretch='normal', size='scalable')) = 10.05
2026-08-01 18:54:48,910 [DEBUG] MainThread: findfont: score(FontEntry(fname='C:\\Windows\\Fonts\\consolai.ttf', name='Consolas', style='italic', variant='normal', weight=400, stretch='normal', size='scalable')) = 11.05
2026-08-01 18:54:48,910 [DEBUG] MainThread: findfont: score(FontEntry(fname='C:\\Windows\\Fonts\\DejaVuSerif.ttf', name='DejaVu Serif', style='normal', variant='normal', weight=400, stretch='normal', size='scalable')) = 10.05
2026-08-01 18:54:48,910 [DEBUG] MainThread: findfont: score(FontEntry(fname='C:\\Windows\\Fonts\\NotoSansArmenian-Regular.ttf', name='Noto Sans Armenian', style='normal', variant='normal', weight=400, stretch='normal', size='scalable')) = 10.05
2026-08-01 18:54:48,910 [DEBUG] MainThread: findfont: score(FontEntry(fname='C:\\Windows\\Fonts\\LiberationSansNarrow-Bold.ttf', name='Liberation Sans Narrow', style='normal', variant='normal', weight=700, stretch='condensed', size='scalable')) = 10.535
2026-08-01 18:54:48,910 [DEBUG] MainThread: findfont: score(FontEntry(fname='C:\\Windows\\Fonts\\gadugib.ttf', name='Gadugi', style='normal', variant='normal', weight=700, stretch='normal', size='scalable')) = 10.335
2026-08-01 18:54:48,910 [DEBUG] MainThread: findfont: score(FontEntry(fname='C:\\Windows\\Fonts\\symbol.ttf', name='Symbol', style='normal', variant='normal', weight=400, stretch='normal', size='scalable')) = 10.05
2026-08-01 18:54:48,910 [DEBUG] MainThread: findfont: score(FontEntry(fname='C:\\Windows\\Fonts\\Candarai.ttf', name='Candara', style='italic', variant='normal', weight=400, stretch='normal', size='scalable')) = 11.05
2026-08-01 18:54:48,910 [DEBUG] MainThread: findfont: score(FontEntry(fname='C:\\Windows\\Fonts\\bahnschrift.ttf', name='Bahnschrift', style='normal', variant='normal', weight=400, stretch='normal', size='scalable')) = 10.05
2026-08-01 18:54:48,910 [DEBUG] MainThread: findfont: score(FontEntry(fname='C:\\Windows\\Fonts\\comicbd.ttf', name='Comic Sans MS', style='normal', variant='normal', weight=700, stretch='normal', size='scalable')) = 10.335
2026-08-01 18:54:48,910 [DEBUG] MainThread: findfont: score(FontEntry(fname='C:\\Windows\\Fonts\\NotoSerifHebrew-Regular.ttf', name='Noto Serif Hebrew', style='normal', variant='normal', weight=400, stretch='normal', size='scalable')) = 10.05
2026-08-01 18:54:48,910 [DEBUG] MainThread: findfont: score(FontEntry(fname='C:\\Windows\\Fonts\\verdanaz.ttf', name='Verdana', style='italic', variant='normal', weight=700, stretch='normal', size='scalable')) = 4.971363636363637
2026-08-01 18:54:48,910 [DEBUG] MainThread: findfont: score(FontEntry(fname='C:\\Windows\\Fonts\\NotoSerif-Regular.ttf', name='Noto Serif', style='normal', variant='normal', weight=400, stretch='normal', size='scalable')) = 10.05
2026-08-01 18:54:48,910 [DEBUG] MainThread: findfont: score(FontEntry(fname='C:\\Windows\\Fonts\\LiberationSans-Regular.ttf', name='Liberation Sans', style='normal', variant='normal', weight=400, stretch='normal', size='scalable')) = 10.05
2026-08-01 18:54:48,910 [DEBUG] MainThread: findfont: score(FontEntry(fname='C:\\Windows\\Fonts\\Rubik-Italic.ttf', name='Rubik', style='italic', variant='normal', weight=400, stretch='normal', size='scalable')) = 11.05
2026-08-01 18:54:48,910 [DEBUG] MainThread: findfont: score(FontEntry(fname='C:\\Windows\\Fonts\\LatoWeb-SemiboldItalic.ttf', name='Lato', style='italic', variant='normal', weight=600, stretch='normal', size='scalable')) = 11.24
2026-08-01 18:54:48,910 [DEBUG] MainThread: findfont: score(FontEntry(fname='C:\\Windows\\Fonts\\NotoSerifGeorgian-Bold.ttf', name='Noto Serif Georgian', style='normal', variant='normal', weight=700, stretch='normal', size='scalable')) = 10.335
2026-08-01 18:54:48,910 [DEBUG] MainThread: findfont: score(FontEntry(fname='C:\\Windows\\Fonts\\segoeprb.ttf', name='Segoe Print', style='normal', variant='normal', weight=700, stretch='normal', size='scalable')) = 10.335
2026-08-01 18:54:48,910 [DEBUG] MainThread: findfont: score(FontEntry(fname='C:\\Windows\\Fonts\\LinBiolinum_RB_G.ttf', name='Linux Biolinum G', style='normal', variant='normal', weight=700, stretch='normal', size='scalable')) = 10.335
2026-08-01 18:54:48,911 [DEBUG] MainThread: findfont: score(FontEntry(fname='C:\\Windows\\Fonts\\SitkaVF.ttf', name='Sitka', style='normal', variant='normal', weight=400, stretch='normal', size='scalable')) = 10.05
2026-08-01 18:54:48,911 [DEBUG] MainThread: findfont: score(FontEntry(fname='C:\\Windows\\Fonts\\SegUIVar.ttf', name='Segoe UI Variable', style='normal', variant='normal', weight=400, stretch='normal', size='scalable')) = 10.05
2026-08-01 18:54:48,911 [DEBUG] MainThread: findfont: score(FontEntry(fname='C:\\Windows\\Fonts\\micross.ttf', name='Microsoft Sans Serif', style='normal', variant='normal', weight=400, stretch='normal', size='scalable')) = 10.05
2026-08-01 18:54:48,911 [DEBUG] MainThread: findfont: score(FontEntry(fname='C:\\Windows\\Fonts\\opens___.ttf', name='OpenSymbol', style='normal', variant='normal', weight=400, stretch='normal', size='scalable')) = 10.05
2026-08-01 18:54:48,911 [DEBUG] MainThread: findfont: score(FontEntry(fname='C:\\Windows\\Fonts\\monbaiti.ttf', name='Mongolian Baiti', style='normal', variant='normal', weight=400, stretch='normal', size='scalable')) = 10.05
2026-08-01 18:54:48,911 [DEBUG] MainThread: findfont: score(FontEntry(fname='C:\\Windows\\Fonts\\FrankRuehlCLM-Bold.otf', name='Frank Ruehl CLM', style='normal', variant='normal', weight=700, stretch='normal', size='scalable')) = 10.335
2026-08-01 18:54:48,911 [DEBUG] MainThread: findfont: score(FontEntry(fname='C:\\Windows\\Fonts\\NotoSerifGeorgian-Regular.ttf', name='Noto Serif Georgian', style='normal', variant='normal', weight=400, stretch='normal', size='scalable')) = 10.05
2026-08-01 18:54:48,911 [DEBUG] MainThread: findfont: score(FontEntry(fname='C:\\Windows\\Fonts\\NotoSerifLao-Bold.ttf', name='Noto Serif Lao', style='normal', variant='normal', weight=700, stretch='normal', size='scalable')) = 10.335
2026-08-01 18:54:48,911 [DEBUG] MainThread: findfont: score(FontEntry(fname='C:\\Windows\\Fonts\\taile.ttf', name='Microsoft Tai Le', style='normal', variant='normal', weight=400, stretch='normal', size='scalable')) = 10.05
2026-08-01 18:54:48,911 [DEBUG] MainThread: findfont: score(FontEntry(fname='C:\\Windows\\Fonts\\LinLibertine_RI_G.ttf', name='Linux Libertine G', style='italic', variant='normal', weight=400, stretch='normal', size='scalable')) = 11.05
2026-08-01 18:54:48,911 [DEBUG] MainThread: findfont: score(FontEntry(fname='C:\\Windows\\Fonts\\corbel.ttf', name='Corbel', style='normal', variant='normal', weight=400, stretch='normal', size='scalable')) = 10.05
2026-08-01 18:54:48,911 [DEBUG] MainThread: findfont: score(FontEntry(fname='C:\\Windows\\Fonts\\cambria.ttc', name='Cambria', style='normal', variant='normal', weight=400, stretch='normal', size='scalable')) = 10.05
2026-08-01 18:54:48,911 [DEBUG] MainThread: findfont: score(FontEntry(fname='C:\\Windows\\Fonts\\GenBkBasB.ttf', name='Gentium Book Basic', style='normal', variant='normal', weight=700, stretch='normal', size='scalable')) = 10.335
2026-08-01 18:54:48,911 [DEBUG] MainThread: findfont: score(FontEntry(fname='C:\\Windows\\Fonts\\cambriai.ttf', name='Cambria', style='italic', variant='normal', weight=400, stretch='normal', size='scalable')) = 11.05
2026-08-01 18:54:48,911 [DEBUG] MainThread: findfont: score(FontEntry(fname='C:\\Windows\\Fonts\\DejaVuSerifCondensed-BoldItalic.ttf', name='DejaVu Serif', style='italic', variant='normal', weight=700, stretch='condensed', size='scalable')) = 11.535
2026-08-01 18:54:48,911 [DEBUG] MainThread: findfont: score(FontEntry(fname='C:\\Windows\\Fonts\\ebrima.ttf', name='Ebrima', style='normal', variant='normal', weight=400, stretch='normal', size='scalable')) = 10.05
2026-08-01 18:54:48,912 [DEBUG] MainThread: findfont: score(FontEntry(fname='C:\\Windows\\Fonts\\LiberationSerif-Regular.ttf', name='Liberation Serif', style='normal', variant='normal', weight=400, stretch='normal', size='scalable')) = 10.05
2026-08-01 18:54:48,912 [DEBUG] MainThread: findfont: score(FontEntry(fname='C:\\Windows\\Fonts\\consola.ttf', name='Consolas', style='normal', variant='normal', weight=400, stretch='normal', size='scalable')) = 10.05
2026-08-01 18:54:48,912 [DEBUG] MainThread: findfont: score(FontEntry(fname='C:\\Windows\\Fonts\\segoeuii.ttf', name='Segoe UI', style='italic', variant='normal', weight=400, stretch='normal', size='scalable')) = 11.05
2026-08-01 18:54:48,912 [DEBUG] MainThread: findfont: score(FontEntry(fname='C:\\Windows\\Fonts\\DejaVuSerifCondensed-Italic.ttf', name='DejaVu Serif', style='italic', variant='normal', weight=400, stretch='condensed', size='scalable')) = 11.25
2026-08-01 18:54:48,912 [DEBUG] MainThread: findfont: score(FontEntry(fname='C:\\Windows\\Fonts\\LiberationSans-Bold.ttf', name='Liberation Sans', style='normal', variant='normal', weight=700, stretch='normal', size='scalable')) = 10.335
2026-08-01 18:54:48,912 [DEBUG] MainThread: findfont: score(FontEntry(fname='C:\\Windows\\Fonts\\webdings.ttf', name='Webdings', style='normal', variant='normal', weight=400, stretch='normal', size='scalable')) = 10.05
2026-08-01 18:54:48,912 [DEBUG] MainThread: findfont: score(FontEntry(fname='C:\\Windows\\Fonts\\seguili.ttf', name='Segoe UI', style='italic', variant='normal', weight=300, stretch='normal', size='scalable')) = 11.145
2026-08-01 18:54:48,912 [DEBUG] MainThread: findfont: score(FontEntry(fname='C:\\Windows\\Fonts\\DejaVuSerif-Bold.ttf', name='DejaVu Serif', style='normal', variant='normal', weight=700, stretch='normal', size='scalable')) = 10.335
2026-08-01 18:54:48,912 [DEBUG] MainThread: findfont: score(FontEntry(fname='C:\\Windows\\Fonts\\Gabriola.ttf', name='Gabriola', style='normal', variant='normal', weight=400, stretch='normal', size='scalable')) = 10.05
2026-08-01 18:54:48,912 [DEBUG] MainThread: findfont: score(FontEntry(fname='C:\\Windows\\Fonts\\AmiriQuran.ttf', name='Amiri Quran', style='normal', variant='normal', weight=400, stretch='normal', size='scalable')) = 10.05
2026-08-01 18:54:48,912 [DEBUG] MainThread: findfont: score(FontEntry(fname='C:\\Windows\\Fonts\\DavidLibre-Bold.ttf', name='David Libre', style='normal', variant='normal', weight=700, stretch='normal', size='scalable')) = 10.335
2026-08-01 18:54:48,912 [DEBUG] MainThread: findfont: score(FontEntry(fname='C:\\Windows\\Fonts\\NotoSansArmenian-Bold.ttf', name='Noto Sans Armenian', style='normal', variant='normal', weight=700, stretch='normal', size='scalable')) = 10.335
2026-08-01 18:54:48,912 [DEBUG] MainThread: findfont: score(FontEntry(fname='C:\\Windows\\Fonts\\LeelawUI.ttf', name='Leelawadee UI', style='normal', variant='normal', weight=400, stretch='normal', size='scalable')) = 10.05
2026-08-01 18:54:48,912 [DEBUG] MainThread: findfont: score(FontEntry(fname='C:\\Windows\\Fonts\\corbeli.ttf', name='Corbel', style='italic', variant='normal', weight=400, stretch='normal', size='scalable')) = 11.05
2026-08-01 18:54:48,912 [DEBUG] MainThread: findfont: score(FontEntry(fname='C:\\Windows\\Fonts\\taileb.ttf', name='Microsoft Tai Le', style='normal', variant='normal', weight=700, stretch='normal', size='scalable')) = 10.335
2026-08-01 18:54:48,912 [DEBUG] MainThread: findfont: score(FontEntry(fname='C:\\Windows\\Fonts\\georgia.ttf', name='Georgia', style='normal', variant='normal', weight=400, stretch='normal', size='scalable')) = 10.05
2026-08-01 18:54:48,912 [DEBUG] MainThread: findfont: score(FontEntry(fname='C:\\Windows\\Fonts\\segoeui.ttf', name='Segoe UI', style='normal', variant='normal', weight=400, stretch='normal', size='scalable')) = 10.05
2026-08-01 18:54:48,913 [DEBUG] MainThread: findfont: score(FontEntry(fname='C:\\Windows\\Fonts\\FrankRuhlHofshi-Regular.otf', name='Frank Ruhl Hofshi', style='normal', variant='normal', weight=400, stretch='normal', size='scalable')) = 10.05
2026-08-01 18:54:48,913 [DEBUG] MainThread: findfont: score(FontEntry(fname='C:\\Windows\\Fonts\\NotoSansArabic-Bold.ttf', name='Noto Sans Arabic', style='normal', variant='normal', weight=700, stretch='normal', size='scalable')) = 10.335
2026-08-01 18:54:48,913 [DEBUG] MainThread: findfont: score(FontEntry(fname='C:\\Windows\\Fonts\\DejaVuSerif-Italic.ttf', name='DejaVu Serif', style='italic', variant='normal', weight=400, stretch='normal', size='scalable')) = 11.05
2026-08-01 18:54:48,913 [DEBUG] MainThread: findfont: score(FontEntry(fname='C:\\Windows\\Fonts\\calibrib.ttf', name='Calibri', style='normal', variant='normal', weight=700, stretch='normal', size='scalable')) = 10.335
2026-08-01 18:54:48,913 [DEBUG] MainThread: findfont: score(FontEntry(fname='C:\\Windows\\Fonts\\verdana.ttf', name='Verdana', style='normal', variant='normal', weight=400, stretch='normal', size='scalable')) = 3.6863636363636365
2026-08-01 18:54:48,913 [DEBUG] MainThread: findfont: score(FontEntry(fname='C:\\Windows\\Fonts\\palai.ttf', name='Palatino Linotype', style='italic', variant='normal', weight=400, stretch='normal', size='scalable')) = 11.05
2026-08-01 18:54:48,913 [DEBUG] MainThread: findfont: score(FontEntry(fname='C:\\Windows\\Fonts\\DejaVuSans-Oblique.ttf', name='DejaVu Sans', style='oblique', variant='normal', weight=400, stretch='normal', size='scalable')) = 1.05
2026-08-01 18:54:48,913 [DEBUG] MainThread: findfont: score(FontEntry(fname='C:\\Windows\\Fonts\\DejaVuSansCondensed-Oblique.ttf', name='DejaVu Sans', style='oblique', variant='normal', weight=400, stretch='condensed', size='scalable')) = 1.25
2026-08-01 18:54:48,913 [DEBUG] MainThread: findfont: score(FontEntry(fname='C:\\Windows\\Fonts\\MiriamMonoCLM-BoldOblique.ttf', name='Miriam Mono CLM', style='oblique', variant='normal', weight=700, stretch='normal', size='scalable')) = 11.335
2026-08-01 18:54:48,913 [DEBUG] MainThread: findfont: score(FontEntry(fname='C:\\Windows\\Fonts\\NotoSerif-BoldItalic.ttf', name='Noto Serif', style='italic', variant='normal', weight=700, stretch='normal', size='scalable')) = 11.335
2026-08-01 18:54:48,913 [DEBUG] MainThread: findfont: score(FontEntry(fname='C:\\Windows\\Fonts\\LinLibertine_RZI_G.ttf', name='Linux Libertine G', style='italic', variant='normal', weight=600, stretch='normal', size='scalable')) = 11.24
2026-08-01 18:54:48,913 [DEBUG] MainThread: findfont: score(FontEntry(fname='C:\\Windows\\Fonts\\Carlito-Italic.ttf', name='Carlito', style='italic', variant='normal', weight=400, stretch='normal', size='scalable')) = 11.05
2026-08-01 18:54:48,913 [DEBUG] MainThread: findfont: score(FontEntry(fname='C:\\Windows\\Fonts\\NotoSansGeorgian-Bold.ttf', name='Noto Sans Georgian', style='normal', variant='normal', weight=700, stretch='normal', size='scalable')) = 10.335
2026-08-01 18:54:48,913 [DEBUG] MainThread: findfont: score(FontEntry(fname='C:\\Windows\\Fonts\\georgiaz.ttf', name='Georgia', style='italic', variant='normal', weight=700, stretch='normal', size='scalable')) = 11.335
2026-08-01 18:54:48,913 [DEBUG] MainThread: findfont: score(FontEntry(fname='C:\\Windows\\Fonts\\NotoSerif-Bold.ttf', name='Noto Serif', style='normal', variant='normal', weight=700, stretch='normal', size='scalable')) = 10.335
2026-08-01 18:54:48,914 [DEBUG] MainThread: findfont: score(FontEntry(fname='C:\\Windows\\Fonts\\seguibli.ttf', name='Segoe UI', style='italic', variant='normal', weight=900, stretch='normal', size='scalable')) = 11.525
2026-08-01 18:54:48,914 [DEBUG] MainThread: findfont: score(FontEntry(fname='C:\\Windows\\Fonts\\mmrtextb.ttf', name='Myanmar Text', style='normal', variant='normal', weight=700, stretch='normal', size='scalable')) = 10.335
2026-08-01 18:54:48,914 [DEBUG] MainThread: findfont: score(FontEntry(fname='C:\\Windows\\Fonts\\DejaVuSansMono-Oblique.ttf', name='DejaVu Sans Mono', style='oblique', variant='normal', weight=400, stretch='normal', size='scalable')) = 11.05
2026-08-01 18:54:48,914 [DEBUG] MainThread: findfont: score(FontEntry(fname='C:\\Windows\\Fonts\\LatoWeb-Regular.ttf', name='Lato', style='normal', variant='normal', weight=400, stretch='normal', size='scalable')) = 10.05
2026-08-01 18:54:48,914 [DEBUG] MainThread: findfont: score(FontEntry(fname='C:\\Windows\\Fonts\\ariali.ttf', name='Arial', style='italic', variant='normal', weight=400, stretch='normal', size='scalable')) = 7.413636363636363
2026-08-01 18:54:48,914 [DEBUG] MainThread: findfont: score(FontEntry(fname='C:\\Windows\\Fonts\\segoeuisl.ttf', name='Segoe UI', style='normal', variant='normal', weight=350, stretch='normal', size='scalable')) = 10.0975
2026-08-01 18:54:48,914 [DEBUG] MainThread: findfont: score(FontEntry(fname='C:\\Windows\\Fonts\\Amiri-Italic.ttf', name='Amiri', style='italic', variant='normal', weight=400, stretch='normal', size='scalable')) = 11.05
2026-08-01 18:54:48,914 [DEBUG] MainThread: findfont: score(FontEntry(fname='C:\\Windows\\Fonts\\LinLibertine_RBI_G.ttf', name='Linux Libertine G', style='italic', variant='normal', weight=700, stretch='normal', size='scalable')) = 11.335
2026-08-01 18:54:48,914 [DEBUG] MainThread: findfont: score(FontEntry(fname='C:\\Windows\\Fonts\\mingliub.ttc', name='MingLiU-ExtB', style='normal', variant='normal', weight=400, stretch='normal', size='scalable')) = 10.05
2026-08-01 18:54:48,914 [DEBUG] MainThread: findfont: score(FontEntry(fname='C:\\Windows\\Fonts\\NotoSansLisu-Regular.ttf', name='Noto Sans Lisu', style='normal', variant='normal', weight=400, stretch='normal', size='scalable')) = 10.05
2026-08-01 18:54:48,914 [DEBUG] MainThread: findfont: score(FontEntry(fname='C:\\Windows\\Fonts\\Caladea-Regular.ttf', name='Caladea', style='normal', variant='normal', weight=400, stretch='normal', size='scalable')) = 10.05
2026-08-01 18:54:48,914 [DEBUG] MainThread: findfont: score(FontEntry(fname='C:\\Windows\\Fonts\\Carlito-BoldItalic.ttf', name='Carlito', style='italic', variant='normal', weight=700, stretch='normal', size='scalable')) = 11.335
2026-08-01 18:54:48,914 [DEBUG] MainThread: findfont: score(FontEntry(fname='C:\\Windows\\Fonts\\timesbd.ttf', name='Times New Roman', style='normal', variant='normal', weight=700, stretch='normal', size='scalable')) = 10.335
2026-08-01 18:54:48,914 [DEBUG] MainThread: findfont: score(FontEntry(fname='C:\\Windows\\Fonts\\segmdl2.ttf', name='Segoe MDL2 Assets', style='normal', variant='normal', weight=400, stretch='normal', size='scalable')) = 10.05
2026-08-01 18:54:48,914 [DEBUG] MainThread: findfont: score(FontEntry(fname='C:\\Windows\\Fonts\\cambriaz.ttf', name='Cambria', style='italic', variant='normal', weight=700, stretch='normal', size='scalable')) = 11.335
2026-08-01 18:54:48,914 [DEBUG] MainThread: findfont: score(FontEntry(fname='C:\\Windows\\Fonts\\segoescb.ttf', name='Segoe Script', style='normal', variant='normal', weight=700, stretch='normal', size='scalable')) = 10.335
2026-08-01 18:54:48,914 [DEBUG] MainThread: findfont: score(FontEntry(fname='C:\\Windows\\Fonts\\NotoSans-Italic.ttf', name='Noto Sans', style='italic', variant='normal', weight=400, stretch='normal', size='scalable')) = 11.05
2026-08-01 18:54:48,914 [DEBUG] MainThread: findfont: score(FontEntry(fname='C:\\Windows\\Fonts\\seguihis.ttf', name='Segoe UI Historic', style='normal', variant='normal', weight=400, stretch='normal', size='scalable')) = 10.05
2026-08-01 18:54:48,915 [DEBUG] MainThread: findfont: score(FontEntry(fname='C:\\Windows\\Fonts\\wingding.ttf', name='Wingdings', style='normal', variant='normal', weight=400, stretch='normal', size='scalable')) = 10.05
2026-08-01 18:54:48,915 [DEBUG] MainThread: findfont: score(FontEntry(fname='C:\\Windows\\Fonts\\LiberationMono-Italic.ttf', name='Liberation Mono', style='italic', variant='normal', weight=400, stretch='normal', size='scalable')) = 11.05
2026-08-01 18:54:48,915 [DEBUG] MainThread: findfont: score(FontEntry(fname='C:\\Windows\\Fonts\\LeelaUIb.ttf', name='Leelawadee UI', style='normal', variant='normal', weight=700, stretch='normal', size='scalable')) = 10.335
2026-08-01 18:54:48,915 [DEBUG] MainThread: findfont: score(FontEntry(fname='C:\\Windows\\Fonts\\seguisbi.ttf', name='Segoe UI', style='italic', variant='normal', weight=600, stretch='normal', size='scalable')) = 11.24
2026-08-01 18:54:48,915 [DEBUG] MainThread: findfont: score(FontEntry(fname='C:\\Windows\\Fonts\\DejaVuSans-ExtraLight.ttf', name='DejaVu Sans', style='normal', variant='normal', weight=200, stretch='normal', size='scalable')) = 0.24
2026-08-01 18:54:48,915 [DEBUG] MainThread: findfont: score(FontEntry(fname='C:\\Windows\\Fonts\\phagspab.ttf', name='Microsoft PhagsPa', style='normal', variant='normal', weight=700, stretch='normal', size='scalable')) = 10.335
2026-08-01 18:54:48,915 [DEBUG] MainThread: findfont: score(FontEntry(fname='C:\\Windows\\Fonts\\georgiai.ttf', name='Georgia', style='italic', variant='normal', weight=400, stretch='normal', size='scalable')) = 11.05
2026-08-01 18:54:48,915 [DEBUG] MainThread: findfont: score(FontEntry(fname='C:\\Windows\\Fonts\\NachlieliCLM-BoldOblique.otf', name='Nachlieli CLM', style='oblique', variant='normal', weight=600, stretch='normal', size='scalable')) = 11.24
2026-08-01 18:54:48,915 [DEBUG] MainThread: findfont: score(FontEntry(fname='C:\\Windows\\Fonts\\FrankRuehlCLM-BoldOblique.otf', name='Frank Ruehl CLM', style='oblique', variant='normal', weight=700, stretch='normal', size='scalable')) = 11.335
2026-08-01 18:54:48,915 [DEBUG] MainThread: findfont: score(FontEntry(fname='C:\\Windows\\Fonts\\gadugi.ttf', name='Gadugi', style='normal', variant='normal', weight=400, stretch='normal', size='scalable')) = 10.05
2026-08-01 18:54:48,915 [DEBUG] MainThread: findfont: score(FontEntry(fname='C:\\Windows\\Fonts\\FrankRuhlHofshi-Bold.otf', name='Frank Ruhl Hofshi', style='normal', variant='normal', weight=700, stretch='normal', size='scalable')) = 10.335
2026-08-01 18:54:48,915 [DEBUG] MainThread: findfont: score(FontEntry(fname='C:\\Windows\\Fonts\\DejaVuSansMono.ttf', name='DejaVu Sans Mono', style='normal', variant='normal', weight=400, stretch='normal', size='scalable')) = 10.05
2026-08-01 18:54:48,915 [DEBUG] MainThread: findfont: score(FontEntry(fname='C:\\Windows\\Fonts\\timesbi.ttf', name='Times New Roman', style='italic', variant='normal', weight=700, stretch='normal', size='scalable')) = 11.335
2026-08-01 18:54:48,915 [DEBUG] MainThread: findfont: score(FontEntry(fname='C:\\Windows\\Fonts\\Rubik-BoldItalic.ttf', name='Rubik', style='italic', variant='normal', weight=700, stretch='normal', size='scalable')) = 11.335
2026-08-01 18:54:48,915 [DEBUG] MainThread: findfont: score(FontEntry(fname='C:\\Windows\\Fonts\\NotoNaskhArabic-Regular.ttf', name='Noto Naskh Arabic', style='normal', variant='normal', weight=400, stretch='normal', size='scalable')) = 10.05
2026-08-01 18:54:48,915 [DEBUG] MainThread: findfont: score(FontEntry(fname='C:\\Windows\\Fonts\\times.ttf', name='Times New Roman', style='normal', variant='normal', weight=400, stretch='normal', size='scalable')) = 10.05
2026-08-01 18:54:48,916 [DEBUG] MainThread: findfont: score(FontEntry(fname='C:\\Windows\\Fonts\\SegoeIcons.ttf', name='Segoe Fluent Icons', style='normal', variant='normal', weight=400, stretch='normal', size='scalable')) = 10.05
2026-08-01 18:54:48,916 [DEBUG] MainThread: findfont: score(FontEntry(fname='C:\\Windows\\Fonts\\Candaraz.ttf', name='Candara', style='italic', variant='normal', weight=700, stretch='normal', size='scalable')) = 11.335
2026-08-01 18:54:48,916 [DEBUG] MainThread: findfont: score(FontEntry(fname='C:\\Windows\\Fonts\\NotoSans-Bold.ttf', name='Noto Sans', style='normal', variant='normal', weight=700, stretch='normal', size='scalable')) = 10.335
2026-08-01 18:54:48,916 [DEBUG] MainThread: findfont: score(FontEntry(fname='C:\\Windows\\Fonts\\NotoSansLao-Bold.ttf', name='Noto Sans Lao', style='normal', variant='normal', weight=700, stretch='normal', size='scalable')) = 10.335
2026-08-01 18:54:48,916 [DEBUG] MainThread: findfont: score(FontEntry(fname='C:\\Windows\\Fonts\\LiberationSerif-Bold.ttf', name='Liberation Serif', style='normal', variant='normal', weight=700, stretch='normal', size='scalable')) = 10.335
2026-08-01 18:54:48,916 [DEBUG] MainThread: findfont: score(FontEntry(fname='C:\\Windows\\Fonts\\constan.ttf', name='Constantia', style='normal', variant='normal', weight=400, stretch='normal', size='scalable')) = 10.05
2026-08-01 18:54:48,916 [DEBUG] MainThread: findfont: score(FontEntry(fname='C:\\Windows\\Fonts\\NotoSansGeorgian-Regular.ttf', name='Noto Sans Georgian', style='normal', variant='normal', weight=400, stretch='normal', size='scalable')) = 10.05
2026-08-01 18:54:48,916 [DEBUG] MainThread: findfont: score(FontEntry(fname='C:\\Windows\\Fonts\\LinBiolinum_RI_G.ttf', name='Linux Biolinum G', style='italic', variant='normal', weight=400, stretch='normal', size='scalable')) = 11.05
2026-08-01 18:54:48,916 [DEBUG] MainThread: findfont: score(FontEntry(fname='C:\\Windows\\Fonts\\LinLibertine_R_G.ttf', name='Linux Libertine G', style='normal', variant='normal', weight=400, stretch='normal', size='scalable')) = 10.05
2026-08-01 18:54:48,916 [DEBUG] MainThread: findfont: score(FontEntry(fname='C:\\Windows\\Fonts\\seguisli.ttf', name='Segoe UI', style='italic', variant='normal', weight=350, stretch='normal', size='scalable')) = 11.0975
2026-08-01 18:54:48,916 [DEBUG] MainThread: findfont: score(FontEntry(fname='C:\\Windows\\Fonts\\arialbi.ttf', name='Arial', style='italic', variant='normal', weight=700, stretch='normal', size='scalable')) = 7.698636363636363
2026-08-01 18:54:48,916 [DEBUG] MainThread: findfont: score(FontEntry(fname='C:\\Windows\\Fonts\\Candaral.ttf', name='Candara', style='normal', variant='normal', weight=400, stretch='normal', size='scalable')) = 10.05
2026-08-01 18:54:48,916 [DEBUG] MainThread: findfont: score(FontEntry(fname='C:\\Windows\\Fonts\\simsun.ttc', name='SimSun', style='normal', variant='normal', weight=400, stretch='normal', size='scalable')) = 10.05
2026-08-01 18:54:48,916 [DEBUG] MainThread: findfont: Matching sans\-serif:style=normal:variant=normal:weight=normal:stretch=normal:size=9.0 to DejaVu Sans ('c:\\Users\\Username\\Desktop\\Folder\\Developing\\Ortez\\app\\.venv\\Lib\\site-packages\\matplotlib\\mpl-data\\fonts\\ttf\\DejaVuSans.ttf') with score of 0.050000.
2026-08-01 18:54:57,595 [INFO] MainThread: [MCU DEBUG] stop() called
2026-08-01 18:54:57,595 [INFO] MainThread: [MCU DEBUG] Closing serial port on stop: COM3
2026-08-01 18:54:57,598 [INFO] Dummy-1: [MCU DEBUG] Thread loop ended
2026-08-01 18:54:57,598 [INFO] MainThread: [MCU DEBUG] stop() finished
2026-08-01 18:55:36,254 [DEBUG] MainThread: matplotlib data path: c:\Users\Username\Desktop\Folder\Developing\Ortez\app\.venv\Lib\site-packages\matplotlib\mpl-data
2026-08-01 18:55:36,276 [DEBUG] MainThread: CONFIGDIR=C:\Users\Username\.matplotlib
2026-08-01 18:55:36,277 [DEBUG] MainThread: interactive is False
2026-08-01 18:55:36,278 [DEBUG] MainThread: platform is win32
2026-08-01 18:55:36,339 [DEBUG] MainThread: CACHEDIR=C:\Users\Username\.matplotlib
2026-08-01 18:55:36,342 [DEBUG] MainThread: Using fontManager instance from C:\Users\Username\.matplotlib\fontlist-v390.json
2026-08-01 18:55:37,064 [INFO] MainThread: [MCU DEBUG] MCUThread created
2026-08-01 18:55:37,064 [INFO] MainThread: [MCU DEBUG] Log file: C:\Users\Username\Desktop\Folder\Developing\Ortez\app\src\mcu_debug.log
2026-08-01 18:55:37,065 [INFO] MainThread: [MCU DEBUG] Initial port=COM6, baud=115200
2026-08-01 18:55:37,298 [INFO] Dummy-1: [MCU DEBUG] Thread started
2026-08-01 18:55:37,322 [INFO] Dummy-1: [MCU DEBUG] connect() called
2026-08-01 18:55:37,323 [INFO] Dummy-1: [MCU DEBUG] Requested/configured port: COM6
2026-08-01 18:55:37,336 [INFO] Dummy-1: [MCU DEBUG] Available COM ports:
2026-08-01 18:55:37,336 [INFO] Dummy-1:     device=COM3, description=USB-SERIAL CH340 (COM3), hwid=USB VID:PID=1A86:7523 SER= LOCATION=1-2, manufacturer=wch.cn, product=None
2026-08-01 18:55:37,337 [INFO] Dummy-1: [MCU DEBUG] Trying configured port: COM6
2026-08-01 18:55:37,346 [ERROR] Dummy-1: [MCU ERROR] Configured port failed: COM6
Traceback (most recent call last):
  File "c:\Users\Username\Desktop\Folder\Developing\Ortez\app\src\mcu_thread_debug.py", line 369, in connect
    self.ser = serial.Serial(
               ~~~~~~~~~~~~~^
        self.port,
        ^^^^^^^^^^
    ...<2 lines>...
        write_timeout=0.1
        ^^^^^^^^^^^^^^^^^
    )
    ^
  File "c:\Users\Username\Desktop\Folder\Developing\Ortez\app\.venv\Lib\site-packages\serial\serialwin32.py", line 33, in __init__
    super(Serial, self).__init__(*args, **kwargs)
    ~~~~~~~~~~~~~~~~~~~~~~~~~~~~^^^^^^^^^^^^^^^^^
  File "c:\Users\Username\Desktop\Folder\Developing\Ortez\app\.venv\Lib\site-packages\serial\serialutil.py", line 244, in __init__
    self.open()
    ~~~~~~~~~^^
  File "c:\Users\Username\Desktop\Folder\Developing\Ortez\app\.venv\Lib\site-packages\serial\serialwin32.py", line 64, in open
    raise SerialException("could not open port {!r}: {!r}".format(self.portstr, ctypes.WinError()))
serial.serialutil.SerialException: could not open port 'COM6': FileNotFoundError(2, 'Не удается найти указанный файл.', None, 2)
2026-08-01 18:55:37,349 [INFO] Dummy-1: [MCU DEBUG] Trying auto port: COM3, description=USB-SERIAL CH340 (COM3), hwid=USB VID:PID=1A86:7523 SER= LOCATION=1-2
2026-08-01 18:55:37,652 [INFO] Dummy-1: [MCU] Connected to auto port COM3
2026-08-01 18:55:48,077 [INFO] MainThread: [MCU DEBUG] stop() called
2026-08-01 18:55:48,077 [INFO] MainThread: [MCU DEBUG] Closing serial port on stop: COM3
2026-08-01 18:55:48,077 [INFO] Dummy-1: [MCU DEBUG] Thread loop ended
2026-08-01 18:55:48,078 [INFO] MainThread: [MCU DEBUG] stop() finished
2026-08-01 18:56:12,581 [DEBUG] MainThread: matplotlib data path: c:\Users\Username\Desktop\Folder\Developing\Ortez\app\.venv\Lib\site-packages\matplotlib\mpl-data
2026-08-01 18:56:12,597 [DEBUG] MainThread: CONFIGDIR=C:\Users\Username\.matplotlib
2026-08-01 18:56:12,599 [DEBUG] MainThread: interactive is False
2026-08-01 18:56:12,599 [DEBUG] MainThread: platform is win32
2026-08-01 18:56:12,638 [DEBUG] MainThread: CACHEDIR=C:\Users\Username\.matplotlib
2026-08-01 18:56:12,641 [DEBUG] MainThread: Using fontManager instance from C:\Users\Username\.matplotlib\fontlist-v390.json
2026-08-01 18:56:13,277 [INFO] MainThread: [MCU DEBUG] MCUThread created
2026-08-01 18:56:13,277 [INFO] MainThread: [MCU DEBUG] Log file: C:\Users\Username\Desktop\Folder\Developing\Ortez\app\src\mcu_debug.log
2026-08-01 18:56:13,277 [INFO] MainThread: [MCU DEBUG] Initial port=COM6, baud=115200
2026-08-01 18:56:13,487 [INFO] Dummy-1: [MCU DEBUG] Thread started
2026-08-01 18:56:13,489 [INFO] Dummy-1: [MCU DEBUG] connect() called
2026-08-01 18:56:13,519 [INFO] Dummy-1: [MCU DEBUG] Requested/configured port: COM6
2026-08-01 18:56:13,533 [INFO] Dummy-1: [MCU DEBUG] Available COM ports:
2026-08-01 18:56:13,534 [INFO] Dummy-1:     device=COM3, description=USB-SERIAL CH340 (COM3), hwid=USB VID:PID=1A86:7523 SER= LOCATION=1-2, manufacturer=wch.cn, product=None
2026-08-01 18:56:13,534 [INFO] Dummy-1: [MCU DEBUG] Trying configured port: COM6
2026-08-01 18:56:13,543 [ERROR] Dummy-1: [MCU ERROR] Configured port failed: COM6
Traceback (most recent call last):
  File "c:\Users\Username\Desktop\Folder\Developing\Ortez\app\src\mcu_thread_debug.py", line 369, in connect
    self.ser = serial.Serial(
               ~~~~~~~~~~~~~^
        self.port,
        ^^^^^^^^^^
    ...<2 lines>...
        write_timeout=0.1
        ^^^^^^^^^^^^^^^^^
    )
    ^
  File "c:\Users\Username\Desktop\Folder\Developing\Ortez\app\.venv\Lib\site-packages\serial\serialwin32.py", line 33, in __init__
    super(Serial, self).__init__(*args, **kwargs)
    ~~~~~~~~~~~~~~~~~~~~~~~~~~~~^^^^^^^^^^^^^^^^^
  File "c:\Users\Username\Desktop\Folder\Developing\Ortez\app\.venv\Lib\site-packages\serial\serialutil.py", line 244, in __init__
    self.open()
    ~~~~~~~~~^^
  File "c:\Users\Username\Desktop\Folder\Developing\Ortez\app\.venv\Lib\site-packages\serial\serialwin32.py", line 64, in open
    raise SerialException("could not open port {!r}: {!r}".format(self.portstr, ctypes.WinError()))
serial.serialutil.SerialException: could not open port 'COM6': FileNotFoundError(2, 'Не удается найти указанный файл.', None, 2)
2026-08-01 18:56:13,547 [INFO] Dummy-1: [MCU DEBUG] Trying auto port: COM3, description=USB-SERIAL CH340 (COM3), hwid=USB VID:PID=1A86:7523 SER= LOCATION=1-2
2026-08-01 18:56:13,850 [INFO] Dummy-1: [MCU] Connected to auto port COM3
2026-08-01 18:56:17,371 [DEBUG] MainThread: Loaded backend Qt5Agg version 5.15.11.
2026-08-01 18:56:17,382 [DEBUG] MainThread: findfont: Matching sans\-serif:style=normal:variant=normal:weight=normal:stretch=normal:size=10.0.
2026-08-01 18:56:17,383 [DEBUG] MainThread: findfont: score(FontEntry(fname='c:\\Users\\Username\\Desktop\\Folder\\Developing\\Ortez\\app\\.venv\\Lib\\site-packages\\matplotlib\\mpl-data\\fonts\\ttf\\DejaVuSerif-BoldItalic.ttf', name='DejaVu Serif', style='italic', variant='normal', weight=700, stretch='normal', size='scalable')) = 11.335
2026-08-01 18:56:17,383 [DEBUG] MainThread: findfont: score(FontEntry(fname='c:\\Users\\Username\\Desktop\\Folder\\Developing\\Ortez\\app\\.venv\\Lib\\site-packages\\matplotlib\\mpl-data\\fonts\\ttf\\STIXSizFiveSymReg.ttf', name='STIXSizeFiveSym', style='normal', variant='normal', weight=400, stretch='normal', size='scalable')) = 10.05
2026-08-01 18:56:17,383 [DEBUG] MainThread: findfont: score(FontEntry(fname='c:\\Users\\Username\\Desktop\\Folder\\Developing\\Ortez\\app\\.venv\\Lib\\site-packages\\matplotlib\\mpl-data\\fonts\\ttf\\STIXGeneralBol.ttf', name='STIXGeneral', style='normal', variant='normal', weight=700, stretch='normal', size='scalable')) = 10.335
2026-08-01 18:56:17,383 [DEBUG] MainThread: findfont: score(FontEntry(fname='c:\\Users\\Username\\Desktop\\Folder\\Developing\\Ortez\\app\\.venv\\Lib\\site-packages\\matplotlib\\mpl-data\\fonts\\ttf\\DejaVuSerif-Italic.ttf', name='DejaVu Serif', style='italic', variant='normal', weight=400, stretch='normal', size='scalable')) = 11.05
2026-08-01 18:56:17,383 [DEBUG] MainThread: findfont: score(FontEntry(fname='c:\\Users\\Username\\Desktop\\Folder\\Developing\\Ortez\\app\\.venv\\Lib\\site-packages\\matplotlib\\mpl-data\\fonts\\ttf\\STIXGeneral.ttf', name='STIXGeneral', style='normal', variant='normal', weight=400, stretch='normal', size='scalable')) = 10.05
2026-08-01 18:56:17,383 [DEBUG] MainThread: findfont: score(FontEntry(fname='c:\\Users\\Username\\Desktop\\Folder\\Developing\\Ortez\\app\\.venv\\Lib\\site-packages\\matplotlib\\mpl-data\\fonts\\ttf\\cmsy10.ttf', name='cmsy10', style='normal', variant='normal', weight=400, stretch='normal', size='scalable')) = 10.05
2026-08-01 18:56:17,383 [DEBUG] MainThread: findfont: score(FontEntry(fname='c:\\Users\\Username\\Desktop\\Folder\\Developing\\Ortez\\app\\.venv\\Lib\\site-packages\\matplotlib\\mpl-data\\fonts\\ttf\\DejaVuSans-Oblique.ttf', name='DejaVu Sans', style='oblique', variant='normal', weight=400, stretch='normal', size='scalable')) = 1.05
2026-08-01 18:56:17,383 [DEBUG] MainThread: findfont: score(FontEntry(fname='c:\\Users\\Username\\Desktop\\Folder\\Developing\\Ortez\\app\\.venv\\Lib\\site-packages\\matplotlib\\mpl-data\\fonts\\ttf\\cmr10.ttf', name='cmr10', style='normal', variant='normal', weight=400, stretch='normal', size='scalable')) = 10.05
2026-08-01 18:56:17,383 [DEBUG] MainThread: findfont: score(FontEntry(fname='c:\\Users\\Username\\Desktop\\Folder\\Developing\\Ortez\\app\\.venv\\Lib\\site-packages\\matplotlib\\mpl-data\\fonts\\ttf\\DejaVuSansMono.ttf', name='DejaVu Sans Mono', style='normal', variant='normal', weight=400, stretch='normal', size='scalable')) = 10.05
2026-08-01 18:56:17,383 [DEBUG] MainThread: findfont: score(FontEntry(fname='c:\\Users\\Username\\Desktop\\Folder\\Developing\\Ortez\\app\\.venv\\Lib\\site-packages\\matplotlib\\mpl-data\\fonts\\ttf\\STIXSizFourSymBol.ttf', name='STIXSizeFourSym', style='normal', variant='normal', weight=700, stretch='normal', size='scalable')) = 10.335
2026-08-01 18:56:17,384 [DEBUG] MainThread: findfont: score(FontEntry(fname='c:\\Users\\Username\\Desktop\\Folder\\Developing\\Ortez\\app\\.venv\\Lib\\site-packages\\matplotlib\\mpl-data\\fonts\\ttf\\DejaVuSerif-Bold.ttf', name='DejaVu Serif', style='normal', variant='normal', weight=700, stretch='normal', size='scalable')) = 10.335
2026-08-01 18:56:17,384 [DEBUG] MainThread: findfont: score(FontEntry(fname='c:\\Users\\Username\\Desktop\\Folder\\Developing\\Ortez\\app\\.venv\\Lib\\site-packages\\matplotlib\\mpl-data\\fonts\\ttf\\STIXSizOneSymBol.ttf', name='STIXSizeOneSym', style='normal', variant='normal', weight=700, stretch='normal', size='scalable')) = 10.335
2026-08-01 18:56:17,384 [DEBUG] MainThread: findfont: score(FontEntry(fname='c:\\Users\\Username\\Desktop\\Folder\\Developing\\Ortez\\app\\.venv\\Lib\\site-packages\\matplotlib\\mpl-data\\fonts\\ttf\\STIXGeneralBolIta.ttf', name='STIXGeneral', style='italic', variant='normal', weight=700, stretch='normal', size='scalable')) = 11.335
2026-08-01 18:56:17,384 [DEBUG] MainThread: findfont: score(FontEntry(fname='c:\\Users\\Username\\Desktop\\Folder\\Developing\\Ortez\\app\\.venv\\Lib\\site-packages\\matplotlib\\mpl-data\\fonts\\ttf\\STIXSizFourSymReg.ttf', name='STIXSizeFourSym', style='normal', variant='normal', weight=400, stretch='normal', size='scalable')) = 10.05
2026-08-01 18:56:17,384 [DEBUG] MainThread: findfont: score(FontEntry(fname='c:\\Users\\Username\\Desktop\\Folder\\Developing\\Ortez\\app\\.venv\\Lib\\site-packages\\matplotlib\\mpl-data\\fonts\\ttf\\cmb10.ttf', name='cmb10', style='normal', variant='normal', weight=400, stretch='normal', size='scalable')) = 10.05
2026-08-01 18:56:17,384 [DEBUG] MainThread: findfont: score(FontEntry(fname='c:\\Users\\Username\\Desktop\\Folder\\Developing\\Ortez\\app\\.venv\\Lib\\site-packages\\matplotlib\\mpl-data\\fonts\\ttf\\DejaVuSerif.ttf', name='DejaVu Serif', style='normal', variant='normal', weight=400, stretch='normal', size='scalable')) = 10.05
2026-08-01 18:56:17,384 [DEBUG] MainThread: findfont: score(FontEntry(fname='c:\\Users\\Username\\Desktop\\Folder\\Developing\\Ortez\\app\\.venv\\Lib\\site-packages\\matplotlib\\mpl-data\\fonts\\ttf\\cmtt10.ttf', name='cmtt10', style='normal', variant='normal', weight=400, stretch='normal', size='scalable')) = 10.05
2026-08-01 18:56:17,384 [DEBUG] MainThread: findfont: score(FontEntry(fname='c:\\Users\\Username\\Desktop\\Folder\\Developing\\Ortez\\app\\.venv\\Lib\\site-packages\\matplotlib\\mpl-data\\fonts\\ttf\\cmss10.ttf', name='cmss10', style='normal', variant='normal', weight=400, stretch='normal', size='scalable')) = 10.05
2026-08-01 18:56:17,384 [DEBUG] MainThread: findfont: score(FontEntry(fname='c:\\Users\\Username\\Desktop\\Folder\\Developing\\Ortez\\app\\.venv\\Lib\\site-packages\\matplotlib\\mpl-data\\fonts\\ttf\\STIXNonUni.ttf', name='STIXNonUnicode', style='normal', variant='normal', weight=400, stretch='normal', size='scalable')) = 10.05
2026-08-01 18:56:17,384 [DEBUG] MainThread: findfont: score(FontEntry(fname='c:\\Users\\Username\\Desktop\\Folder\\Developing\\Ortez\\app\\.venv\\Lib\\site-packages\\matplotlib\\mpl-data\\fonts\\ttf\\DejaVuSansDisplay.ttf', name='DejaVu Sans Display', style='normal', variant='normal', weight=400, stretch='normal', size='scalable')) = 10.05
2026-08-01 18:56:17,384 [DEBUG] MainThread: findfont: score(FontEntry(fname='c:\\Users\\Username\\Desktop\\Folder\\Developing\\Ortez\\app\\.venv\\Lib\\site-packages\\matplotlib\\mpl-data\\fonts\\ttf\\DejaVuSansMono-BoldOblique.ttf', name='DejaVu Sans Mono', style='oblique', variant='normal', weight=700, stretch='normal', size='scalable')) = 11.335
2026-08-01 18:56:17,384 [DEBUG] MainThread: findfont: score(FontEntry(fname='c:\\Users\\Username\\Desktop\\Folder\\Developing\\Ortez\\app\\.venv\\Lib\\site-packages\\matplotlib\\mpl-data\\fonts\\ttf\\STIXSizThreeSymBol.ttf', name='STIXSizeThreeSym', style='normal', variant='normal', weight=700, stretch='normal', size='scalable')) = 10.335
2026-08-01 18:56:17,385 [DEBUG] MainThread: findfont: score(FontEntry(fname='c:\\Users\\Username\\Desktop\\Folder\\Developing\\Ortez\\app\\.venv\\Lib\\site-packages\\matplotlib\\mpl-data\\fonts\\ttf\\DejaVuSans.ttf', name='DejaVu Sans', style='normal', variant='normal', weight=400, stretch='normal', size='scalable')) = 0.05
2026-08-01 18:56:17,385 [DEBUG] MainThread: findfont: score(FontEntry(fname='c:\\Users\\Username\\Desktop\\Folder\\Developing\\Ortez\\app\\.venv\\Lib\\site-packages\\matplotlib\\mpl-data\\fonts\\ttf\\STIXNonUniIta.ttf', name='STIXNonUnicode', style='italic', variant='normal', weight=400, stretch='normal', size='scalable')) = 11.05
2026-08-01 18:56:17,385 [DEBUG] MainThread: findfont: score(FontEntry(fname='c:\\Users\\Username\\Desktop\\Folder\\Developing\\Ortez\\app\\.venv\\Lib\\site-packages\\matplotlib\\mpl-data\\fonts\\ttf\\DejaVuSans-BoldOblique.ttf', name='DejaVu Sans', style='oblique', variant='normal', weight=700, stretch='normal', size='scalable')) = 1.335
2026-08-01 18:56:17,385 [DEBUG] MainThread: findfont: score(FontEntry(fname='c:\\Users\\Username\\Desktop\\Folder\\Developing\\Ortez\\app\\.venv\\Lib\\site-packages\\matplotlib\\mpl-data\\fonts\\ttf\\STIXGeneralItalic.ttf', name='STIXGeneral', style='italic', variant='normal', weight=400, stretch='normal', size='scalable')) = 11.05
2026-08-01 18:56:17,385 [DEBUG] MainThread: findfont: score(FontEntry(fname='c:\\Users\\Username\\Desktop\\Folder\\Developing\\Ortez\\app\\.venv\\Lib\\site-packages\\matplotlib\\mpl-data\\fonts\\ttf\\DejaVuSansMono-Oblique.ttf', name='DejaVu Sans Mono', style='oblique', variant='normal', weight=400, stretch='normal', size='scalable')) = 11.05
2026-08-01 18:56:17,385 [DEBUG] MainThread: findfont: score(FontEntry(fname='c:\\Users\\Username\\Desktop\\Folder\\Developing\\Ortez\\app\\.venv\\Lib\\site-packages\\matplotlib\\mpl-data\\fonts\\ttf\\STIXSizTwoSymReg.ttf', name='STIXSizeTwoSym', style='normal', variant='normal', weight=400, stretch='normal', size='scalable')) = 10.05
2026-08-01 18:56:17,385 [DEBUG] MainThread: findfont: score(FontEntry(fname='c:\\Users\\Username\\Desktop\\Folder\\Developing\\Ortez\\app\\.venv\\Lib\\site-packages\\matplotlib\\mpl-data\\fonts\\ttf\\DejaVuSerifDisplay.ttf', name='DejaVu Serif Display', style='normal', variant='normal', weight=400, stretch='normal', size='scalable')) = 10.05
2026-08-01 18:56:17,385 [DEBUG] MainThread: findfont: score(FontEntry(fname='c:\\Users\\Username\\Desktop\\Folder\\Developing\\Ortez\\app\\.venv\\Lib\\site-packages\\matplotlib\\mpl-data\\fonts\\ttf\\cmex10.ttf', name='cmex10', style='normal', variant='normal', weight=400, stretch='normal', size='scalable')) = 10.05
2026-08-01 18:56:17,385 [DEBUG] MainThread: findfont: score(FontEntry(fname='c:\\Users\\Username\\Desktop\\Folder\\Developing\\Ortez\\app\\.venv\\Lib\\site-packages\\matplotlib\\mpl-data\\fonts\\ttf\\STIXSizTwoSymBol.ttf', name='STIXSizeTwoSym', style='normal', variant='normal', weight=700, stretch='normal', size='scalable')) = 10.335
2026-08-01 18:56:17,385 [DEBUG] MainThread: findfont: score(FontEntry(fname='c:\\Users\\Username\\Desktop\\Folder\\Developing\\Ortez\\app\\.venv\\Lib\\site-packages\\matplotlib\\mpl-data\\fonts\\ttf\\DejaVuSans-Bold.ttf', name='DejaVu Sans', style='normal', variant='normal', weight=700, stretch='normal', size='scalable')) = 0.33499999999999996
2026-08-01 18:56:17,385 [DEBUG] MainThread: findfont: score(FontEntry(fname='c:\\Users\\Username\\Desktop\\Folder\\Developing\\Ortez\\app\\.venv\\Lib\\site-packages\\matplotlib\\mpl-data\\fonts\\ttf\\STIXSizThreeSymReg.ttf', name='STIXSizeThreeSym', style='normal', variant='normal', weight=400, stretch='normal', size='scalable')) = 10.05
2026-08-01 18:56:17,385 [DEBUG] MainThread: findfont: score(FontEntry(fname='c:\\Users\\Username\\Desktop\\Folder\\Developing\\Ortez\\app\\.venv\\Lib\\site-packages\\matplotlib\\mpl-data\\fonts\\ttf\\STIXNonUniBol.ttf', name='STIXNonUnicode', style='normal', variant='normal', weight=700, stretch='normal', size='scalable')) = 10.335
2026-08-01 18:56:17,385 [DEBUG] MainThread: findfont: score(FontEntry(fname='c:\\Users\\Username\\Desktop\\Folder\\Developing\\Ortez\\app\\.venv\\Lib\\site-packages\\matplotlib\\mpl-data\\fonts\\ttf\\STIXNonUniBolIta.ttf', name='STIXNonUnicode', style='italic', variant='normal', weight=700, stretch='normal', size='scalable')) = 11.335
2026-08-01 18:56:17,385 [DEBUG] MainThread: findfont: score(FontEntry(fname='c:\\Users\\Username\\Desktop\\Folder\\Developing\\Ortez\\app\\.venv\\Lib\\site-packages\\matplotlib\\mpl-data\\fonts\\ttf\\DejaVuSansMono-Bold.ttf', name='DejaVu Sans Mono', style='normal', variant='normal', weight=700, stretch='normal', size='scalable')) = 10.335
2026-08-01 18:56:17,385 [DEBUG] MainThread: findfont: score(FontEntry(fname='c:\\Users\\Username\\Desktop\\Folder\\Developing\\Ortez\\app\\.venv\\Lib\\site-packages\\matplotlib\\mpl-data\\fonts\\ttf\\cmmi10.ttf', name='cmmi10', style='normal', variant='normal', weight=400, stretch='normal', size='scalable')) = 10.05
2026-08-01 18:56:17,385 [DEBUG] MainThread: findfont: score(FontEntry(fname='c:\\Users\\Username\\Desktop\\Folder\\Developing\\Ortez\\app\\.venv\\Lib\\site-packages\\matplotlib\\mpl-data\\fonts\\ttf\\STIXSizOneSymReg.ttf', name='STIXSizeOneSym', style='normal', variant='normal', weight=400, stretch='normal', size='scalable')) = 10.05
2026-08-01 18:56:17,385 [DEBUG] MainThread: findfont: score(FontEntry(fname='C:\\Windows\\Fonts\\cambriab.ttf', name='Cambria', style='normal', variant='normal', weight=700, stretch='normal', size='scalable')) = 10.335
2026-08-01 18:56:17,385 [DEBUG] MainThread: findfont: score(FontEntry(fname='C:\\Windows\\Fonts\\GenBkBasR.ttf', name='Gentium Book Basic', style='normal', variant='normal', weight=400, stretch='normal', size='scalable')) = 10.05
2026-08-01 18:56:17,386 [DEBUG] MainThread: findfont: score(FontEntry(fname='C:\\Windows\\Fonts\\framd.ttf', name='Franklin Gothic Medium', style='normal', variant='normal', weight=400, stretch='normal', size='scalable')) = 10.05
2026-08-01 18:56:17,386 [DEBUG] MainThread: findfont: score(FontEntry(fname='C:\\Windows\\Fonts\\LiberationSerif-Italic.ttf', name='Liberation Serif', style='italic', variant='normal', weight=400, stretch='normal', size='scalable')) = 11.05
2026-08-01 18:56:17,386 [DEBUG] MainThread: findfont: score(FontEntry(fname='C:\\Windows\\Fonts\\NotoSansLao-Regular.ttf', name='Noto Sans Lao', style='normal', variant='normal', weight=400, stretch='normal', size='scalable')) = 10.05
2026-08-01 18:56:17,386 [DEBUG] MainThread: findfont: score(FontEntry(fname='C:\\Windows\\Fonts\\msjhl.ttc', name='Microsoft JhengHei', style='normal', variant='normal', weight=290, stretch='normal', size='scalable')) = 10.1545
2026-08-01 18:56:17,386 [DEBUG] MainThread: findfont: score(FontEntry(fname='C:\\Windows\\Fonts\\DejaVuSansMono-Bold.ttf', name='DejaVu Sans Mono', style='normal', variant='normal', weight=700, stretch='normal', size='scalable')) = 10.335
2026-08-01 18:56:17,386 [DEBUG] MainThread: findfont: score(FontEntry(fname='C:\\Windows\\Fonts\\couri.ttf', name='Courier New', style='italic', variant='normal', weight=400, stretch='normal', size='scalable')) = 11.05
2026-08-01 18:56:17,386 [DEBUG] MainThread: findfont: score(FontEntry(fname='C:\\Windows\\Fonts\\DejaVuSansCondensed.ttf', name='DejaVu Sans', style='normal', variant='normal', weight=400, stretch='condensed', size='scalable')) = 0.25
2026-08-01 18:56:17,386 [DEBUG] MainThread: findfont: score(FontEntry(fname='C:\\Windows\\Fonts\\malgunbd.ttf', name='Malgun Gothic', style='normal', variant='normal', weight=700, stretch='normal', size='scalable')) = 10.335
2026-08-01 18:56:17,386 [DEBUG] MainThread: findfont: score(FontEntry(fname='C:\\Windows\\Fonts\\DejaVuSans-Bold.ttf', name='DejaVu Sans', style='normal', variant='normal', weight=700, stretch='normal', size='scalable')) = 0.33499999999999996
2026-08-01 18:56:17,386 [DEBUG] MainThread: findfont: score(FontEntry(fname='C:\\Windows\\Fonts\\calibrili.ttf', name='Calibri', style='italic', variant='normal', weight=300, stretch='normal', size='scalable')) = 11.145
2026-08-01 18:56:17,386 [DEBUG] MainThread: findfont: score(FontEntry(fname='C:\\Windows\\Fonts\\courbi.ttf', name='Courier New', style='italic', variant='normal', weight=700, stretch='normal', size='scalable')) = 11.335
2026-08-01 18:56:17,386 [DEBUG] MainThread: findfont: score(FontEntry(fname='C:\\Windows\\Fonts\\LatoWeb-Semibold.ttf', name='Lato', style='normal', variant='normal', weight=600, stretch='normal', size='scalable')) = 10.24
2026-08-01 18:56:17,386 [DEBUG] MainThread: findfont: score(FontEntry(fname='C:\\Windows\\Fonts\\SansSerifCollection.ttf', name='Sans Serif Collection', style='normal', variant='normal', weight=400, stretch='normal', size='scalable')) = 10.05
2026-08-01 18:56:17,386 [DEBUG] MainThread: findfont: score(FontEntry(fname='C:\\Windows\\Fonts\\NachlieliCLM-Bold.otf', name='Nachlieli CLM', style='normal', variant='normal', weight=600, stretch='normal', size='scalable')) = 10.24
2026-08-01 18:56:17,386 [DEBUG] MainThread: findfont: score(FontEntry(fname='C:\\Windows\\Fonts\\YuGothM.ttc', name='Yu Gothic', style='normal', variant='normal', weight=500, stretch='normal', size='scalable')) = 10.145
2026-08-01 18:56:17,386 [DEBUG] MainThread: findfont: score(FontEntry(fname='C:\\Windows\\Fonts\\corbelli.ttf', name='Corbel', style='italic', variant='normal', weight=300, stretch='normal', size='scalable')) = 11.145
2026-08-01 18:56:17,387 [DEBUG] MainThread: findfont: score(FontEntry(fname='C:\\Windows\\Fonts\\Nirmala.ttc', name='Nirmala UI', style='normal', variant='normal', weight=400, stretch='normal', size='scalable')) = 10.05
2026-08-01 18:56:17,387 [DEBUG] MainThread: findfont: score(FontEntry(fname='C:\\Windows\\Fonts\\calibrii.ttf', name='Calibri', style='italic', variant='normal', weight=400, stretch='normal', size='scalable')) = 11.05
2026-08-01 18:56:17,387 [DEBUG] MainThread: findfont: score(FontEntry(fname='C:\\Windows\\Fonts\\msjh.ttc', name='Microsoft JhengHei', style='normal', variant='normal', weight=400, stretch='normal', size='scalable')) = 10.05
2026-08-01 18:56:17,387 [DEBUG] MainThread: findfont: score(FontEntry(fname='C:\\Windows\\Fonts\\NotoKufiArabic-Regular.ttf', name='Noto Kufi Arabic', style='normal', variant='normal', weight=400, stretch='normal', size='scalable')) = 10.05
2026-08-01 18:56:17,387 [DEBUG] MainThread: findfont: score(FontEntry(fname='C:\\Windows\\Fonts\\msyhl.ttc', name='Microsoft YaHei', style='normal', variant='normal', weight=290, stretch='normal', size='scalable')) = 10.1545
2026-08-01 18:56:17,387 [DEBUG] MainThread: findfont: score(FontEntry(fname='C:\\Windows\\Fonts\\DejaVuSansCondensed-Bold.ttf', name='DejaVu Sans', style='normal', variant='normal', weight=700, stretch='condensed', size='scalable')) = 0.5349999999999999
2026-08-01 18:56:17,387 [DEBUG] MainThread: findfont: score(FontEntry(fname='C:\\Windows\\Fonts\\segoepr.ttf', name='Segoe Print', style='normal', variant='normal', weight=400, stretch='normal', size='scalable')) = 10.05
2026-08-01 18:56:17,387 [DEBUG] MainThread: findfont: score(FontEntry(fname='C:\\Windows\\Fonts\\georgiab.ttf', name='Georgia', style='normal', variant='normal', weight=700, stretch='normal', size='scalable')) = 10.335
2026-08-01 18:56:17,387 [DEBUG] MainThread: findfont: score(FontEntry(fname='C:\\Windows\\Fonts\\ntailu.ttf', name='Microsoft New Tai Lue', style='normal', variant='normal', weight=400, stretch='normal', size='scalable')) = 10.05
2026-08-01 18:56:17,387 [DEBUG] MainThread: findfont: score(FontEntry(fname='C:\\Windows\\Fonts\\LiberationMono-Regular.ttf', name='Liberation Mono', style='normal', variant='normal', weight=400, stretch='normal', size='scalable')) = 10.05
2026-08-01 18:56:17,387 [DEBUG] MainThread: findfont: score(FontEntry(fname='C:\\Windows\\Fonts\\consolaz.ttf', name='Consolas', style='italic', variant='normal', weight=700, stretch='normal', size='scalable')) = 11.335
2026-08-01 18:56:17,387 [DEBUG] MainThread: findfont: score(FontEntry(fname='C:\\Windows\\Fonts\\Rubik-Bold.ttf', name='Rubik', style='normal', variant='normal', weight=700, stretch='normal', size='scalable')) = 10.335
2026-08-01 18:56:17,387 [DEBUG] MainThread: findfont: score(FontEntry(fname='C:\\Windows\\Fonts\\corbelb.ttf', name='Corbel', style='normal', variant='normal', weight=700, stretch='normal', size='scalable')) = 10.335
2026-08-01 18:56:17,387 [DEBUG] MainThread: findfont: score(FontEntry(fname='C:\\Windows\\Fonts\\NotoSans-BoldItalic.ttf', name='Noto Sans', style='italic', variant='normal', weight=700, stretch='normal', size='scalable')) = 11.335
2026-08-01 18:56:17,387 [DEBUG] MainThread: findfont: score(FontEntry(fname='C:\\Windows\\Fonts\\courbd.ttf', name='Courier New', style='normal', variant='normal', weight=700, stretch='normal', size='scalable')) = 10.335
2026-08-01 18:56:17,387 [DEBUG] MainThread: findfont: score(FontEntry(fname='C:\\Windows\\Fonts\\Rubik-Regular.ttf', name='Rubik', style='normal', variant='normal', weight=400, stretch='normal', size='scalable')) = 10.05
2026-08-01 18:56:17,387 [DEBUG] MainThread: findfont: score(FontEntry(fname='C:\\Windows\\Fonts\\malgunsl.ttf', name='Malgun Gothic', style='normal', variant='normal', weight=300, stretch='normal', size='scalable')) = 10.145
2026-08-01 18:56:17,388 [DEBUG] MainThread: findfont: score(FontEntry(fname='C:\\Windows\\Fonts\\NotoSerif-Italic.ttf', name='Noto Serif', style='italic', variant='normal', weight=400, stretch='normal', size='scalable')) = 11.05
2026-08-01 18:56:17,388 [DEBUG] MainThread: findfont: score(FontEntry(fname='C:\\Windows\\Fonts\\verdanab.ttf', name='Verdana', style='normal', variant='normal', weight=700, stretch='normal', size='scalable')) = 3.9713636363636367
2026-08-01 18:56:17,388 [DEBUG] MainThread: findfont: score(FontEntry(fname='C:\\Windows\\Fonts\\msgothic.ttc', name='MS Gothic', style='normal', variant='normal', weight=400, stretch='normal', size='scalable')) = 10.05
2026-08-01 18:56:17,388 [DEBUG] MainThread: findfont: score(FontEntry(fname='C:\\Windows\\Fonts\\seguiemj.ttf', name='Segoe UI Emoji', style='normal', variant='normal', weight=400, stretch='normal', size='scalable')) = 10.05
2026-08-01 18:56:17,388 [DEBUG] MainThread: findfont: score(FontEntry(fname='C:\\Windows\\Fonts\\DejaVuMathTeXGyre.ttf', name='DejaVu Math TeX Gyre', style='normal', variant='normal', weight=400, stretch='normal', size='scalable')) = 10.05
2026-08-01 18:56:17,388 [DEBUG] MainThread: findfont: score(FontEntry(fname='C:\\Windows\\Fonts\\LiberationSansNarrow-BoldItalic.ttf', name='Liberation Sans Narrow', style='italic', variant='normal', weight=700, stretch='condensed', size='scalable')) = 11.535
2026-08-01 18:56:17,388 [DEBUG] MainThread: findfont: score(FontEntry(fname='C:\\Windows\\Fonts\\GenBkBasBI.ttf', name='Gentium Book Basic', style='italic', variant='normal', weight=700, stretch='normal', size='scalable')) = 11.335
2026-08-01 18:56:17,388 [DEBUG] MainThread: findfont: score(FontEntry(fname='C:\\Windows\\Fonts\\comic.ttf', name='Comic Sans MS', style='normal', variant='normal', weight=400, stretch='normal', size='scalable')) = 10.05
2026-08-01 18:56:17,388 [DEBUG] MainThread: findfont: score(FontEntry(fname='C:\\Windows\\Fonts\\corbell.ttf', name='Corbel', style='normal', variant='normal', weight=300, stretch='normal', size='scalable')) = 10.145
2026-08-01 18:56:17,388 [DEBUG] MainThread: findfont: score(FontEntry(fname='C:\\Windows\\Fonts\\Scheherazade-Bold.ttf', name='Scheherazade', style='normal', variant='normal', weight=700, stretch='normal', size='scalable')) = 10.335
2026-08-01 18:56:17,388 [DEBUG] MainThread: findfont: score(FontEntry(fname='C:\\Windows\\Fonts\\DejaVuSansCondensed-BoldOblique.ttf', name='DejaVu Sans', style='oblique', variant='normal', weight=700, stretch='condensed', size='scalable')) = 1.535
2026-08-01 18:56:17,388 [DEBUG] MainThread: findfont: score(FontEntry(fname='C:\\Windows\\Fonts\\DavidCLM-Medium.otf', name='David CLM', style='normal', variant='normal', weight=500, stretch='normal', size='scalable')) = 10.145
2026-08-01 18:56:17,388 [DEBUG] MainThread: findfont: score(FontEntry(fname='C:\\Windows\\Fonts\\NotoSansLisu-Bold.ttf', name='Noto Sans Lisu', style='normal', variant='normal', weight=700, stretch='normal', size='scalable')) = 10.335
2026-08-01 18:56:17,388 [DEBUG] MainThread: findfont: score(FontEntry(fname='C:\\Windows\\Fonts\\DavidLibre-Regular.ttf', name='David Libre', style='normal', variant='normal', weight=400, stretch='normal', size='scalable')) = 10.05
2026-08-01 18:56:17,388 [DEBUG] MainThread: findfont: score(FontEntry(fname='C:\\Windows\\Fonts\\constanb.ttf', name='Constantia', style='normal', variant='normal', weight=700, stretch='normal', size='scalable')) = 10.335
2026-08-01 18:56:17,388 [DEBUG] MainThread: findfont: score(FontEntry(fname='C:\\Windows\\Fonts\\NotoSerifArmenian-Regular.ttf', name='Noto Serif Armenian', style='normal', variant='normal', weight=400, stretch='normal', size='scalable')) = 10.05
2026-08-01 18:56:17,388 [DEBUG] MainThread: findfont: score(FontEntry(fname='C:\\Windows\\Fonts\\timesi.ttf', name='Times New Roman', style='italic', variant='normal', weight=400, stretch='normal', size='scalable')) = 11.05
2026-08-01 18:56:17,389 [DEBUG] MainThread: findfont: score(FontEntry(fname='C:\\Windows\\Fonts\\comicz.ttf', name='Comic Sans MS', style='italic', variant='normal', weight=700, stretch='normal', size='scalable')) = 11.335
2026-08-01 18:56:17,389 [DEBUG] MainThread: findfont: score(FontEntry(fname='C:\\Windows\\Fonts\\SitkaVF-Italic.ttf', name='Sitka', style='italic', variant='normal', weight=400, stretch='normal', size='scalable')) = 11.05
2026-08-01 18:56:17,389 [DEBUG] MainThread: findfont: score(FontEntry(fname='C:\\Windows\\Fonts\\NotoSansHebrew-Regular.ttf', name='Noto Sans Hebrew', style='normal', variant='normal', weight=400, stretch='normal', size='scalable')) = 10.05
2026-08-01 18:56:17,389 [DEBUG] MainThread: findfont: score(FontEntry(fname='C:\\Windows\\Fonts\\NachlieliCLM-Light.otf', name='Nachlieli CLM', style='normal', variant='normal', weight=300, stretch='normal', size='scalable')) = 10.145
2026-08-01 18:56:17,389 [DEBUG] MainThread: findfont: score(FontEntry(fname='C:\\Windows\\Fonts\\NotoKufiArabic-Bold.ttf', name='Noto Kufi Arabic', style='normal', variant='normal', weight=700, stretch='normal', size='scalable')) = 10.335
2026-08-01 18:56:17,389 [DEBUG] MainThread: findfont: score(FontEntry(fname='C:\\Windows\\Fonts\\msyhbd.ttc', name='Microsoft YaHei', style='normal', variant='normal', weight=700, stretch='normal', size='scalable')) = 10.335
2026-08-01 18:56:17,389 [DEBUG] MainThread: findfont: score(FontEntry(fname='C:\\Windows\\Fonts\\comici.ttf', name='Comic Sans MS', style='italic', variant='normal', weight=400, stretch='normal', size='scalable')) = 11.05
2026-08-01 18:56:17,389 [DEBUG] MainThread: findfont: score(FontEntry(fname='C:\\Windows\\Fonts\\Amiri-Bold.ttf', name='Amiri', style='normal', variant='normal', weight=700, stretch='normal', size='scalable')) = 10.335
2026-08-01 18:56:17,389 [DEBUG] MainThread: findfont: score(FontEntry(fname='C:\\Windows\\Fonts\\MiriamMonoCLM-BookOblique.ttf', name='Miriam Mono CLM', style='oblique', variant='normal', weight=400, stretch='normal', size='scalable')) = 11.05
2026-08-01 18:56:17,389 [DEBUG] MainThread: findfont: score(FontEntry(fname='C:\\Windows\\Fonts\\MiriamCLM-Book.otf', name='Miriam CLM', style='normal', variant='normal', weight=400, stretch='normal', size='scalable')) = 10.05
2026-08-01 18:56:17,389 [DEBUG] MainThread: findfont: score(FontEntry(fname='C:\\Windows\\Fonts\\Alef-Regular.ttf', name='Alef', style='normal', variant='normal', weight=400, stretch='normal', size='scalable')) = 10.05
2026-08-01 18:56:17,389 [DEBUG] MainThread: findfont: score(FontEntry(fname='C:\\Windows\\Fonts\\MiriamMonoCLM-Bold.ttf', name='Miriam Mono CLM', style='normal', variant='normal', weight=700, stretch='normal', size='scalable')) = 10.335
2026-08-01 18:56:17,389 [DEBUG] MainThread: findfont: score(FontEntry(fname='C:\\Windows\\Fonts\\impact.ttf', name='Impact', style='normal', variant='normal', weight=400, stretch='normal', size='scalable')) = 10.05
2026-08-01 18:56:17,389 [DEBUG] MainThread: findfont: score(FontEntry(fname='C:\\Windows\\Fonts\\trebucbd.ttf', name='Trebuchet MS', style='normal', variant='normal', weight=700, stretch='normal', size='scalable')) = 10.335
2026-08-01 18:56:17,389 [DEBUG] MainThread: findfont: score(FontEntry(fname='C:\\Windows\\Fonts\\MiriamLibre-Bold.otf', name='Miriam Libre', style='normal', variant='normal', weight=700, stretch='normal', size='scalable')) = 10.335
2026-08-01 18:56:17,389 [DEBUG] MainThread: findfont: score(FontEntry(fname='C:\\Windows\\Fonts\\NotoSerifArmenian-Bold.ttf', name='Noto Serif Armenian', style='normal', variant='normal', weight=700, stretch='normal', size='scalable')) = 10.335
2026-08-01 18:56:17,389 [DEBUG] MainThread: findfont: score(FontEntry(fname='C:\\Windows\\Fonts\\LiberationSerif-BoldItalic.ttf', name='Liberation Serif', style='italic', variant='normal', weight=700, stretch='normal', size='scalable')) = 11.335
2026-08-01 18:56:17,389 [DEBUG] MainThread: findfont: score(FontEntry(fname='C:\\Windows\\Fonts\\trebucit.ttf', name='Trebuchet MS', style='italic', variant='normal', weight=400, stretch='normal', size='scalable')) = 11.05
2026-08-01 18:56:17,389 [DEBUG] MainThread: findfont: score(FontEntry(fname='C:\\Windows\\Fonts\\DavidCLM-Bold.otf', name='David CLM', style='normal', variant='normal', weight=700, stretch='normal', size='scalable')) = 10.335
2026-08-01 18:56:17,389 [DEBUG] MainThread: findfont: score(FontEntry(fname='C:\\Windows\\Fonts\\javatext.ttf', name='Javanese Text', style='normal', variant='normal', weight=400, stretch='normal', size='scalable')) = 10.05
2026-08-01 18:56:17,390 [DEBUG] MainThread: findfont: score(FontEntry(fname='C:\\Windows\\Fonts\\YuGothR.ttc', name='Yu Gothic', style='normal', variant='normal', weight=400, stretch='normal', size='scalable')) = 10.05
2026-08-01 18:56:17,390 [DEBUG] MainThread: findfont: score(FontEntry(fname='C:\\Windows\\Fonts\\FrankRuehlCLM-MediumOblique.otf', name='Frank Ruehl CLM', style='oblique', variant='normal', weight=500, stretch='normal', size='scalable')) = 11.145
2026-08-01 18:56:17,390 [DEBUG] MainThread: findfont: score(FontEntry(fname='C:\\Windows\\Fonts\\LatoWeb-BoldItalic.ttf', name='Lato', style='italic', variant='normal', weight=700, stretch='normal', size='scalable')) = 11.335
2026-08-01 18:56:17,390 [DEBUG] MainThread: findfont: score(FontEntry(fname='C:\\Windows\\Fonts\\lucon.ttf', name='Lucida Console', style='normal', variant='normal', weight=400, stretch='normal', size='scalable')) = 10.05
2026-08-01 18:56:17,390 [DEBUG] MainThread: findfont: score(FontEntry(fname='C:\\Windows\\Fonts\\LatoWeb-Italic.ttf', name='Lato', style='italic', variant='normal', weight=400, stretch='normal', size='scalable')) = 11.05
2026-08-01 18:56:17,390 [DEBUG] MainThread: findfont: score(FontEntry(fname='C:\\Windows\\Fonts\\LinBiolinum_R_G.ttf', name='Linux Biolinum G', style='normal', variant='normal', weight=400, stretch='normal', size='scalable')) = 10.05
2026-08-01 18:56:17,390 [DEBUG] MainThread: findfont: score(FontEntry(fname='C:\\Windows\\Fonts\\Caladea-BoldItalic.ttf', name='Caladea', style='italic', variant='normal', weight=700, stretch='normal', size='scalable')) = 11.335
2026-08-01 18:56:17,390 [DEBUG] MainThread: findfont: score(FontEntry(fname='C:\\Windows\\Fonts\\msjhbd.ttc', name='Microsoft JhengHei', style='normal', variant='normal', weight=700, stretch='normal', size='scalable')) = 10.335
2026-08-01 18:56:17,390 [DEBUG] MainThread: findfont: score(FontEntry(fname='C:\\Windows\\Fonts\\consolab.ttf', name='Consolas', style='normal', variant='normal', weight=700, stretch='normal', size='scalable')) = 10.335
2026-08-01 18:56:17,390 [DEBUG] MainThread: findfont: score(FontEntry(fname='C:\\Windows\\Fonts\\LiberationMono-BoldItalic.ttf', name='Liberation Mono', style='italic', variant='normal', weight=700, stretch='normal', size='scalable')) = 11.335
2026-08-01 18:56:17,390 [DEBUG] MainThread: findfont: score(FontEntry(fname='C:\\Windows\\Fonts\\constani.ttf', name='Constantia', style='italic', variant='normal', weight=400, stretch='normal', size='scalable')) = 11.05
2026-08-01 18:56:17,390 [DEBUG] MainThread: findfont: score(FontEntry(fname='C:\\Windows\\Fonts\\LiberationSans-Italic.ttf', name='Liberation Sans', style='italic', variant='normal', weight=400, stretch='normal', size='scalable')) = 11.05
2026-08-01 18:56:17,390 [DEBUG] MainThread: findfont: score(FontEntry(fname='C:\\Windows\\Fonts\\YuGothL.ttc', name='Yu Gothic', style='normal', variant='normal', weight=300, stretch='normal', size='scalable')) = 10.145
2026-08-01 18:56:17,390 [DEBUG] MainThread: findfont: score(FontEntry(fname='C:\\Windows\\Fonts\\pala.ttf', name='Palatino Linotype', style='normal', variant='normal', weight=400, stretch='normal', size='scalable')) = 10.05
2026-08-01 18:56:17,390 [DEBUG] MainThread: findfont: score(FontEntry(fname='C:\\Windows\\Fonts\\NotoSerifHebrew-Bold.ttf', name='Noto Serif Hebrew', style='normal', variant='normal', weight=700, stretch='normal', size='scalable')) = 10.335
2026-08-01 18:56:17,390 [DEBUG] MainThread: findfont: score(FontEntry(fname='C:\\Windows\\Fonts\\Amiri-BoldItalic.ttf', name='Amiri', style='italic', variant='normal', weight=700, stretch='normal', size='scalable')) = 11.335
2026-08-01 18:56:17,390 [DEBUG] MainThread: findfont: score(FontEntry(fname='C:\\Windows\\Fonts\\arial.ttf', name='Arial', style='normal', variant='normal', weight=400, stretch='normal', size='scalable')) = 6.413636363636363
2026-08-01 18:56:17,390 [DEBUG] MainThread: findfont: score(FontEntry(fname='C:\\Windows\\Fonts\\palabi.ttf', name='Palatino Linotype', style='italic', variant='normal', weight=700, stretch='normal', size='scalable')) = 11.335
2026-08-01 18:56:17,390 [DEBUG] MainThread: findfont: score(FontEntry(fname='C:\\Windows\\Fonts\\palab.ttf', name='Palatino Linotype', style='normal', variant='normal', weight=700, stretch='normal', size='scalable')) = 10.335
2026-08-01 18:56:17,391 [DEBUG] MainThread: findfont: score(FontEntry(fname='C:\\Windows\\Fonts\\tahomabd.ttf', name='Tahoma', style='normal', variant='normal', weight=700, stretch='normal', size='scalable')) = 10.335
2026-08-01 18:56:17,391 [DEBUG] MainThread: findfont: score(FontEntry(fname='C:\\Windows\\Fonts\\DejaVuSansMono-BoldOblique.ttf', name='DejaVu Sans Mono', style='oblique', variant='normal', weight=700, stretch='normal', size='scalable')) = 11.335
2026-08-01 18:56:17,391 [DEBUG] MainThread: findfont: score(FontEntry(fname='C:\\Windows\\Fonts\\Candarali.ttf', name='Candara', style='italic', variant='normal', weight=400, stretch='normal', size='scalable')) = 11.05
2026-08-01 18:56:17,391 [DEBUG] MainThread: findfont: score(FontEntry(fname='C:\\Windows\\Fonts\\LatoWeb-LightItalic.ttf', name='Lato', style='italic', variant='normal', weight=300, stretch='normal', size='scalable')) = 11.145
2026-08-01 18:56:17,391 [DEBUG] MainThread: findfont: score(FontEntry(fname='C:\\Windows\\Fonts\\Candara.ttf', name='Candara', style='normal', variant='normal', weight=400, stretch='normal', size='scalable')) = 10.05
2026-08-01 18:56:17,391 [DEBUG] MainThread: findfont: score(FontEntry(fname='C:\\Windows\\Fonts\\NotoSansArabic-Regular.ttf', name='Noto Sans Arabic', style='normal', variant='normal', weight=400, stretch='normal', size='scalable')) = 10.05
2026-08-01 18:56:17,391 [DEBUG] MainThread: findfont: score(FontEntry(fname='C:\\Windows\\Fonts\\DejaVuSans.ttf', name='DejaVu Sans', style='normal', variant='normal', weight=400, stretch='normal', size='scalable')) = 0.05
2026-08-01 18:56:17,391 [DEBUG] MainThread: findfont: score(FontEntry(fname='C:\\Windows\\Fonts\\GenBasR.ttf', name='Gentium Basic', style='normal', variant='normal', weight=400, stretch='normal', size='scalable')) = 10.05
2026-08-01 18:56:17,391 [DEBUG] MainThread: findfont: score(FontEntry(fname='C:\\Windows\\Fonts\\tahoma.ttf', name='Tahoma', style='normal', variant='normal', weight=400, stretch='normal', size='scalable')) = 10.05
2026-08-01 18:56:17,391 [DEBUG] MainThread: findfont: score(FontEntry(fname='C:\\Windows\\Fonts\\SimsunExtG.ttf', name='SimSun-ExtG', style='normal', variant='normal', weight=400, stretch='normal', size='scalable')) = 10.05
2026-08-01 18:56:17,391 [DEBUG] MainThread: findfont: score(FontEntry(fname='C:\\Windows\\Fonts\\segoesc.ttf', name='Segoe Script', style='normal', variant='normal', weight=400, stretch='normal', size='scalable')) = 10.05
2026-08-01 18:56:17,391 [DEBUG] MainThread: findfont: score(FontEntry(fname='C:\\Windows\\Fonts\\segoeuiz.ttf', name='Segoe UI', style='italic', variant='normal', weight=700, stretch='normal', size='scalable')) = 11.335
2026-08-01 18:56:17,392 [DEBUG] MainThread: findfont: score(FontEntry(fname='C:\\Windows\\Fonts\\DejaVuSans-BoldOblique.ttf', name='DejaVu Sans', style='oblique', variant='normal', weight=700, stretch='normal', size='scalable')) = 1.335
2026-08-01 18:56:17,392 [DEBUG] MainThread: findfont: score(FontEntry(fname='C:\\Windows\\Fonts\\phagspa.ttf', name='Microsoft PhagsPa', style='normal', variant='normal', weight=400, stretch='normal', size='scalable')) = 10.05
2026-08-01 18:56:17,392 [DEBUG] MainThread: findfont: score(FontEntry(fname='C:\\Windows\\Fonts\\himalaya.ttf', name='Microsoft Himalaya', style='normal', variant='normal', weight=400, stretch='normal', size='scalable')) = 10.05
2026-08-01 18:56:17,392 [DEBUG] MainThread: findfont: score(FontEntry(fname='C:\\Windows\\Fonts\\GenBasI.ttf', name='Gentium Basic', style='italic', variant='normal', weight=400, stretch='normal', size='scalable')) = 11.05
2026-08-01 18:56:17,392 [DEBUG] MainThread: findfont: score(FontEntry(fname='C:\\Windows\\Fonts\\LinLibertine_DR_G.ttf', name='Linux Libertine Display G', style='normal', variant='normal', weight=400, stretch='normal', size='scalable')) = 10.05
2026-08-01 18:56:17,392 [DEBUG] MainThread: findfont: score(FontEntry(fname='C:\\Windows\\Fonts\\l_10646.ttf', name='Lucida Sans Unicode', style='normal', variant='normal', weight=400, stretch='normal', size='scalable')) = 10.05
2026-08-01 18:56:17,392 [DEBUG] MainThread: findfont: score(FontEntry(fname='C:\\Windows\\Fonts\\msyh.ttc', name='Microsoft YaHei', style='normal', variant='normal', weight=400, stretch='normal', size='scalable')) = 10.05
2026-08-01 18:56:17,392 [DEBUG] MainThread: findfont: score(FontEntry(fname='C:\\Windows\\Fonts\\mmrtext.ttf', name='Myanmar Text', style='normal', variant='normal', weight=400, stretch='normal', size='scalable')) = 10.05
2026-08-01 18:56:17,392 [DEBUG] MainThread: findfont: score(FontEntry(fname='C:\\Windows\\Fonts\\LinLibertine_RB_G.ttf', name='Linux Libertine G', style='normal', variant='normal', weight=700, stretch='normal', size='scalable')) = 10.335
2026-08-01 18:56:17,392 [DEBUG] MainThread: findfont: score(FontEntry(fname='C:\\Windows\\Fonts\\FrankRuehlCLM-Medium.otf', name='Frank Ruehl CLM', style='normal', variant='normal', weight=500, stretch='normal', size='scalable')) = 10.145
2026-08-01 18:56:17,392 [DEBUG] MainThread: findfont: score(FontEntry(fname='C:\\Windows\\Fonts\\DejaVuSerifCondensed-Bold.ttf', name='DejaVu Serif', style='normal', variant='normal', weight=700, stretch='condensed', size='scalable')) = 10.535
2026-08-01 18:56:17,392 [DEBUG] MainThread: findfont: score(FontEntry(fname='C:\\Windows\\Fonts\\LinLibertine_RZ_G.ttf', name='Linux Libertine G', style='normal', variant='normal', weight=600, stretch='normal', size='scalable')) = 10.24
2026-08-01 18:56:17,392 [DEBUG] MainThread: findfont: score(FontEntry(fname='C:\\Windows\\Fonts\\Caladea-Bold.ttf', name='Caladea', style='normal', variant='normal', weight=700, stretch='normal', size='scalable')) = 10.335
2026-08-01 18:56:17,392 [DEBUG] MainThread: findfont: score(FontEntry(fname='C:\\Windows\\Fonts\\ebrimabd.ttf', name='Ebrima', style='normal', variant='normal', weight=700, stretch='normal', size='scalable')) = 10.335
2026-08-01 18:56:17,392 [DEBUG] MainThread: findfont: score(FontEntry(fname='C:\\Windows\\Fonts\\LiberationMono-Bold.ttf', name='Liberation Mono', style='normal', variant='normal', weight=700, stretch='normal', size='scalable')) = 10.335
2026-08-01 18:56:17,392 [DEBUG] MainThread: findfont: score(FontEntry(fname='C:\\Windows\\Fonts\\GenBasBI.ttf', name='Gentium Basic', style='italic', variant='normal', weight=700, stretch='normal', size='scalable')) = 11.335
2026-08-01 18:56:17,392 [DEBUG] MainThread: findfont: score(FontEntry(fname='C:\\Windows\\Fonts\\LatoWeb-Bold.ttf', name='Lato', style='normal', variant='normal', weight=700, stretch='normal', size='scalable')) = 10.335
2026-08-01 18:56:17,392 [DEBUG] MainThread: findfont: score(FontEntry(fname='C:\\Windows\\Fonts\\LiberationSansNarrow-Italic.ttf', name='Liberation Sans Narrow', style='italic', variant='normal', weight=400, stretch='condensed', size='scalable')) = 11.25
2026-08-01 18:56:17,392 [DEBUG] MainThread: findfont: score(FontEntry(fname='C:\\Windows\\Fonts\\NotoNaskhArabic-Bold.ttf', name='Noto Naskh Arabic', style='normal', variant='normal', weight=700, stretch='normal', size='scalable')) = 10.335
2026-08-01 18:56:17,393 [DEBUG] MainThread: findfont: score(FontEntry(fname='C:\\Windows\\Fonts\\LatoWeb-Light.ttf', name='Lato', style='normal', variant='normal', weight=300, stretch='normal', size='scalable')) = 10.145
2026-08-01 18:56:17,393 [DEBUG] MainThread: findfont: score(FontEntry(fname='C:\\Windows\\Fonts\\mvboli.ttf', name='MV Boli', style='normal', variant='normal', weight=400, stretch='normal', size='scalable')) = 10.05
2026-08-01 18:56:17,393 [DEBUG] MainThread: findfont: score(FontEntry(fname='C:\\Windows\\Fonts\\arialbd.ttf', name='Arial', style='normal', variant='normal', weight=700, stretch='normal', size='scalable')) = 6.698636363636363
2026-08-01 18:56:17,393 [DEBUG] MainThread: findfont: score(FontEntry(fname='C:\\Windows\\Fonts\\LiberationSans-BoldItalic.ttf', name='Liberation Sans', style='italic', variant='normal', weight=700, stretch='normal', size='scalable')) = 11.335
2026-08-01 18:56:17,393 [DEBUG] MainThread: findfont: score(FontEntry(fname='C:\\Windows\\Fonts\\DavidCLM-BoldItalic.otf', name='David CLM', style='italic', variant='normal', weight=700, stretch='normal', size='scalable')) = 11.335
2026-08-01 18:56:17,393 [DEBUG] MainThread: findfont: score(FontEntry(fname='C:\\Windows\\Fonts\\Scheherazade-Regular.ttf', name='Scheherazade', style='normal', variant='normal', weight=400, stretch='normal', size='scalable')) = 10.05
2026-08-01 18:56:17,393 [DEBUG] MainThread: findfont: score(FontEntry(fname='C:\\Windows\\Fonts\\ReemKufi.ttf', name='Reem Kufi', style='normal', variant='normal', weight=400, stretch='normal', size='scalable')) = 10.05
2026-08-01 18:56:17,393 [DEBUG] MainThread: findfont: score(FontEntry(fname='C:\\Windows\\Fonts\\ntailub.ttf', name='Microsoft New Tai Lue', style='normal', variant='normal', weight=700, stretch='normal', size='scalable')) = 10.335
2026-08-01 18:56:17,393 [DEBUG] MainThread: findfont: score(FontEntry(fname='C:\\Windows\\Fonts\\cour.ttf', name='Courier New', style='normal', variant='normal', weight=400, stretch='normal', size='scalable')) = 10.05
2026-08-01 18:56:17,393 [DEBUG] MainThread: findfont: score(FontEntry(fname='C:\\Windows\\Fonts\\Carlito-Regular.ttf', name='Carlito', style='normal', variant='normal', weight=400, stretch='normal', size='scalable')) = 10.05
2026-08-01 18:56:17,393 [DEBUG] MainThread: findfont: score(FontEntry(fname='C:\\Windows\\Fonts\\Candarab.ttf', name='Candara', style='normal', variant='normal', weight=700, stretch='normal', size='scalable')) = 10.335
2026-08-01 18:56:17,393 [DEBUG] MainThread: findfont: score(FontEntry(fname='C:\\Windows\\Fonts\\Amiri-Regular.ttf', name='Amiri', style='normal', variant='normal', weight=400, stretch='normal', size='scalable')) = 10.05
2026-08-01 18:56:17,393 [DEBUG] MainThread: findfont: score(FontEntry(fname='C:\\Windows\\Fonts\\verdanai.ttf', name='Verdana', style='italic', variant='normal', weight=400, stretch='normal', size='scalable')) = 4.6863636363636365
2026-08-01 18:56:17,394 [DEBUG] MainThread: findfont: score(FontEntry(fname='C:\\Windows\\Fonts\\GenBasB.ttf', name='Gentium Basic', style='normal', variant='normal', weight=700, stretch='normal', size='scalable')) = 10.335
2026-08-01 18:56:17,394 [DEBUG] MainThread: findfont: score(FontEntry(fname='C:\\Windows\\Fonts\\simsunb.ttf', name='SimSun-ExtB', style='normal', variant='normal', weight=400, stretch='normal', size='scalable')) = 10.05
2026-08-01 18:56:17,394 [DEBUG] MainThread: findfont: score(FontEntry(fname='C:\\Windows\\Fonts\\segoeuib.ttf', name='Segoe UI', style='normal', variant='normal', weight=700, stretch='normal', size='scalable')) = 10.335
2026-08-01 18:56:17,394 [DEBUG] MainThread: findfont: score(FontEntry(fname='C:\\Windows\\Fonts\\DejaVuSerif-BoldItalic.ttf', name='DejaVu Serif', style='italic', variant='normal', weight=700, stretch='normal', size='scalable')) = 11.335
2026-08-01 18:56:17,394 [DEBUG] MainThread: findfont: score(FontEntry(fname='C:\\Windows\\Fonts\\MiriamCLM-Bold.otf', name='Miriam CLM', style='normal', variant='normal', weight=700, stretch='normal', size='scalable')) = 10.335
2026-08-01 18:56:17,394 [DEBUG] MainThread: findfont: score(FontEntry(fname='C:\\Windows\\Fonts\\Alef-Bold.ttf', name='Alef', style='normal', variant='normal', weight=700, stretch='normal', size='scalable')) = 10.335
2026-08-01 18:56:17,394 [DEBUG] MainThread: findfont: score(FontEntry(fname='C:\\Windows\\Fonts\\Caladea-Italic.ttf', name='Caladea', style='italic', variant='normal', weight=400, stretch='normal', size='scalable')) = 11.05
2026-08-01 18:56:17,394 [DEBUG] MainThread: findfont: score(FontEntry(fname='C:\\Windows\\Fonts\\LeelUIsl.ttf', name='Leelawadee UI', style='normal', variant='normal', weight=350, stretch='normal', size='scalable')) = 10.0975
2026-08-01 18:56:17,394 [DEBUG] MainThread: findfont: score(FontEntry(fname='C:\\Windows\\Fonts\\seguibl.ttf', name='Segoe UI', style='normal', variant='normal', weight=900, stretch='normal', size='scalable')) = 10.525
2026-08-01 18:56:17,394 [DEBUG] MainThread: findfont: score(FontEntry(fname='C:\\Windows\\Fonts\\GenBkBasI.ttf', name='Gentium Book Basic', style='italic', variant='normal', weight=400, stretch='normal', size='scalable')) = 11.05
2026-08-01 18:56:17,394 [DEBUG] MainThread: findfont: score(FontEntry(fname='C:\\Windows\\Fonts\\LiberationSansNarrow-Regular.ttf', name='Liberation Sans Narrow', style='normal', variant='normal', weight=400, stretch='condensed', size='scalable')) = 10.25
2026-08-01 18:56:17,394 [DEBUG] MainThread: findfont: score(FontEntry(fname='C:\\Windows\\Fonts\\Carlito-Bold.ttf', name='Carlito', style='normal', variant='normal', weight=700, stretch='normal', size='scalable')) = 10.335
2026-08-01 18:56:17,394 [DEBUG] MainThread: findfont: score(FontEntry(fname='C:\\Windows\\Fonts\\malgun.ttf', name='Malgun Gothic', style='normal', variant='normal', weight=400, stretch='normal', size='scalable')) = 10.05
2026-08-01 18:56:17,394 [DEBUG] MainThread: findfont: score(FontEntry(fname='C:\\Windows\\Fonts\\segoeuil.ttf', name='Segoe UI', style='normal', variant='normal', weight=300, stretch='normal', size='scalable')) = 10.145
2026-08-01 18:56:17,394 [DEBUG] MainThread: findfont: score(FontEntry(fname='C:\\Windows\\Fonts\\calibril.ttf', name='Calibri', style='normal', variant='normal', weight=300, stretch='normal', size='scalable')) = 10.145
2026-08-01 18:56:17,394 [DEBUG] MainThread: findfont: score(FontEntry(fname='C:\\Windows\\Fonts\\corbelz.ttf', name='Corbel', style='italic', variant='normal', weight=700, stretch='normal', size='scalable')) = 11.335
2026-08-01 18:56:17,395 [DEBUG] MainThread: findfont: score(FontEntry(fname='C:\\Windows\\Fonts\\Inkfree.ttf', name='Ink Free', style='normal', variant='normal', weight=400, stretch='normal', size='scalable')) = 10.05
2026-08-01 18:56:17,395 [DEBUG] MainThread: findfont: score(FontEntry(fname='C:\\Windows\\Fonts\\NotoSans-Regular.ttf', name='Noto Sans', style='normal', variant='normal', weight=400, stretch='normal', size='scalable')) = 10.05
2026-08-01 18:56:17,395 [DEBUG] MainThread: findfont: score(FontEntry(fname='C:\\Windows\\Fonts\\sylfaen.ttf', name='Sylfaen', style='normal', variant='normal', weight=400, stretch='normal', size='scalable')) = 10.05
2026-08-01 18:56:17,395 [DEBUG] MainThread: findfont: score(FontEntry(fname='C:\\Windows\\Fonts\\calibri.ttf', name='Calibri', style='normal', variant='normal', weight=400, stretch='normal', size='scalable')) = 10.05
2026-08-01 18:56:17,395 [DEBUG] MainThread: findfont: score(FontEntry(fname='C:\\Windows\\Fonts\\MiriamMonoCLM-Book.ttf', name='Miriam Mono CLM', style='normal', variant='normal', weight=400, stretch='normal', size='scalable')) = 10.05
2026-08-01 18:56:17,395 [DEBUG] MainThread: findfont: score(FontEntry(fname='C:\\Windows\\Fonts\\DavidCLM-MediumItalic.otf', name='David CLM', style='italic', variant='normal', weight=500, stretch='normal', size='scalable')) = 11.145
2026-08-01 18:56:17,395 [DEBUG] MainThread: findfont: score(FontEntry(fname='C:\\Windows\\Fonts\\NotoSerifLao-Regular.ttf', name='Noto Serif Lao', style='normal', variant='normal', weight=400, stretch='normal', size='scalable')) = 10.05
2026-08-01 18:56:17,395 [DEBUG] MainThread: findfont: score(FontEntry(fname='C:\\Windows\\Fonts\\calibriz.ttf', name='Calibri', style='italic', variant='normal', weight=700, stretch='normal', size='scalable')) = 11.335
2026-08-01 18:56:17,395 [DEBUG] MainThread: findfont: score(FontEntry(fname='C:\\Windows\\Fonts\\msyi.ttf', name='Microsoft Yi Baiti', style='normal', variant='normal', weight=400, stretch='normal', size='scalable')) = 10.05
2026-08-01 18:56:17,395 [DEBUG] MainThread: findfont: score(FontEntry(fname='C:\\Windows\\Fonts\\constanz.ttf', name='Constantia', style='italic', variant='normal', weight=700, stretch='normal', size='scalable')) = 11.335
2026-08-01 18:56:17,395 [DEBUG] MainThread: findfont: score(FontEntry(fname='C:\\Windows\\Fonts\\seguisym.ttf', name='Segoe UI Symbol', style='normal', variant='normal', weight=400, stretch='normal', size='scalable')) = 10.05
2026-08-01 18:56:17,395 [DEBUG] MainThread: findfont: score(FontEntry(fname='C:\\Windows\\Fonts\\NachlieliCLM-LightOblique.otf', name='Nachlieli CLM', style='oblique', variant='normal', weight=300, stretch='normal', size='scalable')) = 11.145
2026-08-01 18:56:17,395 [DEBUG] MainThread: findfont: score(FontEntry(fname='C:\\Windows\\Fonts\\ariblk.ttf', name='Arial', style='normal', variant='normal', weight=900, stretch='normal', size='scalable')) = 6.888636363636364
2026-08-01 18:56:17,395 [DEBUG] MainThread: findfont: score(FontEntry(fname='C:\\Windows\\Fonts\\MiriamLibre-Regular.otf', name='Miriam Libre', style='normal', variant='normal', weight=400, stretch='normal', size='scalable')) = 10.05
2026-08-01 18:56:17,395 [DEBUG] MainThread: findfont: score(FontEntry(fname='C:\\Windows\\Fonts\\trebucbi.ttf', name='Trebuchet MS', style='italic', variant='normal', weight=700, stretch='normal', size='scalable')) = 11.335
2026-08-01 18:56:17,395 [DEBUG] MainThread: findfont: score(FontEntry(fname='C:\\Windows\\Fonts\\framdit.ttf', name='Franklin Gothic Medium', style='italic', variant='normal', weight=400, stretch='normal', size='scalable')) = 11.05
2026-08-01 18:56:17,395 [DEBUG] MainThread: findfont: score(FontEntry(fname='C:\\Windows\\Fonts\\DejaVuSerifCondensed.ttf', name='DejaVu Serif', style='normal', variant='normal', weight=400, stretch='condensed', size='scalable')) = 10.25
2026-08-01 18:56:17,396 [DEBUG] MainThread: findfont: score(FontEntry(fname='C:\\Windows\\Fonts\\YuGothB.ttc', name='Yu Gothic', style='normal', variant='normal', weight=700, stretch='normal', size='scalable')) = 10.335
2026-08-01 18:56:17,396 [DEBUG] MainThread: findfont: score(FontEntry(fname='C:\\Windows\\Fonts\\NotoSansHebrew-Bold.ttf', name='Noto Sans Hebrew', style='normal', variant='normal', weight=700, stretch='normal', size='scalable')) = 10.335
2026-08-01 18:56:17,396 [DEBUG] MainThread: findfont: score(FontEntry(fname='C:\\Windows\\Fonts\\seguisb.ttf', name='Segoe UI', style='normal', variant='normal', weight=600, stretch='normal', size='scalable')) = 10.24
2026-08-01 18:56:17,396 [DEBUG] MainThread: findfont: score(FontEntry(fname='C:\\Windows\\Fonts\\trebuc.ttf', name='Trebuchet MS', style='normal', variant='normal', weight=400, stretch='normal', size='scalable')) = 10.05
2026-08-01 18:56:17,396 [DEBUG] MainThread: findfont: score(FontEntry(fname='C:\\Windows\\Fonts\\consolai.ttf', name='Consolas', style='italic', variant='normal', weight=400, stretch='normal', size='scalable')) = 11.05
2026-08-01 18:56:17,396 [DEBUG] MainThread: findfont: score(FontEntry(fname='C:\\Windows\\Fonts\\DejaVuSerif.ttf', name='DejaVu Serif', style='normal', variant='normal', weight=400, stretch='normal', size='scalable')) = 10.05
2026-08-01 18:56:17,396 [DEBUG] MainThread: findfont: score(FontEntry(fname='C:\\Windows\\Fonts\\NotoSansArmenian-Regular.ttf', name='Noto Sans Armenian', style='normal', variant='normal', weight=400, stretch='normal', size='scalable')) = 10.05
2026-08-01 18:56:17,396 [DEBUG] MainThread: findfont: score(FontEntry(fname='C:\\Windows\\Fonts\\LiberationSansNarrow-Bold.ttf', name='Liberation Sans Narrow', style='normal', variant='normal', weight=700, stretch='condensed', size='scalable')) = 10.535
2026-08-01 18:56:17,396 [DEBUG] MainThread: findfont: score(FontEntry(fname='C:\\Windows\\Fonts\\gadugib.ttf', name='Gadugi', style='normal', variant='normal', weight=700, stretch='normal', size='scalable')) = 10.335
2026-08-01 18:56:17,396 [DEBUG] MainThread: findfont: score(FontEntry(fname='C:\\Windows\\Fonts\\symbol.ttf', name='Symbol', style='normal', variant='normal', weight=400, stretch='normal', size='scalable')) = 10.05
2026-08-01 18:56:17,396 [DEBUG] MainThread: findfont: score(FontEntry(fname='C:\\Windows\\Fonts\\Candarai.ttf', name='Candara', style='italic', variant='normal', weight=400, stretch='normal', size='scalable')) = 11.05
2026-08-01 18:56:17,396 [DEBUG] MainThread: findfont: score(FontEntry(fname='C:\\Windows\\Fonts\\bahnschrift.ttf', name='Bahnschrift', style='normal', variant='normal', weight=400, stretch='normal', size='scalable')) = 10.05
2026-08-01 18:56:17,396 [DEBUG] MainThread: findfont: score(FontEntry(fname='C:\\Windows\\Fonts\\comicbd.ttf', name='Comic Sans MS', style='normal', variant='normal', weight=700, stretch='normal', size='scalable')) = 10.335
2026-08-01 18:56:17,396 [DEBUG] MainThread: findfont: score(FontEntry(fname='C:\\Windows\\Fonts\\NotoSerifHebrew-Regular.ttf', name='Noto Serif Hebrew', style='normal', variant='normal', weight=400, stretch='normal', size='scalable')) = 10.05
2026-08-01 18:56:17,396 [DEBUG] MainThread: findfont: score(FontEntry(fname='C:\\Windows\\Fonts\\verdanaz.ttf', name='Verdana', style='italic', variant='normal', weight=700, stretch='normal', size='scalable')) = 4.971363636363637
2026-08-01 18:56:17,396 [DEBUG] MainThread: findfont: score(FontEntry(fname='C:\\Windows\\Fonts\\NotoSerif-Regular.ttf', name='Noto Serif', style='normal', variant='normal', weight=400, stretch='normal', size='scalable')) = 10.05
2026-08-01 18:56:17,396 [DEBUG] MainThread: findfont: score(FontEntry(fname='C:\\Windows\\Fonts\\LiberationSans-Regular.ttf', name='Liberation Sans', style='normal', variant='normal', weight=400, stretch='normal', size='scalable')) = 10.05
2026-08-01 18:56:17,396 [DEBUG] MainThread: findfont: score(FontEntry(fname='C:\\Windows\\Fonts\\Rubik-Italic.ttf', name='Rubik', style='italic', variant='normal', weight=400, stretch='normal', size='scalable')) = 11.05
2026-08-01 18:56:17,396 [DEBUG] MainThread: findfont: score(FontEntry(fname='C:\\Windows\\Fonts\\LatoWeb-SemiboldItalic.ttf', name='Lato', style='italic', variant='normal', weight=600, stretch='normal', size='scalable')) = 11.24
2026-08-01 18:56:17,397 [DEBUG] MainThread: findfont: score(FontEntry(fname='C:\\Windows\\Fonts\\NotoSerifGeorgian-Bold.ttf', name='Noto Serif Georgian', style='normal', variant='normal', weight=700, stretch='normal', size='scalable')) = 10.335
2026-08-01 18:56:17,397 [DEBUG] MainThread: findfont: score(FontEntry(fname='C:\\Windows\\Fonts\\segoeprb.ttf', name='Segoe Print', style='normal', variant='normal', weight=700, stretch='normal', size='scalable')) = 10.335
2026-08-01 18:56:17,397 [DEBUG] MainThread: findfont: score(FontEntry(fname='C:\\Windows\\Fonts\\LinBiolinum_RB_G.ttf', name='Linux Biolinum G', style='normal', variant='normal', weight=700, stretch='normal', size='scalable')) = 10.335
2026-08-01 18:56:17,397 [DEBUG] MainThread: findfont: score(FontEntry(fname='C:\\Windows\\Fonts\\SitkaVF.ttf', name='Sitka', style='normal', variant='normal', weight=400, stretch='normal', size='scalable')) = 10.05
2026-08-01 18:56:17,397 [DEBUG] MainThread: findfont: score(FontEntry(fname='C:\\Windows\\Fonts\\SegUIVar.ttf', name='Segoe UI Variable', style='normal', variant='normal', weight=400, stretch='normal', size='scalable')) = 10.05
2026-08-01 18:56:17,397 [DEBUG] MainThread: findfont: score(FontEntry(fname='C:\\Windows\\Fonts\\micross.ttf', name='Microsoft Sans Serif', style='normal', variant='normal', weight=400, stretch='normal', size='scalable')) = 10.05
2026-08-01 18:56:17,397 [DEBUG] MainThread: findfont: score(FontEntry(fname='C:\\Windows\\Fonts\\opens___.ttf', name='OpenSymbol', style='normal', variant='normal', weight=400, stretch='normal', size='scalable')) = 10.05
2026-08-01 18:56:17,397 [DEBUG] MainThread: findfont: score(FontEntry(fname='C:\\Windows\\Fonts\\monbaiti.ttf', name='Mongolian Baiti', style='normal', variant='normal', weight=400, stretch='normal', size='scalable')) = 10.05
2026-08-01 18:56:17,397 [DEBUG] MainThread: findfont: score(FontEntry(fname='C:\\Windows\\Fonts\\FrankRuehlCLM-Bold.otf', name='Frank Ruehl CLM', style='normal', variant='normal', weight=700, stretch='normal', size='scalable')) = 10.335
2026-08-01 18:56:17,397 [DEBUG] MainThread: findfont: score(FontEntry(fname='C:\\Windows\\Fonts\\NotoSerifGeorgian-Regular.ttf', name='Noto Serif Georgian', style='normal', variant='normal', weight=400, stretch='normal', size='scalable')) = 10.05
2026-08-01 18:56:17,397 [DEBUG] MainThread: findfont: score(FontEntry(fname='C:\\Windows\\Fonts\\NotoSerifLao-Bold.ttf', name='Noto Serif Lao', style='normal', variant='normal', weight=700, stretch='normal', size='scalable')) = 10.335
2026-08-01 18:56:17,397 [DEBUG] MainThread: findfont: score(FontEntry(fname='C:\\Windows\\Fonts\\taile.ttf', name='Microsoft Tai Le', style='normal', variant='normal', weight=400, stretch='normal', size='scalable')) = 10.05
2026-08-01 18:56:17,397 [DEBUG] MainThread: findfont: score(FontEntry(fname='C:\\Windows\\Fonts\\LinLibertine_RI_G.ttf', name='Linux Libertine G', style='italic', variant='normal', weight=400, stretch='normal', size='scalable')) = 11.05
2026-08-01 18:56:17,397 [DEBUG] MainThread: findfont: score(FontEntry(fname='C:\\Windows\\Fonts\\corbel.ttf', name='Corbel', style='normal', variant='normal', weight=400, stretch='normal', size='scalable')) = 10.05
2026-08-01 18:56:17,397 [DEBUG] MainThread: findfont: score(FontEntry(fname='C:\\Windows\\Fonts\\cambria.ttc', name='Cambria', style='normal', variant='normal', weight=400, stretch='normal', size='scalable')) = 10.05
2026-08-01 18:56:17,397 [DEBUG] MainThread: findfont: score(FontEntry(fname='C:\\Windows\\Fonts\\GenBkBasB.ttf', name='Gentium Book Basic', style='normal', variant='normal', weight=700, stretch='normal', size='scalable')) = 10.335
2026-08-01 18:56:17,397 [DEBUG] MainThread: findfont: score(FontEntry(fname='C:\\Windows\\Fonts\\cambriai.ttf', name='Cambria', style='italic', variant='normal', weight=400, stretch='normal', size='scalable')) = 11.05
2026-08-01 18:56:17,397 [DEBUG] MainThread: findfont: score(FontEntry(fname='C:\\Windows\\Fonts\\DejaVuSerifCondensed-BoldItalic.ttf', name='DejaVu Serif', style='italic', variant='normal', weight=700, stretch='condensed', size='scalable')) = 11.535
2026-08-01 18:56:17,398 [DEBUG] MainThread: findfont: score(FontEntry(fname='C:\\Windows\\Fonts\\ebrima.ttf', name='Ebrima', style='normal', variant='normal', weight=400, stretch='normal', size='scalable')) = 10.05
2026-08-01 18:56:17,398 [DEBUG] MainThread: findfont: score(FontEntry(fname='C:\\Windows\\Fonts\\LiberationSerif-Regular.ttf', name='Liberation Serif', style='normal', variant='normal', weight=400, stretch='normal', size='scalable')) = 10.05
2026-08-01 18:56:17,398 [DEBUG] MainThread: findfont: score(FontEntry(fname='C:\\Windows\\Fonts\\consola.ttf', name='Consolas', style='normal', variant='normal', weight=400, stretch='normal', size='scalable')) = 10.05
2026-08-01 18:56:17,398 [DEBUG] MainThread: findfont: score(FontEntry(fname='C:\\Windows\\Fonts\\segoeuii.ttf', name='Segoe UI', style='italic', variant='normal', weight=400, stretch='normal', size='scalable')) = 11.05
2026-08-01 18:56:17,398 [DEBUG] MainThread: findfont: score(FontEntry(fname='C:\\Windows\\Fonts\\DejaVuSerifCondensed-Italic.ttf', name='DejaVu Serif', style='italic', variant='normal', weight=400, stretch='condensed', size='scalable')) = 11.25
2026-08-01 18:56:17,398 [DEBUG] MainThread: findfont: score(FontEntry(fname='C:\\Windows\\Fonts\\LiberationSans-Bold.ttf', name='Liberation Sans', style='normal', variant='normal', weight=700, stretch='normal', size='scalable')) = 10.335
2026-08-01 18:56:17,398 [DEBUG] MainThread: findfont: score(FontEntry(fname='C:\\Windows\\Fonts\\webdings.ttf', name='Webdings', style='normal', variant='normal', weight=400, stretch='normal', size='scalable')) = 10.05
2026-08-01 18:56:17,398 [DEBUG] MainThread: findfont: score(FontEntry(fname='C:\\Windows\\Fonts\\seguili.ttf', name='Segoe UI', style='italic', variant='normal', weight=300, stretch='normal', size='scalable')) = 11.145
2026-08-01 18:56:17,398 [DEBUG] MainThread: findfont: score(FontEntry(fname='C:\\Windows\\Fonts\\DejaVuSerif-Bold.ttf', name='DejaVu Serif', style='normal', variant='normal', weight=700, stretch='normal', size='scalable')) = 10.335
2026-08-01 18:56:17,398 [DEBUG] MainThread: findfont: score(FontEntry(fname='C:\\Windows\\Fonts\\Gabriola.ttf', name='Gabriola', style='normal', variant='normal', weight=400, stretch='normal', size='scalable')) = 10.05
2026-08-01 18:56:17,398 [DEBUG] MainThread: findfont: score(FontEntry(fname='C:\\Windows\\Fonts\\AmiriQuran.ttf', name='Amiri Quran', style='normal', variant='normal', weight=400, stretch='normal', size='scalable')) = 10.05
2026-08-01 18:56:17,398 [DEBUG] MainThread: findfont: score(FontEntry(fname='C:\\Windows\\Fonts\\DavidLibre-Bold.ttf', name='David Libre', style='normal', variant='normal', weight=700, stretch='normal', size='scalable')) = 10.335
2026-08-01 18:56:17,398 [DEBUG] MainThread: findfont: score(FontEntry(fname='C:\\Windows\\Fonts\\NotoSansArmenian-Bold.ttf', name='Noto Sans Armenian', style='normal', variant='normal', weight=700, stretch='normal', size='scalable')) = 10.335
2026-08-01 18:56:17,398 [DEBUG] MainThread: findfont: score(FontEntry(fname='C:\\Windows\\Fonts\\LeelawUI.ttf', name='Leelawadee UI', style='normal', variant='normal', weight=400, stretch='normal', size='scalable')) = 10.05
2026-08-01 18:56:17,398 [DEBUG] MainThread: findfont: score(FontEntry(fname='C:\\Windows\\Fonts\\corbeli.ttf', name='Corbel', style='italic', variant='normal', weight=400, stretch='normal', size='scalable')) = 11.05
2026-08-01 18:56:17,398 [DEBUG] MainThread: findfont: score(FontEntry(fname='C:\\Windows\\Fonts\\taileb.ttf', name='Microsoft Tai Le', style='normal', variant='normal', weight=700, stretch='normal', size='scalable')) = 10.335
2026-08-01 18:56:17,398 [DEBUG] MainThread: findfont: score(FontEntry(fname='C:\\Windows\\Fonts\\georgia.ttf', name='Georgia', style='normal', variant='normal', weight=400, stretch='normal', size='scalable')) = 10.05
2026-08-01 18:56:17,399 [DEBUG] MainThread: findfont: score(FontEntry(fname='C:\\Windows\\Fonts\\segoeui.ttf', name='Segoe UI', style='normal', variant='normal', weight=400, stretch='normal', size='scalable')) = 10.05
2026-08-01 18:56:17,399 [DEBUG] MainThread: findfont: score(FontEntry(fname='C:\\Windows\\Fonts\\FrankRuhlHofshi-Regular.otf', name='Frank Ruhl Hofshi', style='normal', variant='normal', weight=400, stretch='normal', size='scalable')) = 10.05
2026-08-01 18:56:17,399 [DEBUG] MainThread: findfont: score(FontEntry(fname='C:\\Windows\\Fonts\\NotoSansArabic-Bold.ttf', name='Noto Sans Arabic', style='normal', variant='normal', weight=700, stretch='normal', size='scalable')) = 10.335
2026-08-01 18:56:17,399 [DEBUG] MainThread: findfont: score(FontEntry(fname='C:\\Windows\\Fonts\\DejaVuSerif-Italic.ttf', name='DejaVu Serif', style='italic', variant='normal', weight=400, stretch='normal', size='scalable')) = 11.05
2026-08-01 18:56:17,399 [DEBUG] MainThread: findfont: score(FontEntry(fname='C:\\Windows\\Fonts\\calibrib.ttf', name='Calibri', style='normal', variant='normal', weight=700, stretch='normal', size='scalable')) = 10.335
2026-08-01 18:56:17,399 [DEBUG] MainThread: findfont: score(FontEntry(fname='C:\\Windows\\Fonts\\verdana.ttf', name='Verdana', style='normal', variant='normal', weight=400, stretch='normal', size='scalable')) = 3.6863636363636365
2026-08-01 18:56:17,399 [DEBUG] MainThread: findfont: score(FontEntry(fname='C:\\Windows\\Fonts\\palai.ttf', name='Palatino Linotype', style='italic', variant='normal', weight=400, stretch='normal', size='scalable')) = 11.05
2026-08-01 18:56:17,399 [DEBUG] MainThread: findfont: score(FontEntry(fname='C:\\Windows\\Fonts\\DejaVuSans-Oblique.ttf', name='DejaVu Sans', style='oblique', variant='normal', weight=400, stretch='normal', size='scalable')) = 1.05
2026-08-01 18:56:17,399 [DEBUG] MainThread: findfont: score(FontEntry(fname='C:\\Windows\\Fonts\\DejaVuSansCondensed-Oblique.ttf', name='DejaVu Sans', style='oblique', variant='normal', weight=400, stretch='condensed', size='scalable')) = 1.25
2026-08-01 18:56:17,399 [DEBUG] MainThread: findfont: score(FontEntry(fname='C:\\Windows\\Fonts\\MiriamMonoCLM-BoldOblique.ttf', name='Miriam Mono CLM', style='oblique', variant='normal', weight=700, stretch='normal', size='scalable')) = 11.335
2026-08-01 18:56:17,399 [DEBUG] MainThread: findfont: score(FontEntry(fname='C:\\Windows\\Fonts\\NotoSerif-BoldItalic.ttf', name='Noto Serif', style='italic', variant='normal', weight=700, stretch='normal', size='scalable')) = 11.335
2026-08-01 18:56:17,399 [DEBUG] MainThread: findfont: score(FontEntry(fname='C:\\Windows\\Fonts\\LinLibertine_RZI_G.ttf', name='Linux Libertine G', style='italic', variant='normal', weight=600, stretch='normal', size='scalable')) = 11.24
2026-08-01 18:56:17,399 [DEBUG] MainThread: findfont: score(FontEntry(fname='C:\\Windows\\Fonts\\Carlito-Italic.ttf', name='Carlito', style='italic', variant='normal', weight=400, stretch='normal', size='scalable')) = 11.05
2026-08-01 18:56:17,399 [DEBUG] MainThread: findfont: score(FontEntry(fname='C:\\Windows\\Fonts\\NotoSansGeorgian-Bold.ttf', name='Noto Sans Georgian', style='normal', variant='normal', weight=700, stretch='normal', size='scalable')) = 10.335
2026-08-01 18:56:17,399 [DEBUG] MainThread: findfont: score(FontEntry(fname='C:\\Windows\\Fonts\\georgiaz.ttf', name='Georgia', style='italic', variant='normal', weight=700, stretch='normal', size='scalable')) = 11.335
2026-08-01 18:56:17,399 [DEBUG] MainThread: findfont: score(FontEntry(fname='C:\\Windows\\Fonts\\NotoSerif-Bold.ttf', name='Noto Serif', style='normal', variant='normal', weight=700, stretch='normal', size='scalable')) = 10.335
2026-08-01 18:56:17,400 [DEBUG] MainThread: findfont: score(FontEntry(fname='C:\\Windows\\Fonts\\seguibli.ttf', name='Segoe UI', style='italic', variant='normal', weight=900, stretch='normal', size='scalable')) = 11.525
2026-08-01 18:56:17,400 [DEBUG] MainThread: findfont: score(FontEntry(fname='C:\\Windows\\Fonts\\mmrtextb.ttf', name='Myanmar Text', style='normal', variant='normal', weight=700, stretch='normal', size='scalable')) = 10.335
2026-08-01 18:56:17,400 [DEBUG] MainThread: findfont: score(FontEntry(fname='C:\\Windows\\Fonts\\DejaVuSansMono-Oblique.ttf', name='DejaVu Sans Mono', style='oblique', variant='normal', weight=400, stretch='normal', size='scalable')) = 11.05
2026-08-01 18:56:17,400 [DEBUG] MainThread: findfont: score(FontEntry(fname='C:\\Windows\\Fonts\\LatoWeb-Regular.ttf', name='Lato', style='normal', variant='normal', weight=400, stretch='normal', size='scalable')) = 10.05
2026-08-01 18:56:17,400 [DEBUG] MainThread: findfont: score(FontEntry(fname='C:\\Windows\\Fonts\\ariali.ttf', name='Arial', style='italic', variant='normal', weight=400, stretch='normal', size='scalable')) = 7.413636363636363
2026-08-01 18:56:17,400 [DEBUG] MainThread: findfont: score(FontEntry(fname='C:\\Windows\\Fonts\\segoeuisl.ttf', name='Segoe UI', style='normal', variant='normal', weight=350, stretch='normal', size='scalable')) = 10.0975
2026-08-01 18:56:17,400 [DEBUG] MainThread: findfont: score(FontEntry(fname='C:\\Windows\\Fonts\\Amiri-Italic.ttf', name='Amiri', style='italic', variant='normal', weight=400, stretch='normal', size='scalable')) = 11.05
2026-08-01 18:56:17,400 [DEBUG] MainThread: findfont: score(FontEntry(fname='C:\\Windows\\Fonts\\LinLibertine_RBI_G.ttf', name='Linux Libertine G', style='italic', variant='normal', weight=700, stretch='normal', size='scalable')) = 11.335
2026-08-01 18:56:17,400 [DEBUG] MainThread: findfont: score(FontEntry(fname='C:\\Windows\\Fonts\\mingliub.ttc', name='MingLiU-ExtB', style='normal', variant='normal', weight=400, stretch='normal', size='scalable')) = 10.05
2026-08-01 18:56:17,400 [DEBUG] MainThread: findfont: score(FontEntry(fname='C:\\Windows\\Fonts\\NotoSansLisu-Regular.ttf', name='Noto Sans Lisu', style='normal', variant='normal', weight=400, stretch='normal', size='scalable')) = 10.05
2026-08-01 18:56:17,400 [DEBUG] MainThread: findfont: score(FontEntry(fname='C:\\Windows\\Fonts\\Caladea-Regular.ttf', name='Caladea', style='normal', variant='normal', weight=400, stretch='normal', size='scalable')) = 10.05
2026-08-01 18:56:17,400 [DEBUG] MainThread: findfont: score(FontEntry(fname='C:\\Windows\\Fonts\\Carlito-BoldItalic.ttf', name='Carlito', style='italic', variant='normal', weight=700, stretch='normal', size='scalable')) = 11.335
2026-08-01 18:56:17,400 [DEBUG] MainThread: findfont: score(FontEntry(fname='C:\\Windows\\Fonts\\timesbd.ttf', name='Times New Roman', style='normal', variant='normal', weight=700, stretch='normal', size='scalable')) = 10.335
2026-08-01 18:56:17,400 [DEBUG] MainThread: findfont: score(FontEntry(fname='C:\\Windows\\Fonts\\segmdl2.ttf', name='Segoe MDL2 Assets', style='normal', variant='normal', weight=400, stretch='normal', size='scalable')) = 10.05
2026-08-01 18:56:17,400 [DEBUG] MainThread: findfont: score(FontEntry(fname='C:\\Windows\\Fonts\\cambriaz.ttf', name='Cambria', style='italic', variant='normal', weight=700, stretch='normal', size='scalable')) = 11.335
2026-08-01 18:56:17,400 [DEBUG] MainThread: findfont: score(FontEntry(fname='C:\\Windows\\Fonts\\segoescb.ttf', name='Segoe Script', style='normal', variant='normal', weight=700, stretch='normal', size='scalable')) = 10.335
2026-08-01 18:56:17,400 [DEBUG] MainThread: findfont: score(FontEntry(fname='C:\\Windows\\Fonts\\NotoSans-Italic.ttf', name='Noto Sans', style='italic', variant='normal', weight=400, stretch='normal', size='scalable')) = 11.05
2026-08-01 18:56:17,400 [DEBUG] MainThread: findfont: score(FontEntry(fname='C:\\Windows\\Fonts\\seguihis.ttf', name='Segoe UI Historic', style='normal', variant='normal', weight=400, stretch='normal', size='scalable')) = 10.05
2026-08-01 18:56:17,400 [DEBUG] MainThread: findfont: score(FontEntry(fname='C:\\Windows\\Fonts\\wingding.ttf', name='Wingdings', style='normal', variant='normal', weight=400, stretch='normal', size='scalable')) = 10.05
2026-08-01 18:56:17,401 [DEBUG] MainThread: findfont: score(FontEntry(fname='C:\\Windows\\Fonts\\LiberationMono-Italic.ttf', name='Liberation Mono', style='italic', variant='normal', weight=400, stretch='normal', size='scalable')) = 11.05
2026-08-01 18:56:17,401 [DEBUG] MainThread: findfont: score(FontEntry(fname='C:\\Windows\\Fonts\\LeelaUIb.ttf', name='Leelawadee UI', style='normal', variant='normal', weight=700, stretch='normal', size='scalable')) = 10.335
2026-08-01 18:56:17,401 [DEBUG] MainThread: findfont: score(FontEntry(fname='C:\\Windows\\Fonts\\seguisbi.ttf', name='Segoe UI', style='italic', variant='normal', weight=600, stretch='normal', size='scalable')) = 11.24
2026-08-01 18:56:17,401 [DEBUG] MainThread: findfont: score(FontEntry(fname='C:\\Windows\\Fonts\\DejaVuSans-ExtraLight.ttf', name='DejaVu Sans', style='normal', variant='normal', weight=200, stretch='normal', size='scalable')) = 0.24
2026-08-01 18:56:17,401 [DEBUG] MainThread: findfont: score(FontEntry(fname='C:\\Windows\\Fonts\\phagspab.ttf', name='Microsoft PhagsPa', style='normal', variant='normal', weight=700, stretch='normal', size='scalable')) = 10.335
2026-08-01 18:56:17,401 [DEBUG] MainThread: findfont: score(FontEntry(fname='C:\\Windows\\Fonts\\georgiai.ttf', name='Georgia', style='italic', variant='normal', weight=400, stretch='normal', size='scalable')) = 11.05
2026-08-01 18:56:17,401 [DEBUG] MainThread: findfont: score(FontEntry(fname='C:\\Windows\\Fonts\\NachlieliCLM-BoldOblique.otf', name='Nachlieli CLM', style='oblique', variant='normal', weight=600, stretch='normal', size='scalable')) = 11.24
2026-08-01 18:56:17,401 [DEBUG] MainThread: findfont: score(FontEntry(fname='C:\\Windows\\Fonts\\FrankRuehlCLM-BoldOblique.otf', name='Frank Ruehl CLM', style='oblique', variant='normal', weight=700, stretch='normal', size='scalable')) = 11.335
2026-08-01 18:56:17,401 [DEBUG] MainThread: findfont: score(FontEntry(fname='C:\\Windows\\Fonts\\gadugi.ttf', name='Gadugi', style='normal', variant='normal', weight=400, stretch='normal', size='scalable')) = 10.05
2026-08-01 18:56:17,401 [DEBUG] MainThread: findfont: score(FontEntry(fname='C:\\Windows\\Fonts\\FrankRuhlHofshi-Bold.otf', name='Frank Ruhl Hofshi', style='normal', variant='normal', weight=700, stretch='normal', size='scalable')) = 10.335
2026-08-01 18:56:17,401 [DEBUG] MainThread: findfont: score(FontEntry(fname='C:\\Windows\\Fonts\\DejaVuSansMono.ttf', name='DejaVu Sans Mono', style='normal', variant='normal', weight=400, stretch='normal', size='scalable')) = 10.05
2026-08-01 18:56:17,401 [DEBUG] MainThread: findfont: score(FontEntry(fname='C:\\Windows\\Fonts\\timesbi.ttf', name='Times New Roman', style='italic', variant='normal', weight=700, stretch='normal', size='scalable')) = 11.335
2026-08-01 18:56:17,401 [DEBUG] MainThread: findfont: score(FontEntry(fname='C:\\Windows\\Fonts\\Rubik-BoldItalic.ttf', name='Rubik', style='italic', variant='normal', weight=700, stretch='normal', size='scalable')) = 11.335
2026-08-01 18:56:17,401 [DEBUG] MainThread: findfont: score(FontEntry(fname='C:\\Windows\\Fonts\\NotoNaskhArabic-Regular.ttf', name='Noto Naskh Arabic', style='normal', variant='normal', weight=400, stretch='normal', size='scalable')) = 10.05
2026-08-01 18:56:17,401 [DEBUG] MainThread: findfont: score(FontEntry(fname='C:\\Windows\\Fonts\\times.ttf', name='Times New Roman', style='normal', variant='normal', weight=400, stretch='normal', size='scalable')) = 10.05
2026-08-01 18:56:17,401 [DEBUG] MainThread: findfont: score(FontEntry(fname='C:\\Windows\\Fonts\\SegoeIcons.ttf', name='Segoe Fluent Icons', style='normal', variant='normal', weight=400, stretch='normal', size='scalable')) = 10.05
2026-08-01 18:56:17,401 [DEBUG] MainThread: findfont: score(FontEntry(fname='C:\\Windows\\Fonts\\Candaraz.ttf', name='Candara', style='italic', variant='normal', weight=700, stretch='normal', size='scalable')) = 11.335
2026-08-01 18:56:17,401 [DEBUG] MainThread: findfont: score(FontEntry(fname='C:\\Windows\\Fonts\\NotoSans-Bold.ttf', name='Noto Sans', style='normal', variant='normal', weight=700, stretch='normal', size='scalable')) = 10.335
2026-08-01 18:56:17,402 [DEBUG] MainThread: findfont: score(FontEntry(fname='C:\\Windows\\Fonts\\NotoSansLao-Bold.ttf', name='Noto Sans Lao', style='normal', variant='normal', weight=700, stretch='normal', size='scalable')) = 10.335
2026-08-01 18:56:17,402 [DEBUG] MainThread: findfont: score(FontEntry(fname='C:\\Windows\\Fonts\\LiberationSerif-Bold.ttf', name='Liberation Serif', style='normal', variant='normal', weight=700, stretch='normal', size='scalable')) = 10.335
2026-08-01 18:56:17,402 [DEBUG] MainThread: findfont: score(FontEntry(fname='C:\\Windows\\Fonts\\constan.ttf', name='Constantia', style='normal', variant='normal', weight=400, stretch='normal', size='scalable')) = 10.05
2026-08-01 18:56:17,402 [DEBUG] MainThread: findfont: score(FontEntry(fname='C:\\Windows\\Fonts\\NotoSansGeorgian-Regular.ttf', name='Noto Sans Georgian', style='normal', variant='normal', weight=400, stretch='normal', size='scalable')) = 10.05
2026-08-01 18:56:17,402 [DEBUG] MainThread: findfont: score(FontEntry(fname='C:\\Windows\\Fonts\\LinBiolinum_RI_G.ttf', name='Linux Biolinum G', style='italic', variant='normal', weight=400, stretch='normal', size='scalable')) = 11.05
2026-08-01 18:56:17,402 [DEBUG] MainThread: findfont: score(FontEntry(fname='C:\\Windows\\Fonts\\LinLibertine_R_G.ttf', name='Linux Libertine G', style='normal', variant='normal', weight=400, stretch='normal', size='scalable')) = 10.05
2026-08-01 18:56:17,402 [DEBUG] MainThread: findfont: score(FontEntry(fname='C:\\Windows\\Fonts\\seguisli.ttf', name='Segoe UI', style='italic', variant='normal', weight=350, stretch='normal', size='scalable')) = 11.0975
2026-08-01 18:56:17,402 [DEBUG] MainThread: findfont: score(FontEntry(fname='C:\\Windows\\Fonts\\arialbi.ttf', name='Arial', style='italic', variant='normal', weight=700, stretch='normal', size='scalable')) = 7.698636363636363
2026-08-01 18:56:17,402 [DEBUG] MainThread: findfont: score(FontEntry(fname='C:\\Windows\\Fonts\\Candaral.ttf', name='Candara', style='normal', variant='normal', weight=400, stretch='normal', size='scalable')) = 10.05
2026-08-01 18:56:17,402 [DEBUG] MainThread: findfont: score(FontEntry(fname='C:\\Windows\\Fonts\\simsun.ttc', name='SimSun', style='normal', variant='normal', weight=400, stretch='normal', size='scalable')) = 10.05
2026-08-01 18:56:17,402 [DEBUG] MainThread: findfont: Matching sans\-serif:style=normal:variant=normal:weight=normal:stretch=normal:size=10.0 to DejaVu Sans ('c:\\Users\\Username\\Desktop\\Folder\\Developing\\Ortez\\app\\.venv\\Lib\\site-packages\\matplotlib\\mpl-data\\fonts\\ttf\\DejaVuSans.ttf') with score of 0.050000.
2026-08-01 18:56:17,454 [DEBUG] MainThread: findfont: Matching sans\-serif:style=normal:variant=normal:weight=normal:stretch=normal:size=12.0.
2026-08-01 18:56:17,454 [DEBUG] MainThread: findfont: score(FontEntry(fname='c:\\Users\\Username\\Desktop\\Folder\\Developing\\Ortez\\app\\.venv\\Lib\\site-packages\\matplotlib\\mpl-data\\fonts\\ttf\\DejaVuSerif-BoldItalic.ttf', name='DejaVu Serif', style='italic', variant='normal', weight=700, stretch='normal', size='scalable')) = 11.335
2026-08-01 18:56:17,454 [DEBUG] MainThread: findfont: score(FontEntry(fname='c:\\Users\\Username\\Desktop\\Folder\\Developing\\Ortez\\app\\.venv\\Lib\\site-packages\\matplotlib\\mpl-data\\fonts\\ttf\\STIXSizFiveSymReg.ttf', name='STIXSizeFiveSym', style='normal', variant='normal', weight=400, stretch='normal', size='scalable')) = 10.05
2026-08-01 18:56:17,454 [DEBUG] MainThread: findfont: score(FontEntry(fname='c:\\Users\\Username\\Desktop\\Folder\\Developing\\Ortez\\app\\.venv\\Lib\\site-packages\\matplotlib\\mpl-data\\fonts\\ttf\\STIXGeneralBol.ttf', name='STIXGeneral', style='normal', variant='normal', weight=700, stretch='normal', size='scalable')) = 10.335
2026-08-01 18:56:17,454 [DEBUG] MainThread: findfont: score(FontEntry(fname='c:\\Users\\Username\\Desktop\\Folder\\Developing\\Ortez\\app\\.venv\\Lib\\site-packages\\matplotlib\\mpl-data\\fonts\\ttf\\DejaVuSerif-Italic.ttf', name='DejaVu Serif', style='italic', variant='normal', weight=400, stretch='normal', size='scalable')) = 11.05
2026-08-01 18:56:17,455 [DEBUG] MainThread: findfont: score(FontEntry(fname='c:\\Users\\Username\\Desktop\\Folder\\Developing\\Ortez\\app\\.venv\\Lib\\site-packages\\matplotlib\\mpl-data\\fonts\\ttf\\STIXGeneral.ttf', name='STIXGeneral', style='normal', variant='normal', weight=400, stretch='normal', size='scalable')) = 10.05
2026-08-01 18:56:17,455 [DEBUG] MainThread: findfont: score(FontEntry(fname='c:\\Users\\Username\\Desktop\\Folder\\Developing\\Ortez\\app\\.venv\\Lib\\site-packages\\matplotlib\\mpl-data\\fonts\\ttf\\cmsy10.ttf', name='cmsy10', style='normal', variant='normal', weight=400, stretch='normal', size='scalable')) = 10.05
2026-08-01 18:56:17,455 [DEBUG] MainThread: findfont: score(FontEntry(fname='c:\\Users\\Username\\Desktop\\Folder\\Developing\\Ortez\\app\\.venv\\Lib\\site-packages\\matplotlib\\mpl-data\\fonts\\ttf\\DejaVuSans-Oblique.ttf', name='DejaVu Sans', style='oblique', variant='normal', weight=400, stretch='normal', size='scalable')) = 1.05
2026-08-01 18:56:17,455 [DEBUG] MainThread: findfont: score(FontEntry(fname='c:\\Users\\Username\\Desktop\\Folder\\Developing\\Ortez\\app\\.venv\\Lib\\site-packages\\matplotlib\\mpl-data\\fonts\\ttf\\cmr10.ttf', name='cmr10', style='normal', variant='normal', weight=400, stretch='normal', size='scalable')) = 10.05
2026-08-01 18:56:17,455 [DEBUG] MainThread: findfont: score(FontEntry(fname='c:\\Users\\Username\\Desktop\\Folder\\Developing\\Ortez\\app\\.venv\\Lib\\site-packages\\matplotlib\\mpl-data\\fonts\\ttf\\DejaVuSansMono.ttf', name='DejaVu Sans Mono', style='normal', variant='normal', weight=400, stretch='normal', size='scalable')) = 10.05
2026-08-01 18:56:17,455 [DEBUG] MainThread: findfont: score(FontEntry(fname='c:\\Users\\Username\\Desktop\\Folder\\Developing\\Ortez\\app\\.venv\\Lib\\site-packages\\matplotlib\\mpl-data\\fonts\\ttf\\STIXSizFourSymBol.ttf', name='STIXSizeFourSym', style='normal', variant='normal', weight=700, stretch='normal', size='scalable')) = 10.335
2026-08-01 18:56:17,455 [DEBUG] MainThread: findfont: score(FontEntry(fname='c:\\Users\\Username\\Desktop\\Folder\\Developing\\Ortez\\app\\.venv\\Lib\\site-packages\\matplotlib\\mpl-data\\fonts\\ttf\\DejaVuSerif-Bold.ttf', name='DejaVu Serif', style='normal', variant='normal', weight=700, stretch='normal', size='scalable')) = 10.335
2026-08-01 18:56:17,455 [DEBUG] MainThread: findfont: score(FontEntry(fname='c:\\Users\\Username\\Desktop\\Folder\\Developing\\Ortez\\app\\.venv\\Lib\\site-packages\\matplotlib\\mpl-data\\fonts\\ttf\\STIXSizOneSymBol.ttf', name='STIXSizeOneSym', style='normal', variant='normal', weight=700, stretch='normal', size='scalable')) = 10.335
2026-08-01 18:56:17,455 [DEBUG] MainThread: findfont: score(FontEntry(fname='c:\\Users\\Username\\Desktop\\Folder\\Developing\\Ortez\\app\\.venv\\Lib\\site-packages\\matplotlib\\mpl-data\\fonts\\ttf\\STIXGeneralBolIta.ttf', name='STIXGeneral', style='italic', variant='normal', weight=700, stretch='normal', size='scalable')) = 11.335
2026-08-01 18:56:17,455 [DEBUG] MainThread: findfont: score(FontEntry(fname='c:\\Users\\Username\\Desktop\\Folder\\Developing\\Ortez\\app\\.venv\\Lib\\site-packages\\matplotlib\\mpl-data\\fonts\\ttf\\STIXSizFourSymReg.ttf', name='STIXSizeFourSym', style='normal', variant='normal', weight=400, stretch='normal', size='scalable')) = 10.05
2026-08-01 18:56:17,455 [DEBUG] MainThread: findfont: score(FontEntry(fname='c:\\Users\\Username\\Desktop\\Folder\\Developing\\Ortez\\app\\.venv\\Lib\\site-packages\\matplotlib\\mpl-data\\fonts\\ttf\\cmb10.ttf', name='cmb10', style='normal', variant='normal', weight=400, stretch='normal', size='scalable')) = 10.05
2026-08-01 18:56:17,455 [DEBUG] MainThread: findfont: score(FontEntry(fname='c:\\Users\\Username\\Desktop\\Folder\\Developing\\Ortez\\app\\.venv\\Lib\\site-packages\\matplotlib\\mpl-data\\fonts\\ttf\\DejaVuSerif.ttf', name='DejaVu Serif', style='normal', variant='normal', weight=400, stretch='normal', size='scalable')) = 10.05
2026-08-01 18:56:17,455 [DEBUG] MainThread: findfont: score(FontEntry(fname='c:\\Users\\Username\\Desktop\\Folder\\Developing\\Ortez\\app\\.venv\\Lib\\site-packages\\matplotlib\\mpl-data\\fonts\\ttf\\cmtt10.ttf', name='cmtt10', style='normal', variant='normal', weight=400, stretch='normal', size='scalable')) = 10.05
2026-08-01 18:56:17,455 [DEBUG] MainThread: findfont: score(FontEntry(fname='c:\\Users\\Username\\Desktop\\Folder\\Developing\\Ortez\\app\\.venv\\Lib\\site-packages\\matplotlib\\mpl-data\\fonts\\ttf\\cmss10.ttf', name='cmss10', style='normal', variant='normal', weight=400, stretch='normal', size='scalable')) = 10.05
2026-08-01 18:56:17,455 [DEBUG] MainThread: findfont: score(FontEntry(fname='c:\\Users\\Username\\Desktop\\Folder\\Developing\\Ortez\\app\\.venv\\Lib\\site-packages\\matplotlib\\mpl-data\\fonts\\ttf\\STIXNonUni.ttf', name='STIXNonUnicode', style='normal', variant='normal', weight=400, stretch='normal', size='scalable')) = 10.05
2026-08-01 18:56:17,455 [DEBUG] MainThread: findfont: score(FontEntry(fname='c:\\Users\\Username\\Desktop\\Folder\\Developing\\Ortez\\app\\.venv\\Lib\\site-packages\\matplotlib\\mpl-data\\fonts\\ttf\\DejaVuSansDisplay.ttf', name='DejaVu Sans Display', style='normal', variant='normal', weight=400, stretch='normal', size='scalable')) = 10.05
2026-08-01 18:56:17,455 [DEBUG] MainThread: findfont: score(FontEntry(fname='c:\\Users\\Username\\Desktop\\Folder\\Developing\\Ortez\\app\\.venv\\Lib\\site-packages\\matplotlib\\mpl-data\\fonts\\ttf\\DejaVuSansMono-BoldOblique.ttf', name='DejaVu Sans Mono', style='oblique', variant='normal', weight=700, stretch='normal', size='scalable')) = 11.335
2026-08-01 18:56:17,456 [DEBUG] MainThread: findfont: score(FontEntry(fname='c:\\Users\\Username\\Desktop\\Folder\\Developing\\Ortez\\app\\.venv\\Lib\\site-packages\\matplotlib\\mpl-data\\fonts\\ttf\\STIXSizThreeSymBol.ttf', name='STIXSizeThreeSym', style='normal', variant='normal', weight=700, stretch='normal', size='scalable')) = 10.335
2026-08-01 18:56:17,456 [DEBUG] MainThread: findfont: score(FontEntry(fname='c:\\Users\\Username\\Desktop\\Folder\\Developing\\Ortez\\app\\.venv\\Lib\\site-packages\\matplotlib\\mpl-data\\fonts\\ttf\\DejaVuSans.ttf', name='DejaVu Sans', style='normal', variant='normal', weight=400, stretch='normal', size='scalable')) = 0.05
2026-08-01 18:56:17,456 [DEBUG] MainThread: findfont: score(FontEntry(fname='c:\\Users\\Username\\Desktop\\Folder\\Developing\\Ortez\\app\\.venv\\Lib\\site-packages\\matplotlib\\mpl-data\\fonts\\ttf\\STIXNonUniIta.ttf', name='STIXNonUnicode', style='italic', variant='normal', weight=400, stretch='normal', size='scalable')) = 11.05
2026-08-01 18:56:17,456 [DEBUG] MainThread: findfont: score(FontEntry(fname='c:\\Users\\Username\\Desktop\\Folder\\Developing\\Ortez\\app\\.venv\\Lib\\site-packages\\matplotlib\\mpl-data\\fonts\\ttf\\DejaVuSans-BoldOblique.ttf', name='DejaVu Sans', style='oblique', variant='normal', weight=700, stretch='normal', size='scalable')) = 1.335
2026-08-01 18:56:17,456 [DEBUG] MainThread: findfont: score(FontEntry(fname='c:\\Users\\Username\\Desktop\\Folder\\Developing\\Ortez\\app\\.venv\\Lib\\site-packages\\matplotlib\\mpl-data\\fonts\\ttf\\STIXGeneralItalic.ttf', name='STIXGeneral', style='italic', variant='normal', weight=400, stretch='normal', size='scalable')) = 11.05
2026-08-01 18:56:17,456 [DEBUG] MainThread: findfont: score(FontEntry(fname='c:\\Users\\Username\\Desktop\\Folder\\Developing\\Ortez\\app\\.venv\\Lib\\site-packages\\matplotlib\\mpl-data\\fonts\\ttf\\DejaVuSansMono-Oblique.ttf', name='DejaVu Sans Mono', style='oblique', variant='normal', weight=400, stretch='normal', size='scalable')) = 11.05
2026-08-01 18:56:17,456 [DEBUG] MainThread: findfont: score(FontEntry(fname='c:\\Users\\Username\\Desktop\\Folder\\Developing\\Ortez\\app\\.venv\\Lib\\site-packages\\matplotlib\\mpl-data\\fonts\\ttf\\STIXSizTwoSymReg.ttf', name='STIXSizeTwoSym', style='normal', variant='normal', weight=400, stretch='normal', size='scalable')) = 10.05
2026-08-01 18:56:17,456 [DEBUG] MainThread: findfont: score(FontEntry(fname='c:\\Users\\Username\\Desktop\\Folder\\Developing\\Ortez\\app\\.venv\\Lib\\site-packages\\matplotlib\\mpl-data\\fonts\\ttf\\DejaVuSerifDisplay.ttf', name='DejaVu Serif Display', style='normal', variant='normal', weight=400, stretch='normal', size='scalable')) = 10.05
2026-08-01 18:56:17,456 [DEBUG] MainThread: findfont: score(FontEntry(fname='c:\\Users\\Username\\Desktop\\Folder\\Developing\\Ortez\\app\\.venv\\Lib\\site-packages\\matplotlib\\mpl-data\\fonts\\ttf\\cmex10.ttf', name='cmex10', style='normal', variant='normal', weight=400, stretch='normal', size='scalable')) = 10.05
2026-08-01 18:56:17,456 [DEBUG] MainThread: findfont: score(FontEntry(fname='c:\\Users\\Username\\Desktop\\Folder\\Developing\\Ortez\\app\\.venv\\Lib\\site-packages\\matplotlib\\mpl-data\\fonts\\ttf\\STIXSizTwoSymBol.ttf', name='STIXSizeTwoSym', style='normal', variant='normal', weight=700, stretch='normal', size='scalable')) = 10.335
2026-08-01 18:56:17,456 [DEBUG] MainThread: findfont: score(FontEntry(fname='c:\\Users\\Username\\Desktop\\Folder\\Developing\\Ortez\\app\\.venv\\Lib\\site-packages\\matplotlib\\mpl-data\\fonts\\ttf\\DejaVuSans-Bold.ttf', name='DejaVu Sans', style='normal', variant='normal', weight=700, stretch='normal', size='scalable')) = 0.33499999999999996
2026-08-01 18:56:17,456 [DEBUG] MainThread: findfont: score(FontEntry(fname='c:\\Users\\Username\\Desktop\\Folder\\Developing\\Ortez\\app\\.venv\\Lib\\site-packages\\matplotlib\\mpl-data\\fonts\\ttf\\STIXSizThreeSymReg.ttf', name='STIXSizeThreeSym', style='normal', variant='normal', weight=400, stretch='normal', size='scalable')) = 10.05
2026-08-01 18:56:17,456 [DEBUG] MainThread: findfont: score(FontEntry(fname='c:\\Users\\Username\\Desktop\\Folder\\Developing\\Ortez\\app\\.venv\\Lib\\site-packages\\matplotlib\\mpl-data\\fonts\\ttf\\STIXNonUniBol.ttf', name='STIXNonUnicode', style='normal', variant='normal', weight=700, stretch='normal', size='scalable')) = 10.335
2026-08-01 18:56:17,456 [DEBUG] MainThread: findfont: score(FontEntry(fname='c:\\Users\\Username\\Desktop\\Folder\\Developing\\Ortez\\app\\.venv\\Lib\\site-packages\\matplotlib\\mpl-data\\fonts\\ttf\\STIXNonUniBolIta.ttf', name='STIXNonUnicode', style='italic', variant='normal', weight=700, stretch='normal', size='scalable')) = 11.335
2026-08-01 18:56:17,456 [DEBUG] MainThread: findfont: score(FontEntry(fname='c:\\Users\\Username\\Desktop\\Folder\\Developing\\Ortez\\app\\.venv\\Lib\\site-packages\\matplotlib\\mpl-data\\fonts\\ttf\\DejaVuSansMono-Bold.ttf', name='DejaVu Sans Mono', style='normal', variant='normal', weight=700, stretch='normal', size='scalable')) = 10.335
2026-08-01 18:56:17,456 [DEBUG] MainThread: findfont: score(FontEntry(fname='c:\\Users\\Username\\Desktop\\Folder\\Developing\\Ortez\\app\\.venv\\Lib\\site-packages\\matplotlib\\mpl-data\\fonts\\ttf\\cmmi10.ttf', name='cmmi10', style='normal', variant='normal', weight=400, stretch='normal', size='scalable')) = 10.05
2026-08-01 18:56:17,456 [DEBUG] MainThread: findfont: score(FontEntry(fname='c:\\Users\\Username\\Desktop\\Folder\\Developing\\Ortez\\app\\.venv\\Lib\\site-packages\\matplotlib\\mpl-data\\fonts\\ttf\\STIXSizOneSymReg.ttf', name='STIXSizeOneSym', style='normal', variant='normal', weight=400, stretch='normal', size='scalable')) = 10.05
2026-08-01 18:56:17,456 [DEBUG] MainThread: findfont: score(FontEntry(fname='C:\\Windows\\Fonts\\cambriab.ttf', name='Cambria', style='normal', variant='normal', weight=700, stretch='normal', size='scalable')) = 10.335
2026-08-01 18:56:17,456 [DEBUG] MainThread: findfont: score(FontEntry(fname='C:\\Windows\\Fonts\\GenBkBasR.ttf', name='Gentium Book Basic', style='normal', variant='normal', weight=400, stretch='normal', size='scalable')) = 10.05
2026-08-01 18:56:17,456 [DEBUG] MainThread: findfont: score(FontEntry(fname='C:\\Windows\\Fonts\\framd.ttf', name='Franklin Gothic Medium', style='normal', variant='normal', weight=400, stretch='normal', size='scalable')) = 10.05
2026-08-01 18:56:17,457 [DEBUG] MainThread: findfont: score(FontEntry(fname='C:\\Windows\\Fonts\\LiberationSerif-Italic.ttf', name='Liberation Serif', style='italic', variant='normal', weight=400, stretch='normal', size='scalable')) = 11.05
2026-08-01 18:56:17,457 [DEBUG] MainThread: findfont: score(FontEntry(fname='C:\\Windows\\Fonts\\NotoSansLao-Regular.ttf', name='Noto Sans Lao', style='normal', variant='normal', weight=400, stretch='normal', size='scalable')) = 10.05
2026-08-01 18:56:17,457 [DEBUG] MainThread: findfont: score(FontEntry(fname='C:\\Windows\\Fonts\\msjhl.ttc', name='Microsoft JhengHei', style='normal', variant='normal', weight=290, stretch='normal', size='scalable')) = 10.1545
2026-08-01 18:56:17,457 [DEBUG] MainThread: findfont: score(FontEntry(fname='C:\\Windows\\Fonts\\DejaVuSansMono-Bold.ttf', name='DejaVu Sans Mono', style='normal', variant='normal', weight=700, stretch='normal', size='scalable')) = 10.335
2026-08-01 18:56:17,457 [DEBUG] MainThread: findfont: score(FontEntry(fname='C:\\Windows\\Fonts\\couri.ttf', name='Courier New', style='italic', variant='normal', weight=400, stretch='normal', size='scalable')) = 11.05
2026-08-01 18:56:17,457 [DEBUG] MainThread: findfont: score(FontEntry(fname='C:\\Windows\\Fonts\\DejaVuSansCondensed.ttf', name='DejaVu Sans', style='normal', variant='normal', weight=400, stretch='condensed', size='scalable')) = 0.25
2026-08-01 18:56:17,457 [DEBUG] MainThread: findfont: score(FontEntry(fname='C:\\Windows\\Fonts\\malgunbd.ttf', name='Malgun Gothic', style='normal', variant='normal', weight=700, stretch='normal', size='scalable')) = 10.335
2026-08-01 18:56:17,457 [DEBUG] MainThread: findfont: score(FontEntry(fname='C:\\Windows\\Fonts\\DejaVuSans-Bold.ttf', name='DejaVu Sans', style='normal', variant='normal', weight=700, stretch='normal', size='scalable')) = 0.33499999999999996
2026-08-01 18:56:17,457 [DEBUG] MainThread: findfont: score(FontEntry(fname='C:\\Windows\\Fonts\\calibrili.ttf', name='Calibri', style='italic', variant='normal', weight=300, stretch='normal', size='scalable')) = 11.145
2026-08-01 18:56:17,457 [DEBUG] MainThread: findfont: score(FontEntry(fname='C:\\Windows\\Fonts\\courbi.ttf', name='Courier New', style='italic', variant='normal', weight=700, stretch='normal', size='scalable')) = 11.335
2026-08-01 18:56:17,457 [DEBUG] MainThread: findfont: score(FontEntry(fname='C:\\Windows\\Fonts\\LatoWeb-Semibold.ttf', name='Lato', style='normal', variant='normal', weight=600, stretch='normal', size='scalable')) = 10.24
2026-08-01 18:56:17,457 [DEBUG] MainThread: findfont: score(FontEntry(fname='C:\\Windows\\Fonts\\SansSerifCollection.ttf', name='Sans Serif Collection', style='normal', variant='normal', weight=400, stretch='normal', size='scalable')) = 10.05
2026-08-01 18:56:17,457 [DEBUG] MainThread: findfont: score(FontEntry(fname='C:\\Windows\\Fonts\\NachlieliCLM-Bold.otf', name='Nachlieli CLM', style='normal', variant='normal', weight=600, stretch='normal', size='scalable')) = 10.24
2026-08-01 18:56:17,457 [DEBUG] MainThread: findfont: score(FontEntry(fname='C:\\Windows\\Fonts\\YuGothM.ttc', name='Yu Gothic', style='normal', variant='normal', weight=500, stretch='normal', size='scalable')) = 10.145
2026-08-01 18:56:17,457 [DEBUG] MainThread: findfont: score(FontEntry(fname='C:\\Windows\\Fonts\\corbelli.ttf', name='Corbel', style='italic', variant='normal', weight=300, stretch='normal', size='scalable')) = 11.145
2026-08-01 18:56:17,457 [DEBUG] MainThread: findfont: score(FontEntry(fname='C:\\Windows\\Fonts\\Nirmala.ttc', name='Nirmala UI', style='normal', variant='normal', weight=400, stretch='normal', size='scalable')) = 10.05
2026-08-01 18:56:17,457 [DEBUG] MainThread: findfont: score(FontEntry(fname='C:\\Windows\\Fonts\\calibrii.ttf', name='Calibri', style='italic', variant='normal', weight=400, stretch='normal', size='scalable')) = 11.05
2026-08-01 18:56:17,457 [DEBUG] MainThread: findfont: score(FontEntry(fname='C:\\Windows\\Fonts\\msjh.ttc', name='Microsoft JhengHei', style='normal', variant='normal', weight=400, stretch='normal', size='scalable')) = 10.05
2026-08-01 18:56:17,457 [DEBUG] MainThread: findfont: score(FontEntry(fname='C:\\Windows\\Fonts\\NotoKufiArabic-Regular.ttf', name='Noto Kufi Arabic', style='normal', variant='normal', weight=400, stretch='normal', size='scalable')) = 10.05
2026-08-01 18:56:17,457 [DEBUG] MainThread: findfont: score(FontEntry(fname='C:\\Windows\\Fonts\\msyhl.ttc', name='Microsoft YaHei', style='normal', variant='normal', weight=290, stretch='normal', size='scalable')) = 10.1545
2026-08-01 18:56:17,458 [DEBUG] MainThread: findfont: score(FontEntry(fname='C:\\Windows\\Fonts\\DejaVuSansCondensed-Bold.ttf', name='DejaVu Sans', style='normal', variant='normal', weight=700, stretch='condensed', size='scalable')) = 0.5349999999999999
2026-08-01 18:56:17,458 [DEBUG] MainThread: findfont: score(FontEntry(fname='C:\\Windows\\Fonts\\segoepr.ttf', name='Segoe Print', style='normal', variant='normal', weight=400, stretch='normal', size='scalable')) = 10.05
2026-08-01 18:56:17,458 [DEBUG] MainThread: findfont: score(FontEntry(fname='C:\\Windows\\Fonts\\georgiab.ttf', name='Georgia', style='normal', variant='normal', weight=700, stretch='normal', size='scalable')) = 10.335
2026-08-01 18:56:17,458 [DEBUG] MainThread: findfont: score(FontEntry(fname='C:\\Windows\\Fonts\\ntailu.ttf', name='Microsoft New Tai Lue', style='normal', variant='normal', weight=400, stretch='normal', size='scalable')) = 10.05
2026-08-01 18:56:17,458 [DEBUG] MainThread: findfont: score(FontEntry(fname='C:\\Windows\\Fonts\\LiberationMono-Regular.ttf', name='Liberation Mono', style='normal', variant='normal', weight=400, stretch='normal', size='scalable')) = 10.05
2026-08-01 18:56:17,458 [DEBUG] MainThread: findfont: score(FontEntry(fname='C:\\Windows\\Fonts\\consolaz.ttf', name='Consolas', style='italic', variant='normal', weight=700, stretch='normal', size='scalable')) = 11.335
2026-08-01 18:56:17,458 [DEBUG] MainThread: findfont: score(FontEntry(fname='C:\\Windows\\Fonts\\Rubik-Bold.ttf', name='Rubik', style='normal', variant='normal', weight=700, stretch='normal', size='scalable')) = 10.335
2026-08-01 18:56:17,458 [DEBUG] MainThread: findfont: score(FontEntry(fname='C:\\Windows\\Fonts\\corbelb.ttf', name='Corbel', style='normal', variant='normal', weight=700, stretch='normal', size='scalable')) = 10.335
2026-08-01 18:56:17,458 [DEBUG] MainThread: findfont: score(FontEntry(fname='C:\\Windows\\Fonts\\NotoSans-BoldItalic.ttf', name='Noto Sans', style='italic', variant='normal', weight=700, stretch='normal', size='scalable')) = 11.335
2026-08-01 18:56:17,458 [DEBUG] MainThread: findfont: score(FontEntry(fname='C:\\Windows\\Fonts\\courbd.ttf', name='Courier New', style='normal', variant='normal', weight=700, stretch='normal', size='scalable')) = 10.335
2026-08-01 18:56:17,458 [DEBUG] MainThread: findfont: score(FontEntry(fname='C:\\Windows\\Fonts\\Rubik-Regular.ttf', name='Rubik', style='normal', variant='normal', weight=400, stretch='normal', size='scalable')) = 10.05
2026-08-01 18:56:17,458 [DEBUG] MainThread: findfont: score(FontEntry(fname='C:\\Windows\\Fonts\\malgunsl.ttf', name='Malgun Gothic', style='normal', variant='normal', weight=300, stretch='normal', size='scalable')) = 10.145
2026-08-01 18:56:17,458 [DEBUG] MainThread: findfont: score(FontEntry(fname='C:\\Windows\\Fonts\\NotoSerif-Italic.ttf', name='Noto Serif', style='italic', variant='normal', weight=400, stretch='normal', size='scalable')) = 11.05
2026-08-01 18:56:17,458 [DEBUG] MainThread: findfont: score(FontEntry(fname='C:\\Windows\\Fonts\\verdanab.ttf', name='Verdana', style='normal', variant='normal', weight=700, stretch='normal', size='scalable')) = 3.9713636363636367
2026-08-01 18:56:17,458 [DEBUG] MainThread: findfont: score(FontEntry(fname='C:\\Windows\\Fonts\\msgothic.ttc', name='MS Gothic', style='normal', variant='normal', weight=400, stretch='normal', size='scalable')) = 10.05
2026-08-01 18:56:17,458 [DEBUG] MainThread: findfont: score(FontEntry(fname='C:\\Windows\\Fonts\\seguiemj.ttf', name='Segoe UI Emoji', style='normal', variant='normal', weight=400, stretch='normal', size='scalable')) = 10.05
2026-08-01 18:56:17,458 [DEBUG] MainThread: findfont: score(FontEntry(fname='C:\\Windows\\Fonts\\DejaVuMathTeXGyre.ttf', name='DejaVu Math TeX Gyre', style='normal', variant='normal', weight=400, stretch='normal', size='scalable')) = 10.05
2026-08-01 18:56:17,458 [DEBUG] MainThread: findfont: score(FontEntry(fname='C:\\Windows\\Fonts\\LiberationSansNarrow-BoldItalic.ttf', name='Liberation Sans Narrow', style='italic', variant='normal', weight=700, stretch='condensed', size='scalable')) = 11.535
2026-08-01 18:56:17,458 [DEBUG] MainThread: findfont: score(FontEntry(fname='C:\\Windows\\Fonts\\GenBkBasBI.ttf', name='Gentium Book Basic', style='italic', variant='normal', weight=700, stretch='normal', size='scalable')) = 11.335
2026-08-01 18:56:17,458 [DEBUG] MainThread: findfont: score(FontEntry(fname='C:\\Windows\\Fonts\\comic.ttf', name='Comic Sans MS', style='normal', variant='normal', weight=400, stretch='normal', size='scalable')) = 10.05
2026-08-01 18:56:17,459 [DEBUG] MainThread: findfont: score(FontEntry(fname='C:\\Windows\\Fonts\\corbell.ttf', name='Corbel', style='normal', variant='normal', weight=300, stretch='normal', size='scalable')) = 10.145
2026-08-01 18:56:17,459 [DEBUG] MainThread: findfont: score(FontEntry(fname='C:\\Windows\\Fonts\\Scheherazade-Bold.ttf', name='Scheherazade', style='normal', variant='normal', weight=700, stretch='normal', size='scalable')) = 10.335
2026-08-01 18:56:17,459 [DEBUG] MainThread: findfont: score(FontEntry(fname='C:\\Windows\\Fonts\\DejaVuSansCondensed-BoldOblique.ttf', name='DejaVu Sans', style='oblique', variant='normal', weight=700, stretch='condensed', size='scalable')) = 1.535
2026-08-01 18:56:17,459 [DEBUG] MainThread: findfont: score(FontEntry(fname='C:\\Windows\\Fonts\\DavidCLM-Medium.otf', name='David CLM', style='normal', variant='normal', weight=500, stretch='normal', size='scalable')) = 10.145
2026-08-01 18:56:17,459 [DEBUG] MainThread: findfont: score(FontEntry(fname='C:\\Windows\\Fonts\\NotoSansLisu-Bold.ttf', name='Noto Sans Lisu', style='normal', variant='normal', weight=700, stretch='normal', size='scalable')) = 10.335
2026-08-01 18:56:17,459 [DEBUG] MainThread: findfont: score(FontEntry(fname='C:\\Windows\\Fonts\\DavidLibre-Regular.ttf', name='David Libre', style='normal', variant='normal', weight=400, stretch='normal', size='scalable')) = 10.05
2026-08-01 18:56:17,459 [DEBUG] MainThread: findfont: score(FontEntry(fname='C:\\Windows\\Fonts\\constanb.ttf', name='Constantia', style='normal', variant='normal', weight=700, stretch='normal', size='scalable')) = 10.335
2026-08-01 18:56:17,459 [DEBUG] MainThread: findfont: score(FontEntry(fname='C:\\Windows\\Fonts\\NotoSerifArmenian-Regular.ttf', name='Noto Serif Armenian', style='normal', variant='normal', weight=400, stretch='normal', size='scalable')) = 10.05
2026-08-01 18:56:17,459 [DEBUG] MainThread: findfont: score(FontEntry(fname='C:\\Windows\\Fonts\\timesi.ttf', name='Times New Roman', style='italic', variant='normal', weight=400, stretch='normal', size='scalable')) = 11.05
2026-08-01 18:56:17,459 [DEBUG] MainThread: findfont: score(FontEntry(fname='C:\\Windows\\Fonts\\comicz.ttf', name='Comic Sans MS', style='italic', variant='normal', weight=700, stretch='normal', size='scalable')) = 11.335
2026-08-01 18:56:17,459 [DEBUG] MainThread: findfont: score(FontEntry(fname='C:\\Windows\\Fonts\\SitkaVF-Italic.ttf', name='Sitka', style='italic', variant='normal', weight=400, stretch='normal', size='scalable')) = 11.05
2026-08-01 18:56:17,459 [DEBUG] MainThread: findfont: score(FontEntry(fname='C:\\Windows\\Fonts\\NotoSansHebrew-Regular.ttf', name='Noto Sans Hebrew', style='normal', variant='normal', weight=400, stretch='normal', size='scalable')) = 10.05
2026-08-01 18:56:17,459 [DEBUG] MainThread: findfont: score(FontEntry(fname='C:\\Windows\\Fonts\\NachlieliCLM-Light.otf', name='Nachlieli CLM', style='normal', variant='normal', weight=300, stretch='normal', size='scalable')) = 10.145
2026-08-01 18:56:17,459 [DEBUG] MainThread: findfont: score(FontEntry(fname='C:\\Windows\\Fonts\\NotoKufiArabic-Bold.ttf', name='Noto Kufi Arabic', style='normal', variant='normal', weight=700, stretch='normal', size='scalable')) = 10.335
2026-08-01 18:56:17,460 [DEBUG] MainThread: findfont: score(FontEntry(fname='C:\\Windows\\Fonts\\msyhbd.ttc', name='Microsoft YaHei', style='normal', variant='normal', weight=700, stretch='normal', size='scalable')) = 10.335
2026-08-01 18:56:17,460 [DEBUG] MainThread: findfont: score(FontEntry(fname='C:\\Windows\\Fonts\\comici.ttf', name='Comic Sans MS', style='italic', variant='normal', weight=400, stretch='normal', size='scalable')) = 11.05
2026-08-01 18:56:17,460 [DEBUG] MainThread: findfont: score(FontEntry(fname='C:\\Windows\\Fonts\\Amiri-Bold.ttf', name='Amiri', style='normal', variant='normal', weight=700, stretch='normal', size='scalable')) = 10.335
2026-08-01 18:56:17,460 [DEBUG] MainThread: findfont: score(FontEntry(fname='C:\\Windows\\Fonts\\MiriamMonoCLM-BookOblique.ttf', name='Miriam Mono CLM', style='oblique', variant='normal', weight=400, stretch='normal', size='scalable')) = 11.05
2026-08-01 18:56:17,460 [DEBUG] MainThread: findfont: score(FontEntry(fname='C:\\Windows\\Fonts\\MiriamCLM-Book.otf', name='Miriam CLM', style='normal', variant='normal', weight=400, stretch='normal', size='scalable')) = 10.05
2026-08-01 18:56:17,460 [DEBUG] MainThread: findfont: score(FontEntry(fname='C:\\Windows\\Fonts\\Alef-Regular.ttf', name='Alef', style='normal', variant='normal', weight=400, stretch='normal', size='scalable')) = 10.05
2026-08-01 18:56:17,460 [DEBUG] MainThread: findfont: score(FontEntry(fname='C:\\Windows\\Fonts\\MiriamMonoCLM-Bold.ttf', name='Miriam Mono CLM', style='normal', variant='normal', weight=700, stretch='normal', size='scalable')) = 10.335
2026-08-01 18:56:17,460 [DEBUG] MainThread: findfont: score(FontEntry(fname='C:\\Windows\\Fonts\\impact.ttf', name='Impact', style='normal', variant='normal', weight=400, stretch='normal', size='scalable')) = 10.05
2026-08-01 18:56:17,460 [DEBUG] MainThread: findfont: score(FontEntry(fname='C:\\Windows\\Fonts\\trebucbd.ttf', name='Trebuchet MS', style='normal', variant='normal', weight=700, stretch='normal', size='scalable')) = 10.335
2026-08-01 18:56:17,460 [DEBUG] MainThread: findfont: score(FontEntry(fname='C:\\Windows\\Fonts\\MiriamLibre-Bold.otf', name='Miriam Libre', style='normal', variant='normal', weight=700, stretch='normal', size='scalable')) = 10.335
2026-08-01 18:56:17,460 [DEBUG] MainThread: findfont: score(FontEntry(fname='C:\\Windows\\Fonts\\NotoSerifArmenian-Bold.ttf', name='Noto Serif Armenian', style='normal', variant='normal', weight=700, stretch='normal', size='scalable')) = 10.335
2026-08-01 18:56:17,461 [DEBUG] MainThread: findfont: score(FontEntry(fname='C:\\Windows\\Fonts\\LiberationSerif-BoldItalic.ttf', name='Liberation Serif', style='italic', variant='normal', weight=700, stretch='normal', size='scalable')) = 11.335
2026-08-01 18:56:17,461 [DEBUG] MainThread: findfont: score(FontEntry(fname='C:\\Windows\\Fonts\\trebucit.ttf', name='Trebuchet MS', style='italic', variant='normal', weight=400, stretch='normal', size='scalable')) = 11.05
2026-08-01 18:56:17,461 [DEBUG] MainThread: findfont: score(FontEntry(fname='C:\\Windows\\Fonts\\DavidCLM-Bold.otf', name='David CLM', style='normal', variant='normal', weight=700, stretch='normal', size='scalable')) = 10.335
2026-08-01 18:56:17,461 [DEBUG] MainThread: findfont: score(FontEntry(fname='C:\\Windows\\Fonts\\javatext.ttf', name='Javanese Text', style='normal', variant='normal', weight=400, stretch='normal', size='scalable')) = 10.05
2026-08-01 18:56:17,461 [DEBUG] MainThread: findfont: score(FontEntry(fname='C:\\Windows\\Fonts\\YuGothR.ttc', name='Yu Gothic', style='normal', variant='normal', weight=400, stretch='normal', size='scalable')) = 10.05
2026-08-01 18:56:17,461 [DEBUG] MainThread: findfont: score(FontEntry(fname='C:\\Windows\\Fonts\\FrankRuehlCLM-MediumOblique.otf', name='Frank Ruehl CLM', style='oblique', variant='normal', weight=500, stretch='normal', size='scalable')) = 11.145
2026-08-01 18:56:17,461 [DEBUG] MainThread: findfont: score(FontEntry(fname='C:\\Windows\\Fonts\\LatoWeb-BoldItalic.ttf', name='Lato', style='italic', variant='normal', weight=700, stretch='normal', size='scalable')) = 11.335
2026-08-01 18:56:17,461 [DEBUG] MainThread: findfont: score(FontEntry(fname='C:\\Windows\\Fonts\\lucon.ttf', name='Lucida Console', style='normal', variant='normal', weight=400, stretch='normal', size='scalable')) = 10.05
2026-08-01 18:56:17,461 [DEBUG] MainThread: findfont: score(FontEntry(fname='C:\\Windows\\Fonts\\LatoWeb-Italic.ttf', name='Lato', style='italic', variant='normal', weight=400, stretch='normal', size='scalable')) = 11.05
2026-08-01 18:56:17,461 [DEBUG] MainThread: findfont: score(FontEntry(fname='C:\\Windows\\Fonts\\LinBiolinum_R_G.ttf', name='Linux Biolinum G', style='normal', variant='normal', weight=400, stretch='normal', size='scalable')) = 10.05
2026-08-01 18:56:17,461 [DEBUG] MainThread: findfont: score(FontEntry(fname='C:\\Windows\\Fonts\\Caladea-BoldItalic.ttf', name='Caladea', style='italic', variant='normal', weight=700, stretch='normal', size='scalable')) = 11.335
2026-08-01 18:56:17,461 [DEBUG] MainThread: findfont: score(FontEntry(fname='C:\\Windows\\Fonts\\msjhbd.ttc', name='Microsoft JhengHei', style='normal', variant='normal', weight=700, stretch='normal', size='scalable')) = 10.335
2026-08-01 18:56:17,461 [DEBUG] MainThread: findfont: score(FontEntry(fname='C:\\Windows\\Fonts\\consolab.ttf', name='Consolas', style='normal', variant='normal', weight=700, stretch='normal', size='scalable')) = 10.335
2026-08-01 18:56:17,461 [DEBUG] MainThread: findfont: score(FontEntry(fname='C:\\Windows\\Fonts\\LiberationMono-BoldItalic.ttf', name='Liberation Mono', style='italic', variant='normal', weight=700, stretch='normal', size='scalable')) = 11.335
2026-08-01 18:56:17,461 [DEBUG] MainThread: findfont: score(FontEntry(fname='C:\\Windows\\Fonts\\constani.ttf', name='Constantia', style='italic', variant='normal', weight=400, stretch='normal', size='scalable')) = 11.05
2026-08-01 18:56:17,461 [DEBUG] MainThread: findfont: score(FontEntry(fname='C:\\Windows\\Fonts\\LiberationSans-Italic.ttf', name='Liberation Sans', style='italic', variant='normal', weight=400, stretch='normal', size='scalable')) = 11.05
2026-08-01 18:56:17,461 [DEBUG] MainThread: findfont: score(FontEntry(fname='C:\\Windows\\Fonts\\YuGothL.ttc', name='Yu Gothic', style='normal', variant='normal', weight=300, stretch='normal', size='scalable')) = 10.145
2026-08-01 18:56:17,461 [DEBUG] MainThread: findfont: score(FontEntry(fname='C:\\Windows\\Fonts\\pala.ttf', name='Palatino Linotype', style='normal', variant='normal', weight=400, stretch='normal', size='scalable')) = 10.05
2026-08-01 18:56:17,461 [DEBUG] MainThread: findfont: score(FontEntry(fname='C:\\Windows\\Fonts\\NotoSerifHebrew-Bold.ttf', name='Noto Serif Hebrew', style='normal', variant='normal', weight=700, stretch='normal', size='scalable')) = 10.335
2026-08-01 18:56:17,462 [DEBUG] MainThread: findfont: score(FontEntry(fname='C:\\Windows\\Fonts\\Amiri-BoldItalic.ttf', name='Amiri', style='italic', variant='normal', weight=700, stretch='normal', size='scalable')) = 11.335
2026-08-01 18:56:17,462 [DEBUG] MainThread: findfont: score(FontEntry(fname='C:\\Windows\\Fonts\\arial.ttf', name='Arial', style='normal', variant='normal', weight=400, stretch='normal', size='scalable')) = 6.413636363636363
2026-08-01 18:56:17,462 [DEBUG] MainThread: findfont: score(FontEntry(fname='C:\\Windows\\Fonts\\palabi.ttf', name='Palatino Linotype', style='italic', variant='normal', weight=700, stretch='normal', size='scalable')) = 11.335
2026-08-01 18:56:17,462 [DEBUG] MainThread: findfont: score(FontEntry(fname='C:\\Windows\\Fonts\\palab.ttf', name='Palatino Linotype', style='normal', variant='normal', weight=700, stretch='normal', size='scalable')) = 10.335
2026-08-01 18:56:17,462 [DEBUG] MainThread: findfont: score(FontEntry(fname='C:\\Windows\\Fonts\\tahomabd.ttf', name='Tahoma', style='normal', variant='normal', weight=700, stretch='normal', size='scalable')) = 10.335
2026-08-01 18:56:17,462 [DEBUG] MainThread: findfont: score(FontEntry(fname='C:\\Windows\\Fonts\\DejaVuSansMono-BoldOblique.ttf', name='DejaVu Sans Mono', style='oblique', variant='normal', weight=700, stretch='normal', size='scalable')) = 11.335
2026-08-01 18:56:17,462 [DEBUG] MainThread: findfont: score(FontEntry(fname='C:\\Windows\\Fonts\\Candarali.ttf', name='Candara', style='italic', variant='normal', weight=400, stretch='normal', size='scalable')) = 11.05
2026-08-01 18:56:17,462 [DEBUG] MainThread: findfont: score(FontEntry(fname='C:\\Windows\\Fonts\\LatoWeb-LightItalic.ttf', name='Lato', style='italic', variant='normal', weight=300, stretch='normal', size='scalable')) = 11.145
2026-08-01 18:56:17,462 [DEBUG] MainThread: findfont: score(FontEntry(fname='C:\\Windows\\Fonts\\Candara.ttf', name='Candara', style='normal', variant='normal', weight=400, stretch='normal', size='scalable')) = 10.05
2026-08-01 18:56:17,462 [DEBUG] MainThread: findfont: score(FontEntry(fname='C:\\Windows\\Fonts\\NotoSansArabic-Regular.ttf', name='Noto Sans Arabic', style='normal', variant='normal', weight=400, stretch='normal', size='scalable')) = 10.05
2026-08-01 18:56:17,462 [DEBUG] MainThread: findfont: score(FontEntry(fname='C:\\Windows\\Fonts\\DejaVuSans.ttf', name='DejaVu Sans', style='normal', variant='normal', weight=400, stretch='normal', size='scalable')) = 0.05
2026-08-01 18:56:17,462 [DEBUG] MainThread: findfont: score(FontEntry(fname='C:\\Windows\\Fonts\\GenBasR.ttf', name='Gentium Basic', style='normal', variant='normal', weight=400, stretch='normal', size='scalable')) = 10.05
2026-08-01 18:56:17,462 [DEBUG] MainThread: findfont: score(FontEntry(fname='C:\\Windows\\Fonts\\tahoma.ttf', name='Tahoma', style='normal', variant='normal', weight=400, stretch='normal', size='scalable')) = 10.05
2026-08-01 18:56:17,462 [DEBUG] MainThread: findfont: score(FontEntry(fname='C:\\Windows\\Fonts\\SimsunExtG.ttf', name='SimSun-ExtG', style='normal', variant='normal', weight=400, stretch='normal', size='scalable')) = 10.05
2026-08-01 18:56:17,462 [DEBUG] MainThread: findfont: score(FontEntry(fname='C:\\Windows\\Fonts\\segoesc.ttf', name='Segoe Script', style='normal', variant='normal', weight=400, stretch='normal', size='scalable')) = 10.05
2026-08-01 18:56:17,462 [DEBUG] MainThread: findfont: score(FontEntry(fname='C:\\Windows\\Fonts\\segoeuiz.ttf', name='Segoe UI', style='italic', variant='normal', weight=700, stretch='normal', size='scalable')) = 11.335
2026-08-01 18:56:17,462 [DEBUG] MainThread: findfont: score(FontEntry(fname='C:\\Windows\\Fonts\\DejaVuSans-BoldOblique.ttf', name='DejaVu Sans', style='oblique', variant='normal', weight=700, stretch='normal', size='scalable')) = 1.335
2026-08-01 18:56:17,463 [DEBUG] MainThread: findfont: score(FontEntry(fname='C:\\Windows\\Fonts\\phagspa.ttf', name='Microsoft PhagsPa', style='normal', variant='normal', weight=400, stretch='normal', size='scalable')) = 10.05
2026-08-01 18:56:17,463 [DEBUG] MainThread: findfont: score(FontEntry(fname='C:\\Windows\\Fonts\\himalaya.ttf', name='Microsoft Himalaya', style='normal', variant='normal', weight=400, stretch='normal', size='scalable')) = 10.05
2026-08-01 18:56:17,463 [DEBUG] MainThread: findfont: score(FontEntry(fname='C:\\Windows\\Fonts\\GenBasI.ttf', name='Gentium Basic', style='italic', variant='normal', weight=400, stretch='normal', size='scalable')) = 11.05
2026-08-01 18:56:17,463 [DEBUG] MainThread: findfont: score(FontEntry(fname='C:\\Windows\\Fonts\\LinLibertine_DR_G.ttf', name='Linux Libertine Display G', style='normal', variant='normal', weight=400, stretch='normal', size='scalable')) = 10.05
2026-08-01 18:56:17,463 [DEBUG] MainThread: findfont: score(FontEntry(fname='C:\\Windows\\Fonts\\l_10646.ttf', name='Lucida Sans Unicode', style='normal', variant='normal', weight=400, stretch='normal', size='scalable')) = 10.05
2026-08-01 18:56:17,463 [DEBUG] MainThread: findfont: score(FontEntry(fname='C:\\Windows\\Fonts\\msyh.ttc', name='Microsoft YaHei', style='normal', variant='normal', weight=400, stretch='normal', size='scalable')) = 10.05
2026-08-01 18:56:17,463 [DEBUG] MainThread: findfont: score(FontEntry(fname='C:\\Windows\\Fonts\\mmrtext.ttf', name='Myanmar Text', style='normal', variant='normal', weight=400, stretch='normal', size='scalable')) = 10.05
2026-08-01 18:56:17,463 [DEBUG] MainThread: findfont: score(FontEntry(fname='C:\\Windows\\Fonts\\LinLibertine_RB_G.ttf', name='Linux Libertine G', style='normal', variant='normal', weight=700, stretch='normal', size='scalable')) = 10.335
2026-08-01 18:56:17,463 [DEBUG] MainThread: findfont: score(FontEntry(fname='C:\\Windows\\Fonts\\FrankRuehlCLM-Medium.otf', name='Frank Ruehl CLM', style='normal', variant='normal', weight=500, stretch='normal', size='scalable')) = 10.145
2026-08-01 18:56:17,463 [DEBUG] MainThread: findfont: score(FontEntry(fname='C:\\Windows\\Fonts\\DejaVuSerifCondensed-Bold.ttf', name='DejaVu Serif', style='normal', variant='normal', weight=700, stretch='condensed', size='scalable')) = 10.535
2026-08-01 18:56:17,463 [DEBUG] MainThread: findfont: score(FontEntry(fname='C:\\Windows\\Fonts\\LinLibertine_RZ_G.ttf', name='Linux Libertine G', style='normal', variant='normal', weight=600, stretch='normal', size='scalable')) = 10.24
2026-08-01 18:56:17,463 [DEBUG] MainThread: findfont: score(FontEntry(fname='C:\\Windows\\Fonts\\Caladea-Bold.ttf', name='Caladea', style='normal', variant='normal', weight=700, stretch='normal', size='scalable')) = 10.335
2026-08-01 18:56:17,463 [DEBUG] MainThread: findfont: score(FontEntry(fname='C:\\Windows\\Fonts\\ebrimabd.ttf', name='Ebrima', style='normal', variant='normal', weight=700, stretch='normal', size='scalable')) = 10.335
2026-08-01 18:56:17,463 [DEBUG] MainThread: findfont: score(FontEntry(fname='C:\\Windows\\Fonts\\LiberationMono-Bold.ttf', name='Liberation Mono', style='normal', variant='normal', weight=700, stretch='normal', size='scalable')) = 10.335
2026-08-01 18:56:17,463 [DEBUG] MainThread: findfont: score(FontEntry(fname='C:\\Windows\\Fonts\\GenBasBI.ttf', name='Gentium Basic', style='italic', variant='normal', weight=700, stretch='normal', size='scalable')) = 11.335
2026-08-01 18:56:17,463 [DEBUG] MainThread: findfont: score(FontEntry(fname='C:\\Windows\\Fonts\\LatoWeb-Bold.ttf', name='Lato', style='normal', variant='normal', weight=700, stretch='normal', size='scalable')) = 10.335
2026-08-01 18:56:17,464 [DEBUG] MainThread: findfont: score(FontEntry(fname='C:\\Windows\\Fonts\\LiberationSansNarrow-Italic.ttf', name='Liberation Sans Narrow', style='italic', variant='normal', weight=400, stretch='condensed', size='scalable')) = 11.25
2026-08-01 18:56:17,464 [DEBUG] MainThread: findfont: score(FontEntry(fname='C:\\Windows\\Fonts\\NotoNaskhArabic-Bold.ttf', name='Noto Naskh Arabic', style='normal', variant='normal', weight=700, stretch='normal', size='scalable')) = 10.335
2026-08-01 18:56:17,464 [DEBUG] MainThread: findfont: score(FontEntry(fname='C:\\Windows\\Fonts\\LatoWeb-Light.ttf', name='Lato', style='normal', variant='normal', weight=300, stretch='normal', size='scalable')) = 10.145
2026-08-01 18:56:17,464 [DEBUG] MainThread: findfont: score(FontEntry(fname='C:\\Windows\\Fonts\\mvboli.ttf', name='MV Boli', style='normal', variant='normal', weight=400, stretch='normal', size='scalable')) = 10.05
2026-08-01 18:56:17,464 [DEBUG] MainThread: findfont: score(FontEntry(fname='C:\\Windows\\Fonts\\arialbd.ttf', name='Arial', style='normal', variant='normal', weight=700, stretch='normal', size='scalable')) = 6.698636363636363
2026-08-01 18:56:17,464 [DEBUG] MainThread: findfont: score(FontEntry(fname='C:\\Windows\\Fonts\\LiberationSans-BoldItalic.ttf', name='Liberation Sans', style='italic', variant='normal', weight=700, stretch='normal', size='scalable')) = 11.335
2026-08-01 18:56:17,464 [DEBUG] MainThread: findfont: score(FontEntry(fname='C:\\Windows\\Fonts\\DavidCLM-BoldItalic.otf', name='David CLM', style='italic', variant='normal', weight=700, stretch='normal', size='scalable')) = 11.335
2026-08-01 18:56:17,464 [DEBUG] MainThread: findfont: score(FontEntry(fname='C:\\Windows\\Fonts\\Scheherazade-Regular.ttf', name='Scheherazade', style='normal', variant='normal', weight=400, stretch='normal', size='scalable')) = 10.05
2026-08-01 18:56:17,464 [DEBUG] MainThread: findfont: score(FontEntry(fname='C:\\Windows\\Fonts\\ReemKufi.ttf', name='Reem Kufi', style='normal', variant='normal', weight=400, stretch='normal', size='scalable')) = 10.05
2026-08-01 18:56:17,464 [DEBUG] MainThread: findfont: score(FontEntry(fname='C:\\Windows\\Fonts\\ntailub.ttf', name='Microsoft New Tai Lue', style='normal', variant='normal', weight=700, stretch='normal', size='scalable')) = 10.335
2026-08-01 18:56:17,464 [DEBUG] MainThread: findfont: score(FontEntry(fname='C:\\Windows\\Fonts\\cour.ttf', name='Courier New', style='normal', variant='normal', weight=400, stretch='normal', size='scalable')) = 10.05
2026-08-01 18:56:17,464 [DEBUG] MainThread: findfont: score(FontEntry(fname='C:\\Windows\\Fonts\\Carlito-Regular.ttf', name='Carlito', style='normal', variant='normal', weight=400, stretch='normal', size='scalable')) = 10.05
2026-08-01 18:56:17,464 [DEBUG] MainThread: findfont: score(FontEntry(fname='C:\\Windows\\Fonts\\Candarab.ttf', name='Candara', style='normal', variant='normal', weight=700, stretch='normal', size='scalable')) = 10.335
2026-08-01 18:56:17,464 [DEBUG] MainThread: findfont: score(FontEntry(fname='C:\\Windows\\Fonts\\Amiri-Regular.ttf', name='Amiri', style='normal', variant='normal', weight=400, stretch='normal', size='scalable')) = 10.05
2026-08-01 18:56:17,464 [DEBUG] MainThread: findfont: score(FontEntry(fname='C:\\Windows\\Fonts\\verdanai.ttf', name='Verdana', style='italic', variant='normal', weight=400, stretch='normal', size='scalable')) = 4.6863636363636365
2026-08-01 18:56:17,464 [DEBUG] MainThread: findfont: score(FontEntry(fname='C:\\Windows\\Fonts\\GenBasB.ttf', name='Gentium Basic', style='normal', variant='normal', weight=700, stretch='normal', size='scalable')) = 10.335
2026-08-01 18:56:17,464 [DEBUG] MainThread: findfont: score(FontEntry(fname='C:\\Windows\\Fonts\\simsunb.ttf', name='SimSun-ExtB', style='normal', variant='normal', weight=400, stretch='normal', size='scalable')) = 10.05
2026-08-01 18:56:17,464 [DEBUG] MainThread: findfont: score(FontEntry(fname='C:\\Windows\\Fonts\\segoeuib.ttf', name='Segoe UI', style='normal', variant='normal', weight=700, stretch='normal', size='scalable')) = 10.335
2026-08-01 18:56:17,465 [DEBUG] MainThread: findfont: score(FontEntry(fname='C:\\Windows\\Fonts\\DejaVuSerif-BoldItalic.ttf', name='DejaVu Serif', style='italic', variant='normal', weight=700, stretch='normal', size='scalable')) = 11.335
2026-08-01 18:56:17,465 [DEBUG] MainThread: findfont: score(FontEntry(fname='C:\\Windows\\Fonts\\MiriamCLM-Bold.otf', name='Miriam CLM', style='normal', variant='normal', weight=700, stretch='normal', size='scalable')) = 10.335
2026-08-01 18:56:17,465 [DEBUG] MainThread: findfont: score(FontEntry(fname='C:\\Windows\\Fonts\\Alef-Bold.ttf', name='Alef', style='normal', variant='normal', weight=700, stretch='normal', size='scalable')) = 10.335
2026-08-01 18:56:17,465 [DEBUG] MainThread: findfont: score(FontEntry(fname='C:\\Windows\\Fonts\\Caladea-Italic.ttf', name='Caladea', style='italic', variant='normal', weight=400, stretch='normal', size='scalable')) = 11.05
2026-08-01 18:56:17,465 [DEBUG] MainThread: findfont: score(FontEntry(fname='C:\\Windows\\Fonts\\LeelUIsl.ttf', name='Leelawadee UI', style='normal', variant='normal', weight=350, stretch='normal', size='scalable')) = 10.0975
2026-08-01 18:56:17,465 [DEBUG] MainThread: findfont: score(FontEntry(fname='C:\\Windows\\Fonts\\seguibl.ttf', name='Segoe UI', style='normal', variant='normal', weight=900, stretch='normal', size='scalable')) = 10.525
2026-08-01 18:56:17,465 [DEBUG] MainThread: findfont: score(FontEntry(fname='C:\\Windows\\Fonts\\GenBkBasI.ttf', name='Gentium Book Basic', style='italic', variant='normal', weight=400, stretch='normal', size='scalable')) = 11.05
2026-08-01 18:56:17,465 [DEBUG] MainThread: findfont: score(FontEntry(fname='C:\\Windows\\Fonts\\LiberationSansNarrow-Regular.ttf', name='Liberation Sans Narrow', style='normal', variant='normal', weight=400, stretch='condensed', size='scalable')) = 10.25
2026-08-01 18:56:17,465 [DEBUG] MainThread: findfont: score(FontEntry(fname='C:\\Windows\\Fonts\\Carlito-Bold.ttf', name='Carlito', style='normal', variant='normal', weight=700, stretch='normal', size='scalable')) = 10.335
2026-08-01 18:56:17,465 [DEBUG] MainThread: findfont: score(FontEntry(fname='C:\\Windows\\Fonts\\malgun.ttf', name='Malgun Gothic', style='normal', variant='normal', weight=400, stretch='normal', size='scalable')) = 10.05
2026-08-01 18:56:17,465 [DEBUG] MainThread: findfont: score(FontEntry(fname='C:\\Windows\\Fonts\\segoeuil.ttf', name='Segoe UI', style='normal', variant='normal', weight=300, stretch='normal', size='scalable')) = 10.145
2026-08-01 18:56:17,465 [DEBUG] MainThread: findfont: score(FontEntry(fname='C:\\Windows\\Fonts\\calibril.ttf', name='Calibri', style='normal', variant='normal', weight=300, stretch='normal', size='scalable')) = 10.145
2026-08-01 18:56:17,465 [DEBUG] MainThread: findfont: score(FontEntry(fname='C:\\Windows\\Fonts\\corbelz.ttf', name='Corbel', style='italic', variant='normal', weight=700, stretch='normal', size='scalable')) = 11.335
2026-08-01 18:56:17,465 [DEBUG] MainThread: findfont: score(FontEntry(fname='C:\\Windows\\Fonts\\Inkfree.ttf', name='Ink Free', style='normal', variant='normal', weight=400, stretch='normal', size='scalable')) = 10.05
2026-08-01 18:56:17,465 [DEBUG] MainThread: findfont: score(FontEntry(fname='C:\\Windows\\Fonts\\NotoSans-Regular.ttf', name='Noto Sans', style='normal', variant='normal', weight=400, stretch='normal', size='scalable')) = 10.05
2026-08-01 18:56:17,465 [DEBUG] MainThread: findfont: score(FontEntry(fname='C:\\Windows\\Fonts\\sylfaen.ttf', name='Sylfaen', style='normal', variant='normal', weight=400, stretch='normal', size='scalable')) = 10.05
2026-08-01 18:56:17,465 [DEBUG] MainThread: findfont: score(FontEntry(fname='C:\\Windows\\Fonts\\calibri.ttf', name='Calibri', style='normal', variant='normal', weight=400, stretch='normal', size='scalable')) = 10.05
2026-08-01 18:56:17,466 [DEBUG] MainThread: findfont: score(FontEntry(fname='C:\\Windows\\Fonts\\MiriamMonoCLM-Book.ttf', name='Miriam Mono CLM', style='normal', variant='normal', weight=400, stretch='normal', size='scalable')) = 10.05
2026-08-01 18:56:17,466 [DEBUG] MainThread: findfont: score(FontEntry(fname='C:\\Windows\\Fonts\\DavidCLM-MediumItalic.otf', name='David CLM', style='italic', variant='normal', weight=500, stretch='normal', size='scalable')) = 11.145
2026-08-01 18:56:17,466 [DEBUG] MainThread: findfont: score(FontEntry(fname='C:\\Windows\\Fonts\\NotoSerifLao-Regular.ttf', name='Noto Serif Lao', style='normal', variant='normal', weight=400, stretch='normal', size='scalable')) = 10.05
2026-08-01 18:56:17,466 [DEBUG] MainThread: findfont: score(FontEntry(fname='C:\\Windows\\Fonts\\calibriz.ttf', name='Calibri', style='italic', variant='normal', weight=700, stretch='normal', size='scalable')) = 11.335
2026-08-01 18:56:17,466 [DEBUG] MainThread: findfont: score(FontEntry(fname='C:\\Windows\\Fonts\\msyi.ttf', name='Microsoft Yi Baiti', style='normal', variant='normal', weight=400, stretch='normal', size='scalable')) = 10.05
2026-08-01 18:56:17,466 [DEBUG] MainThread: findfont: score(FontEntry(fname='C:\\Windows\\Fonts\\constanz.ttf', name='Constantia', style='italic', variant='normal', weight=700, stretch='normal', size='scalable')) = 11.335
2026-08-01 18:56:17,466 [DEBUG] MainThread: findfont: score(FontEntry(fname='C:\\Windows\\Fonts\\seguisym.ttf', name='Segoe UI Symbol', style='normal', variant='normal', weight=400, stretch='normal', size='scalable')) = 10.05
2026-08-01 18:56:17,466 [DEBUG] MainThread: findfont: score(FontEntry(fname='C:\\Windows\\Fonts\\NachlieliCLM-LightOblique.otf', name='Nachlieli CLM', style='oblique', variant='normal', weight=300, stretch='normal', size='scalable')) = 11.145
2026-08-01 18:56:17,466 [DEBUG] MainThread: findfont: score(FontEntry(fname='C:\\Windows\\Fonts\\ariblk.ttf', name='Arial', style='normal', variant='normal', weight=900, stretch='normal', size='scalable')) = 6.888636363636364
2026-08-01 18:56:17,466 [DEBUG] MainThread: findfont: score(FontEntry(fname='C:\\Windows\\Fonts\\MiriamLibre-Regular.otf', name='Miriam Libre', style='normal', variant='normal', weight=400, stretch='normal', size='scalable')) = 10.05
2026-08-01 18:56:17,466 [DEBUG] MainThread: findfont: score(FontEntry(fname='C:\\Windows\\Fonts\\trebucbi.ttf', name='Trebuchet MS', style='italic', variant='normal', weight=700, stretch='normal', size='scalable')) = 11.335
2026-08-01 18:56:17,466 [DEBUG] MainThread: findfont: score(FontEntry(fname='C:\\Windows\\Fonts\\framdit.ttf', name='Franklin Gothic Medium', style='italic', variant='normal', weight=400, stretch='normal', size='scalable')) = 11.05
2026-08-01 18:56:17,466 [DEBUG] MainThread: findfont: score(FontEntry(fname='C:\\Windows\\Fonts\\DejaVuSerifCondensed.ttf', name='DejaVu Serif', style='normal', variant='normal', weight=400, stretch='condensed', size='scalable')) = 10.25
2026-08-01 18:56:17,466 [DEBUG] MainThread: findfont: score(FontEntry(fname='C:\\Windows\\Fonts\\YuGothB.ttc', name='Yu Gothic', style='normal', variant='normal', weight=700, stretch='normal', size='scalable')) = 10.335
2026-08-01 18:56:17,466 [DEBUG] MainThread: findfont: score(FontEntry(fname='C:\\Windows\\Fonts\\NotoSansHebrew-Bold.ttf', name='Noto Sans Hebrew', style='normal', variant='normal', weight=700, stretch='normal', size='scalable')) = 10.335
2026-08-01 18:56:17,466 [DEBUG] MainThread: findfont: score(FontEntry(fname='C:\\Windows\\Fonts\\seguisb.ttf', name='Segoe UI', style='normal', variant='normal', weight=600, stretch='normal', size='scalable')) = 10.24
2026-08-01 18:56:17,466 [DEBUG] MainThread: findfont: score(FontEntry(fname='C:\\Windows\\Fonts\\trebuc.ttf', name='Trebuchet MS', style='normal', variant='normal', weight=400, stretch='normal', size='scalable')) = 10.05
2026-08-01 18:56:17,466 [DEBUG] MainThread: findfont: score(FontEntry(fname='C:\\Windows\\Fonts\\consolai.ttf', name='Consolas', style='italic', variant='normal', weight=400, stretch='normal', size='scalable')) = 11.05
2026-08-01 18:56:17,467 [DEBUG] MainThread: findfont: score(FontEntry(fname='C:\\Windows\\Fonts\\DejaVuSerif.ttf', name='DejaVu Serif', style='normal', variant='normal', weight=400, stretch='normal', size='scalable')) = 10.05
2026-08-01 18:56:17,467 [DEBUG] MainThread: findfont: score(FontEntry(fname='C:\\Windows\\Fonts\\NotoSansArmenian-Regular.ttf', name='Noto Sans Armenian', style='normal', variant='normal', weight=400, stretch='normal', size='scalable')) = 10.05
2026-08-01 18:56:17,467 [DEBUG] MainThread: findfont: score(FontEntry(fname='C:\\Windows\\Fonts\\LiberationSansNarrow-Bold.ttf', name='Liberation Sans Narrow', style='normal', variant='normal', weight=700, stretch='condensed', size='scalable')) = 10.535
2026-08-01 18:56:17,467 [DEBUG] MainThread: findfont: score(FontEntry(fname='C:\\Windows\\Fonts\\gadugib.ttf', name='Gadugi', style='normal', variant='normal', weight=700, stretch='normal', size='scalable')) = 10.335
2026-08-01 18:56:17,467 [DEBUG] MainThread: findfont: score(FontEntry(fname='C:\\Windows\\Fonts\\symbol.ttf', name='Symbol', style='normal', variant='normal', weight=400, stretch='normal', size='scalable')) = 10.05
2026-08-01 18:56:17,467 [DEBUG] MainThread: findfont: score(FontEntry(fname='C:\\Windows\\Fonts\\Candarai.ttf', name='Candara', style='italic', variant='normal', weight=400, stretch='normal', size='scalable')) = 11.05
2026-08-01 18:56:17,467 [DEBUG] MainThread: findfont: score(FontEntry(fname='C:\\Windows\\Fonts\\bahnschrift.ttf', name='Bahnschrift', style='normal', variant='normal', weight=400, stretch='normal', size='scalable')) = 10.05
2026-08-01 18:56:17,467 [DEBUG] MainThread: findfont: score(FontEntry(fname='C:\\Windows\\Fonts\\comicbd.ttf', name='Comic Sans MS', style='normal', variant='normal', weight=700, stretch='normal', size='scalable')) = 10.335
2026-08-01 18:56:17,467 [DEBUG] MainThread: findfont: score(FontEntry(fname='C:\\Windows\\Fonts\\NotoSerifHebrew-Regular.ttf', name='Noto Serif Hebrew', style='normal', variant='normal', weight=400, stretch='normal', size='scalable')) = 10.05
2026-08-01 18:56:17,467 [DEBUG] MainThread: findfont: score(FontEntry(fname='C:\\Windows\\Fonts\\verdanaz.ttf', name='Verdana', style='italic', variant='normal', weight=700, stretch='normal', size='scalable')) = 4.971363636363637
2026-08-01 18:56:17,467 [DEBUG] MainThread: findfont: score(FontEntry(fname='C:\\Windows\\Fonts\\NotoSerif-Regular.ttf', name='Noto Serif', style='normal', variant='normal', weight=400, stretch='normal', size='scalable')) = 10.05
2026-08-01 18:56:17,467 [DEBUG] MainThread: findfont: score(FontEntry(fname='C:\\Windows\\Fonts\\LiberationSans-Regular.ttf', name='Liberation Sans', style='normal', variant='normal', weight=400, stretch='normal', size='scalable')) = 10.05
2026-08-01 18:56:17,467 [DEBUG] MainThread: findfont: score(FontEntry(fname='C:\\Windows\\Fonts\\Rubik-Italic.ttf', name='Rubik', style='italic', variant='normal', weight=400, stretch='normal', size='scalable')) = 11.05
2026-08-01 18:56:17,467 [DEBUG] MainThread: findfont: score(FontEntry(fname='C:\\Windows\\Fonts\\LatoWeb-SemiboldItalic.ttf', name='Lato', style='italic', variant='normal', weight=600, stretch='normal', size='scalable')) = 11.24
2026-08-01 18:56:17,467 [DEBUG] MainThread: findfont: score(FontEntry(fname='C:\\Windows\\Fonts\\NotoSerifGeorgian-Bold.ttf', name='Noto Serif Georgian', style='normal', variant='normal', weight=700, stretch='normal', size='scalable')) = 10.335
2026-08-01 18:56:17,467 [DEBUG] MainThread: findfont: score(FontEntry(fname='C:\\Windows\\Fonts\\segoeprb.ttf', name='Segoe Print', style='normal', variant='normal', weight=700, stretch='normal', size='scalable')) = 10.335
2026-08-01 18:56:17,467 [DEBUG] MainThread: findfont: score(FontEntry(fname='C:\\Windows\\Fonts\\LinBiolinum_RB_G.ttf', name='Linux Biolinum G', style='normal', variant='normal', weight=700, stretch='normal', size='scalable')) = 10.335
2026-08-01 18:56:17,467 [DEBUG] MainThread: findfont: score(FontEntry(fname='C:\\Windows\\Fonts\\SitkaVF.ttf', name='Sitka', style='normal', variant='normal', weight=400, stretch='normal', size='scalable')) = 10.05
2026-08-01 18:56:17,467 [DEBUG] MainThread: findfont: score(FontEntry(fname='C:\\Windows\\Fonts\\SegUIVar.ttf', name='Segoe UI Variable', style='normal', variant='normal', weight=400, stretch='normal', size='scalable')) = 10.05
2026-08-01 18:56:17,467 [DEBUG] MainThread: findfont: score(FontEntry(fname='C:\\Windows\\Fonts\\micross.ttf', name='Microsoft Sans Serif', style='normal', variant='normal', weight=400, stretch='normal', size='scalable')) = 10.05
2026-08-01 18:56:17,467 [DEBUG] MainThread: findfont: score(FontEntry(fname='C:\\Windows\\Fonts\\opens___.ttf', name='OpenSymbol', style='normal', variant='normal', weight=400, stretch='normal', size='scalable')) = 10.05
2026-08-01 18:56:17,468 [DEBUG] MainThread: findfont: score(FontEntry(fname='C:\\Windows\\Fonts\\monbaiti.ttf', name='Mongolian Baiti', style='normal', variant='normal', weight=400, stretch='normal', size='scalable')) = 10.05
2026-08-01 18:56:17,468 [DEBUG] MainThread: findfont: score(FontEntry(fname='C:\\Windows\\Fonts\\FrankRuehlCLM-Bold.otf', name='Frank Ruehl CLM', style='normal', variant='normal', weight=700, stretch='normal', size='scalable')) = 10.335
2026-08-01 18:56:17,468 [DEBUG] MainThread: findfont: score(FontEntry(fname='C:\\Windows\\Fonts\\NotoSerifGeorgian-Regular.ttf', name='Noto Serif Georgian', style='normal', variant='normal', weight=400, stretch='normal', size='scalable')) = 10.05
2026-08-01 18:56:17,468 [DEBUG] MainThread: findfont: score(FontEntry(fname='C:\\Windows\\Fonts\\NotoSerifLao-Bold.ttf', name='Noto Serif Lao', style='normal', variant='normal', weight=700, stretch='normal', size='scalable')) = 10.335
2026-08-01 18:56:17,468 [DEBUG] MainThread: findfont: score(FontEntry(fname='C:\\Windows\\Fonts\\taile.ttf', name='Microsoft Tai Le', style='normal', variant='normal', weight=400, stretch='normal', size='scalable')) = 10.05
2026-08-01 18:56:17,468 [DEBUG] MainThread: findfont: score(FontEntry(fname='C:\\Windows\\Fonts\\LinLibertine_RI_G.ttf', name='Linux Libertine G', style='italic', variant='normal', weight=400, stretch='normal', size='scalable')) = 11.05
2026-08-01 18:56:17,468 [DEBUG] MainThread: findfont: score(FontEntry(fname='C:\\Windows\\Fonts\\corbel.ttf', name='Corbel', style='normal', variant='normal', weight=400, stretch='normal', size='scalable')) = 10.05
2026-08-01 18:56:17,468 [DEBUG] MainThread: findfont: score(FontEntry(fname='C:\\Windows\\Fonts\\cambria.ttc', name='Cambria', style='normal', variant='normal', weight=400, stretch='normal', size='scalable')) = 10.05
2026-08-01 18:56:17,468 [DEBUG] MainThread: findfont: score(FontEntry(fname='C:\\Windows\\Fonts\\GenBkBasB.ttf', name='Gentium Book Basic', style='normal', variant='normal', weight=700, stretch='normal', size='scalable')) = 10.335
2026-08-01 18:56:17,468 [DEBUG] MainThread: findfont: score(FontEntry(fname='C:\\Windows\\Fonts\\cambriai.ttf', name='Cambria', style='italic', variant='normal', weight=400, stretch='normal', size='scalable')) = 11.05
2026-08-01 18:56:17,468 [DEBUG] MainThread: findfont: score(FontEntry(fname='C:\\Windows\\Fonts\\DejaVuSerifCondensed-BoldItalic.ttf', name='DejaVu Serif', style='italic', variant='normal', weight=700, stretch='condensed', size='scalable')) = 11.535
2026-08-01 18:56:17,468 [DEBUG] MainThread: findfont: score(FontEntry(fname='C:\\Windows\\Fonts\\ebrima.ttf', name='Ebrima', style='normal', variant='normal', weight=400, stretch='normal', size='scalable')) = 10.05
2026-08-01 18:56:17,468 [DEBUG] MainThread: findfont: score(FontEntry(fname='C:\\Windows\\Fonts\\LiberationSerif-Regular.ttf', name='Liberation Serif', style='normal', variant='normal', weight=400, stretch='normal', size='scalable')) = 10.05
2026-08-01 18:56:17,468 [DEBUG] MainThread: findfont: score(FontEntry(fname='C:\\Windows\\Fonts\\consola.ttf', name='Consolas', style='normal', variant='normal', weight=400, stretch='normal', size='scalable')) = 10.05
2026-08-01 18:56:17,468 [DEBUG] MainThread: findfont: score(FontEntry(fname='C:\\Windows\\Fonts\\segoeuii.ttf', name='Segoe UI', style='italic', variant='normal', weight=400, stretch='normal', size='scalable')) = 11.05
2026-08-01 18:56:17,468 [DEBUG] MainThread: findfont: score(FontEntry(fname='C:\\Windows\\Fonts\\DejaVuSerifCondensed-Italic.ttf', name='DejaVu Serif', style='italic', variant='normal', weight=400, stretch='condensed', size='scalable')) = 11.25
2026-08-01 18:56:17,468 [DEBUG] MainThread: findfont: score(FontEntry(fname='C:\\Windows\\Fonts\\LiberationSans-Bold.ttf', name='Liberation Sans', style='normal', variant='normal', weight=700, stretch='normal', size='scalable')) = 10.335
2026-08-01 18:56:17,468 [DEBUG] MainThread: findfont: score(FontEntry(fname='C:\\Windows\\Fonts\\webdings.ttf', name='Webdings', style='normal', variant='normal', weight=400, stretch='normal', size='scalable')) = 10.05
2026-08-01 18:56:17,468 [DEBUG] MainThread: findfont: score(FontEntry(fname='C:\\Windows\\Fonts\\seguili.ttf', name='Segoe UI', style='italic', variant='normal', weight=300, stretch='normal', size='scalable')) = 11.145
2026-08-01 18:56:17,468 [DEBUG] MainThread: findfont: score(FontEntry(fname='C:\\Windows\\Fonts\\DejaVuSerif-Bold.ttf', name='DejaVu Serif', style='normal', variant='normal', weight=700, stretch='normal', size='scalable')) = 10.335
2026-08-01 18:56:17,469 [DEBUG] MainThread: findfont: score(FontEntry(fname='C:\\Windows\\Fonts\\Gabriola.ttf', name='Gabriola', style='normal', variant='normal', weight=400, stretch='normal', size='scalable')) = 10.05
2026-08-01 18:56:17,469 [DEBUG] MainThread: findfont: score(FontEntry(fname='C:\\Windows\\Fonts\\AmiriQuran.ttf', name='Amiri Quran', style='normal', variant='normal', weight=400, stretch='normal', size='scalable')) = 10.05
2026-08-01 18:56:17,469 [DEBUG] MainThread: findfont: score(FontEntry(fname='C:\\Windows\\Fonts\\DavidLibre-Bold.ttf', name='David Libre', style='normal', variant='normal', weight=700, stretch='normal', size='scalable')) = 10.335
2026-08-01 18:56:17,469 [DEBUG] MainThread: findfont: score(FontEntry(fname='C:\\Windows\\Fonts\\NotoSansArmenian-Bold.ttf', name='Noto Sans Armenian', style='normal', variant='normal', weight=700, stretch='normal', size='scalable')) = 10.335
2026-08-01 18:56:17,469 [DEBUG] MainThread: findfont: score(FontEntry(fname='C:\\Windows\\Fonts\\LeelawUI.ttf', name='Leelawadee UI', style='normal', variant='normal', weight=400, stretch='normal', size='scalable')) = 10.05
2026-08-01 18:56:17,469 [DEBUG] MainThread: findfont: score(FontEntry(fname='C:\\Windows\\Fonts\\corbeli.ttf', name='Corbel', style='italic', variant='normal', weight=400, stretch='normal', size='scalable')) = 11.05
2026-08-01 18:56:17,469 [DEBUG] MainThread: findfont: score(FontEntry(fname='C:\\Windows\\Fonts\\taileb.ttf', name='Microsoft Tai Le', style='normal', variant='normal', weight=700, stretch='normal', size='scalable')) = 10.335
2026-08-01 18:56:17,469 [DEBUG] MainThread: findfont: score(FontEntry(fname='C:\\Windows\\Fonts\\georgia.ttf', name='Georgia', style='normal', variant='normal', weight=400, stretch='normal', size='scalable')) = 10.05
2026-08-01 18:56:17,469 [DEBUG] MainThread: findfont: score(FontEntry(fname='C:\\Windows\\Fonts\\segoeui.ttf', name='Segoe UI', style='normal', variant='normal', weight=400, stretch='normal', size='scalable')) = 10.05
2026-08-01 18:56:17,469 [DEBUG] MainThread: findfont: score(FontEntry(fname='C:\\Windows\\Fonts\\FrankRuhlHofshi-Regular.otf', name='Frank Ruhl Hofshi', style='normal', variant='normal', weight=400, stretch='normal', size='scalable')) = 10.05
2026-08-01 18:56:17,469 [DEBUG] MainThread: findfont: score(FontEntry(fname='C:\\Windows\\Fonts\\NotoSansArabic-Bold.ttf', name='Noto Sans Arabic', style='normal', variant='normal', weight=700, stretch='normal', size='scalable')) = 10.335
2026-08-01 18:56:17,469 [DEBUG] MainThread: findfont: score(FontEntry(fname='C:\\Windows\\Fonts\\DejaVuSerif-Italic.ttf', name='DejaVu Serif', style='italic', variant='normal', weight=400, stretch='normal', size='scalable')) = 11.05
2026-08-01 18:56:17,469 [DEBUG] MainThread: findfont: score(FontEntry(fname='C:\\Windows\\Fonts\\calibrib.ttf', name='Calibri', style='normal', variant='normal', weight=700, stretch='normal', size='scalable')) = 10.335
2026-08-01 18:56:17,469 [DEBUG] MainThread: findfont: score(FontEntry(fname='C:\\Windows\\Fonts\\verdana.ttf', name='Verdana', style='normal', variant='normal', weight=400, stretch='normal', size='scalable')) = 3.6863636363636365
2026-08-01 18:56:17,469 [DEBUG] MainThread: findfont: score(FontEntry(fname='C:\\Windows\\Fonts\\palai.ttf', name='Palatino Linotype', style='italic', variant='normal', weight=400, stretch='normal', size='scalable')) = 11.05
2026-08-01 18:56:17,469 [DEBUG] MainThread: findfont: score(FontEntry(fname='C:\\Windows\\Fonts\\DejaVuSans-Oblique.ttf', name='DejaVu Sans', style='oblique', variant='normal', weight=400, stretch='normal', size='scalable')) = 1.05
2026-08-01 18:56:17,469 [DEBUG] MainThread: findfont: score(FontEntry(fname='C:\\Windows\\Fonts\\DejaVuSansCondensed-Oblique.ttf', name='DejaVu Sans', style='oblique', variant='normal', weight=400, stretch='condensed', size='scalable')) = 1.25
2026-08-01 18:56:17,469 [DEBUG] MainThread: findfont: score(FontEntry(fname='C:\\Windows\\Fonts\\MiriamMonoCLM-BoldOblique.ttf', name='Miriam Mono CLM', style='oblique', variant='normal', weight=700, stretch='normal', size='scalable')) = 11.335
2026-08-01 18:56:17,469 [DEBUG] MainThread: findfont: score(FontEntry(fname='C:\\Windows\\Fonts\\NotoSerif-BoldItalic.ttf', name='Noto Serif', style='italic', variant='normal', weight=700, stretch='normal', size='scalable')) = 11.335
2026-08-01 18:56:17,469 [DEBUG] MainThread: findfont: score(FontEntry(fname='C:\\Windows\\Fonts\\LinLibertine_RZI_G.ttf', name='Linux Libertine G', style='italic', variant='normal', weight=600, stretch='normal', size='scalable')) = 11.24
2026-08-01 18:56:17,469 [DEBUG] MainThread: findfont: score(FontEntry(fname='C:\\Windows\\Fonts\\Carlito-Italic.ttf', name='Carlito', style='italic', variant='normal', weight=400, stretch='normal', size='scalable')) = 11.05
2026-08-01 18:56:17,470 [DEBUG] MainThread: findfont: score(FontEntry(fname='C:\\Windows\\Fonts\\NotoSansGeorgian-Bold.ttf', name='Noto Sans Georgian', style='normal', variant='normal', weight=700, stretch='normal', size='scalable')) = 10.335
2026-08-01 18:56:17,470 [DEBUG] MainThread: findfont: score(FontEntry(fname='C:\\Windows\\Fonts\\georgiaz.ttf', name='Georgia', style='italic', variant='normal', weight=700, stretch='normal', size='scalable')) = 11.335
2026-08-01 18:56:17,470 [DEBUG] MainThread: findfont: score(FontEntry(fname='C:\\Windows\\Fonts\\NotoSerif-Bold.ttf', name='Noto Serif', style='normal', variant='normal', weight=700, stretch='normal', size='scalable')) = 10.335
2026-08-01 18:56:17,470 [DEBUG] MainThread: findfont: score(FontEntry(fname='C:\\Windows\\Fonts\\seguibli.ttf', name='Segoe UI', style='italic', variant='normal', weight=900, stretch='normal', size='scalable')) = 11.525
2026-08-01 18:56:17,470 [DEBUG] MainThread: findfont: score(FontEntry(fname='C:\\Windows\\Fonts\\mmrtextb.ttf', name='Myanmar Text', style='normal', variant='normal', weight=700, stretch='normal', size='scalable')) = 10.335
2026-08-01 18:56:17,470 [DEBUG] MainThread: findfont: score(FontEntry(fname='C:\\Windows\\Fonts\\DejaVuSansMono-Oblique.ttf', name='DejaVu Sans Mono', style='oblique', variant='normal', weight=400, stretch='normal', size='scalable')) = 11.05
2026-08-01 18:56:17,470 [DEBUG] MainThread: findfont: score(FontEntry(fname='C:\\Windows\\Fonts\\LatoWeb-Regular.ttf', name='Lato', style='normal', variant='normal', weight=400, stretch='normal', size='scalable')) = 10.05
2026-08-01 18:56:17,470 [DEBUG] MainThread: findfont: score(FontEntry(fname='C:\\Windows\\Fonts\\ariali.ttf', name='Arial', style='italic', variant='normal', weight=400, stretch='normal', size='scalable')) = 7.413636363636363
2026-08-01 18:56:17,470 [DEBUG] MainThread: findfont: score(FontEntry(fname='C:\\Windows\\Fonts\\segoeuisl.ttf', name='Segoe UI', style='normal', variant='normal', weight=350, stretch='normal', size='scalable')) = 10.0975
2026-08-01 18:56:17,470 [DEBUG] MainThread: findfont: score(FontEntry(fname='C:\\Windows\\Fonts\\Amiri-Italic.ttf', name='Amiri', style='italic', variant='normal', weight=400, stretch='normal', size='scalable')) = 11.05
2026-08-01 18:56:17,470 [DEBUG] MainThread: findfont: score(FontEntry(fname='C:\\Windows\\Fonts\\LinLibertine_RBI_G.ttf', name='Linux Libertine G', style='italic', variant='normal', weight=700, stretch='normal', size='scalable')) = 11.335
2026-08-01 18:56:17,470 [DEBUG] MainThread: findfont: score(FontEntry(fname='C:\\Windows\\Fonts\\mingliub.ttc', name='MingLiU-ExtB', style='normal', variant='normal', weight=400, stretch='normal', size='scalable')) = 10.05
2026-08-01 18:56:17,470 [DEBUG] MainThread: findfont: score(FontEntry(fname='C:\\Windows\\Fonts\\NotoSansLisu-Regular.ttf', name='Noto Sans Lisu', style='normal', variant='normal', weight=400, stretch='normal', size='scalable')) = 10.05
2026-08-01 18:56:17,470 [DEBUG] MainThread: findfont: score(FontEntry(fname='C:\\Windows\\Fonts\\Caladea-Regular.ttf', name='Caladea', style='normal', variant='normal', weight=400, stretch='normal', size='scalable')) = 10.05
2026-08-01 18:56:17,470 [DEBUG] MainThread: findfont: score(FontEntry(fname='C:\\Windows\\Fonts\\Carlito-BoldItalic.ttf', name='Carlito', style='italic', variant='normal', weight=700, stretch='normal', size='scalable')) = 11.335
2026-08-01 18:56:17,470 [DEBUG] MainThread: findfont: score(FontEntry(fname='C:\\Windows\\Fonts\\timesbd.ttf', name='Times New Roman', style='normal', variant='normal', weight=700, stretch='normal', size='scalable')) = 10.335
2026-08-01 18:56:17,470 [DEBUG] MainThread: findfont: score(FontEntry(fname='C:\\Windows\\Fonts\\segmdl2.ttf', name='Segoe MDL2 Assets', style='normal', variant='normal', weight=400, stretch='normal', size='scalable')) = 10.05
2026-08-01 18:56:17,470 [DEBUG] MainThread: findfont: score(FontEntry(fname='C:\\Windows\\Fonts\\cambriaz.ttf', name='Cambria', style='italic', variant='normal', weight=700, stretch='normal', size='scalable')) = 11.335
2026-08-01 18:56:17,470 [DEBUG] MainThread: findfont: score(FontEntry(fname='C:\\Windows\\Fonts\\segoescb.ttf', name='Segoe Script', style='normal', variant='normal', weight=700, stretch='normal', size='scalable')) = 10.335
2026-08-01 18:56:17,470 [DEBUG] MainThread: findfont: score(FontEntry(fname='C:\\Windows\\Fonts\\NotoSans-Italic.ttf', name='Noto Sans', style='italic', variant='normal', weight=400, stretch='normal', size='scalable')) = 11.05
2026-08-01 18:56:17,471 [DEBUG] MainThread: findfont: score(FontEntry(fname='C:\\Windows\\Fonts\\seguihis.ttf', name='Segoe UI Historic', style='normal', variant='normal', weight=400, stretch='normal', size='scalable')) = 10.05
2026-08-01 18:56:17,471 [DEBUG] MainThread: findfont: score(FontEntry(fname='C:\\Windows\\Fonts\\wingding.ttf', name='Wingdings', style='normal', variant='normal', weight=400, stretch='normal', size='scalable')) = 10.05
2026-08-01 18:56:17,471 [DEBUG] MainThread: findfont: score(FontEntry(fname='C:\\Windows\\Fonts\\LiberationMono-Italic.ttf', name='Liberation Mono', style='italic', variant='normal', weight=400, stretch='normal', size='scalable')) = 11.05
2026-08-01 18:56:17,471 [DEBUG] MainThread: findfont: score(FontEntry(fname='C:\\Windows\\Fonts\\LeelaUIb.ttf', name='Leelawadee UI', style='normal', variant='normal', weight=700, stretch='normal', size='scalable')) = 10.335
2026-08-01 18:56:17,471 [DEBUG] MainThread: findfont: score(FontEntry(fname='C:\\Windows\\Fonts\\seguisbi.ttf', name='Segoe UI', style='italic', variant='normal', weight=600, stretch='normal', size='scalable')) = 11.24
2026-08-01 18:56:17,471 [DEBUG] MainThread: findfont: score(FontEntry(fname='C:\\Windows\\Fonts\\DejaVuSans-ExtraLight.ttf', name='DejaVu Sans', style='normal', variant='normal', weight=200, stretch='normal', size='scalable')) = 0.24
2026-08-01 18:56:17,471 [DEBUG] MainThread: findfont: score(FontEntry(fname='C:\\Windows\\Fonts\\phagspab.ttf', name='Microsoft PhagsPa', style='normal', variant='normal', weight=700, stretch='normal', size='scalable')) = 10.335
2026-08-01 18:56:17,471 [DEBUG] MainThread: findfont: score(FontEntry(fname='C:\\Windows\\Fonts\\georgiai.ttf', name='Georgia', style='italic', variant='normal', weight=400, stretch='normal', size='scalable')) = 11.05
2026-08-01 18:56:17,471 [DEBUG] MainThread: findfont: score(FontEntry(fname='C:\\Windows\\Fonts\\NachlieliCLM-BoldOblique.otf', name='Nachlieli CLM', style='oblique', variant='normal', weight=600, stretch='normal', size='scalable')) = 11.24
2026-08-01 18:56:17,471 [DEBUG] MainThread: findfont: score(FontEntry(fname='C:\\Windows\\Fonts\\FrankRuehlCLM-BoldOblique.otf', name='Frank Ruehl CLM', style='oblique', variant='normal', weight=700, stretch='normal', size='scalable')) = 11.335
2026-08-01 18:56:17,471 [DEBUG] MainThread: findfont: score(FontEntry(fname='C:\\Windows\\Fonts\\gadugi.ttf', name='Gadugi', style='normal', variant='normal', weight=400, stretch='normal', size='scalable')) = 10.05
2026-08-01 18:56:17,471 [DEBUG] MainThread: findfont: score(FontEntry(fname='C:\\Windows\\Fonts\\FrankRuhlHofshi-Bold.otf', name='Frank Ruhl Hofshi', style='normal', variant='normal', weight=700, stretch='normal', size='scalable')) = 10.335
2026-08-01 18:56:17,471 [DEBUG] MainThread: findfont: score(FontEntry(fname='C:\\Windows\\Fonts\\DejaVuSansMono.ttf', name='DejaVu Sans Mono', style='normal', variant='normal', weight=400, stretch='normal', size='scalable')) = 10.05
2026-08-01 18:56:17,471 [DEBUG] MainThread: findfont: score(FontEntry(fname='C:\\Windows\\Fonts\\timesbi.ttf', name='Times New Roman', style='italic', variant='normal', weight=700, stretch='normal', size='scalable')) = 11.335
2026-08-01 18:56:17,471 [DEBUG] MainThread: findfont: score(FontEntry(fname='C:\\Windows\\Fonts\\Rubik-BoldItalic.ttf', name='Rubik', style='italic', variant='normal', weight=700, stretch='normal', size='scalable')) = 11.335
2026-08-01 18:56:17,471 [DEBUG] MainThread: findfont: score(FontEntry(fname='C:\\Windows\\Fonts\\NotoNaskhArabic-Regular.ttf', name='Noto Naskh Arabic', style='normal', variant='normal', weight=400, stretch='normal', size='scalable')) = 10.05
2026-08-01 18:56:17,472 [DEBUG] MainThread: findfont: score(FontEntry(fname='C:\\Windows\\Fonts\\times.ttf', name='Times New Roman', style='normal', variant='normal', weight=400, stretch='normal', size='scalable')) = 10.05
2026-08-01 18:56:17,472 [DEBUG] MainThread: findfont: score(FontEntry(fname='C:\\Windows\\Fonts\\SegoeIcons.ttf', name='Segoe Fluent Icons', style='normal', variant='normal', weight=400, stretch='normal', size='scalable')) = 10.05
2026-08-01 18:56:17,472 [DEBUG] MainThread: findfont: score(FontEntry(fname='C:\\Windows\\Fonts\\Candaraz.ttf', name='Candara', style='italic', variant='normal', weight=700, stretch='normal', size='scalable')) = 11.335
2026-08-01 18:56:17,472 [DEBUG] MainThread: findfont: score(FontEntry(fname='C:\\Windows\\Fonts\\NotoSans-Bold.ttf', name='Noto Sans', style='normal', variant='normal', weight=700, stretch='normal', size='scalable')) = 10.335
2026-08-01 18:56:17,472 [DEBUG] MainThread: findfont: score(FontEntry(fname='C:\\Windows\\Fonts\\NotoSansLao-Bold.ttf', name='Noto Sans Lao', style='normal', variant='normal', weight=700, stretch='normal', size='scalable')) = 10.335
2026-08-01 18:56:17,472 [DEBUG] MainThread: findfont: score(FontEntry(fname='C:\\Windows\\Fonts\\LiberationSerif-Bold.ttf', name='Liberation Serif', style='normal', variant='normal', weight=700, stretch='normal', size='scalable')) = 10.335
2026-08-01 18:56:17,472 [DEBUG] MainThread: findfont: score(FontEntry(fname='C:\\Windows\\Fonts\\constan.ttf', name='Constantia', style='normal', variant='normal', weight=400, stretch='normal', size='scalable')) = 10.05
2026-08-01 18:56:17,472 [DEBUG] MainThread: findfont: score(FontEntry(fname='C:\\Windows\\Fonts\\NotoSansGeorgian-Regular.ttf', name='Noto Sans Georgian', style='normal', variant='normal', weight=400, stretch='normal', size='scalable')) = 10.05
2026-08-01 18:56:17,472 [DEBUG] MainThread: findfont: score(FontEntry(fname='C:\\Windows\\Fonts\\LinBiolinum_RI_G.ttf', name='Linux Biolinum G', style='italic', variant='normal', weight=400, stretch='normal', size='scalable')) = 11.05
2026-08-01 18:56:17,472 [DEBUG] MainThread: findfont: score(FontEntry(fname='C:\\Windows\\Fonts\\LinLibertine_R_G.ttf', name='Linux Libertine G', style='normal', variant='normal', weight=400, stretch='normal', size='scalable')) = 10.05
2026-08-01 18:56:17,472 [DEBUG] MainThread: findfont: score(FontEntry(fname='C:\\Windows\\Fonts\\seguisli.ttf', name='Segoe UI', style='italic', variant='normal', weight=350, stretch='normal', size='scalable')) = 11.0975
2026-08-01 18:56:17,472 [DEBUG] MainThread: findfont: score(FontEntry(fname='C:\\Windows\\Fonts\\arialbi.ttf', name='Arial', style='italic', variant='normal', weight=700, stretch='normal', size='scalable')) = 7.698636363636363
2026-08-01 18:56:17,472 [DEBUG] MainThread: findfont: score(FontEntry(fname='C:\\Windows\\Fonts\\Candaral.ttf', name='Candara', style='normal', variant='normal', weight=400, stretch='normal', size='scalable')) = 10.05
2026-08-01 18:56:17,473 [DEBUG] MainThread: findfont: score(FontEntry(fname='C:\\Windows\\Fonts\\simsun.ttc', name='SimSun', style='normal', variant='normal', weight=400, stretch='normal', size='scalable')) = 10.05
2026-08-01 18:56:17,473 [DEBUG] MainThread: findfont: Matching sans\-serif:style=normal:variant=normal:weight=normal:stretch=normal:size=12.0 to DejaVu Sans ('c:\\Users\\Username\\Desktop\\Folder\\Developing\\Ortez\\app\\.venv\\Lib\\site-packages\\matplotlib\\mpl-data\\fonts\\ttf\\DejaVuSans.ttf') with score of 0.050000.
2026-08-01 18:56:17,704 [DEBUG] MainThread: findfont: Matching sans\-serif:style=normal:variant=normal:weight=normal:stretch=normal:size=9.0.
2026-08-01 18:56:17,704 [DEBUG] MainThread: findfont: score(FontEntry(fname='c:\\Users\\Username\\Desktop\\Folder\\Developing\\Ortez\\app\\.venv\\Lib\\site-packages\\matplotlib\\mpl-data\\fonts\\ttf\\DejaVuSerif-BoldItalic.ttf', name='DejaVu Serif', style='italic', variant='normal', weight=700, stretch='normal', size='scalable')) = 11.335
2026-08-01 18:56:17,705 [DEBUG] MainThread: findfont: score(FontEntry(fname='c:\\Users\\Username\\Desktop\\Folder\\Developing\\Ortez\\app\\.venv\\Lib\\site-packages\\matplotlib\\mpl-data\\fonts\\ttf\\STIXSizFiveSymReg.ttf', name='STIXSizeFiveSym', style='normal', variant='normal', weight=400, stretch='normal', size='scalable')) = 10.05
2026-08-01 18:56:17,705 [DEBUG] MainThread: findfont: score(FontEntry(fname='c:\\Users\\Username\\Desktop\\Folder\\Developing\\Ortez\\app\\.venv\\Lib\\site-packages\\matplotlib\\mpl-data\\fonts\\ttf\\STIXGeneralBol.ttf', name='STIXGeneral', style='normal', variant='normal', weight=700, stretch='normal', size='scalable')) = 10.335
2026-08-01 18:56:17,705 [DEBUG] MainThread: findfont: score(FontEntry(fname='c:\\Users\\Username\\Desktop\\Folder\\Developing\\Ortez\\app\\.venv\\Lib\\site-packages\\matplotlib\\mpl-data\\fonts\\ttf\\DejaVuSerif-Italic.ttf', name='DejaVu Serif', style='italic', variant='normal', weight=400, stretch='normal', size='scalable')) = 11.05
2026-08-01 18:56:17,705 [DEBUG] MainThread: findfont: score(FontEntry(fname='c:\\Users\\Username\\Desktop\\Folder\\Developing\\Ortez\\app\\.venv\\Lib\\site-packages\\matplotlib\\mpl-data\\fonts\\ttf\\STIXGeneral.ttf', name='STIXGeneral', style='normal', variant='normal', weight=400, stretch='normal', size='scalable')) = 10.05
2026-08-01 18:56:17,705 [DEBUG] MainThread: findfont: score(FontEntry(fname='c:\\Users\\Username\\Desktop\\Folder\\Developing\\Ortez\\app\\.venv\\Lib\\site-packages\\matplotlib\\mpl-data\\fonts\\ttf\\cmsy10.ttf', name='cmsy10', style='normal', variant='normal', weight=400, stretch='normal', size='scalable')) = 10.05
2026-08-01 18:56:17,705 [DEBUG] MainThread: findfont: score(FontEntry(fname='c:\\Users\\Username\\Desktop\\Folder\\Developing\\Ortez\\app\\.venv\\Lib\\site-packages\\matplotlib\\mpl-data\\fonts\\ttf\\DejaVuSans-Oblique.ttf', name='DejaVu Sans', style='oblique', variant='normal', weight=400, stretch='normal', size='scalable')) = 1.05
2026-08-01 18:56:17,705 [DEBUG] MainThread: findfont: score(FontEntry(fname='c:\\Users\\Username\\Desktop\\Folder\\Developing\\Ortez\\app\\.venv\\Lib\\site-packages\\matplotlib\\mpl-data\\fonts\\ttf\\cmr10.ttf', name='cmr10', style='normal', variant='normal', weight=400, stretch='normal', size='scalable')) = 10.05
2026-08-01 18:56:17,705 [DEBUG] MainThread: findfont: score(FontEntry(fname='c:\\Users\\Username\\Desktop\\Folder\\Developing\\Ortez\\app\\.venv\\Lib\\site-packages\\matplotlib\\mpl-data\\fonts\\ttf\\DejaVuSansMono.ttf', name='DejaVu Sans Mono', style='normal', variant='normal', weight=400, stretch='normal', size='scalable')) = 10.05
2026-08-01 18:56:17,705 [DEBUG] MainThread: findfont: score(FontEntry(fname='c:\\Users\\Username\\Desktop\\Folder\\Developing\\Ortez\\app\\.venv\\Lib\\site-packages\\matplotlib\\mpl-data\\fonts\\ttf\\STIXSizFourSymBol.ttf', name='STIXSizeFourSym', style='normal', variant='normal', weight=700, stretch='normal', size='scalable')) = 10.335
2026-08-01 18:56:17,705 [DEBUG] MainThread: findfont: score(FontEntry(fname='c:\\Users\\Username\\Desktop\\Folder\\Developing\\Ortez\\app\\.venv\\Lib\\site-packages\\matplotlib\\mpl-data\\fonts\\ttf\\DejaVuSerif-Bold.ttf', name='DejaVu Serif', style='normal', variant='normal', weight=700, stretch='normal', size='scalable')) = 10.335
2026-08-01 18:56:17,705 [DEBUG] MainThread: findfont: score(FontEntry(fname='c:\\Users\\Username\\Desktop\\Folder\\Developing\\Ortez\\app\\.venv\\Lib\\site-packages\\matplotlib\\mpl-data\\fonts\\ttf\\STIXSizOneSymBol.ttf', name='STIXSizeOneSym', style='normal', variant='normal', weight=700, stretch='normal', size='scalable')) = 10.335
2026-08-01 18:56:17,705 [DEBUG] MainThread: findfont: score(FontEntry(fname='c:\\Users\\Username\\Desktop\\Folder\\Developing\\Ortez\\app\\.venv\\Lib\\site-packages\\matplotlib\\mpl-data\\fonts\\ttf\\STIXGeneralBolIta.ttf', name='STIXGeneral', style='italic', variant='normal', weight=700, stretch='normal', size='scalable')) = 11.335
2026-08-01 18:56:17,705 [DEBUG] MainThread: findfont: score(FontEntry(fname='c:\\Users\\Username\\Desktop\\Folder\\Developing\\Ortez\\app\\.venv\\Lib\\site-packages\\matplotlib\\mpl-data\\fonts\\ttf\\STIXSizFourSymReg.ttf', name='STIXSizeFourSym', style='normal', variant='normal', weight=400, stretch='normal', size='scalable')) = 10.05
2026-08-01 18:56:17,705 [DEBUG] MainThread: findfont: score(FontEntry(fname='c:\\Users\\Username\\Desktop\\Folder\\Developing\\Ortez\\app\\.venv\\Lib\\site-packages\\matplotlib\\mpl-data\\fonts\\ttf\\cmb10.ttf', name='cmb10', style='normal', variant='normal', weight=400, stretch='normal', size='scalable')) = 10.05
2026-08-01 18:56:17,705 [DEBUG] MainThread: findfont: score(FontEntry(fname='c:\\Users\\Username\\Desktop\\Folder\\Developing\\Ortez\\app\\.venv\\Lib\\site-packages\\matplotlib\\mpl-data\\fonts\\ttf\\DejaVuSerif.ttf', name='DejaVu Serif', style='normal', variant='normal', weight=400, stretch='normal', size='scalable')) = 10.05
2026-08-01 18:56:17,705 [DEBUG] MainThread: findfont: score(FontEntry(fname='c:\\Users\\Username\\Desktop\\Folder\\Developing\\Ortez\\app\\.venv\\Lib\\site-packages\\matplotlib\\mpl-data\\fonts\\ttf\\cmtt10.ttf', name='cmtt10', style='normal', variant='normal', weight=400, stretch='normal', size='scalable')) = 10.05
2026-08-01 18:56:17,705 [DEBUG] MainThread: findfont: score(FontEntry(fname='c:\\Users\\Username\\Desktop\\Folder\\Developing\\Ortez\\app\\.venv\\Lib\\site-packages\\matplotlib\\mpl-data\\fonts\\ttf\\cmss10.ttf', name='cmss10', style='normal', variant='normal', weight=400, stretch='normal', size='scalable')) = 10.05
2026-08-01 18:56:17,706 [DEBUG] MainThread: findfont: score(FontEntry(fname='c:\\Users\\Username\\Desktop\\Folder\\Developing\\Ortez\\app\\.venv\\Lib\\site-packages\\matplotlib\\mpl-data\\fonts\\ttf\\STIXNonUni.ttf', name='STIXNonUnicode', style='normal', variant='normal', weight=400, stretch='normal', size='scalable')) = 10.05
2026-08-01 18:56:17,706 [DEBUG] MainThread: findfont: score(FontEntry(fname='c:\\Users\\Username\\Desktop\\Folder\\Developing\\Ortez\\app\\.venv\\Lib\\site-packages\\matplotlib\\mpl-data\\fonts\\ttf\\DejaVuSansDisplay.ttf', name='DejaVu Sans Display', style='normal', variant='normal', weight=400, stretch='normal', size='scalable')) = 10.05
2026-08-01 18:56:17,706 [DEBUG] MainThread: findfont: score(FontEntry(fname='c:\\Users\\Username\\Desktop\\Folder\\Developing\\Ortez\\app\\.venv\\Lib\\site-packages\\matplotlib\\mpl-data\\fonts\\ttf\\DejaVuSansMono-BoldOblique.ttf', name='DejaVu Sans Mono', style='oblique', variant='normal', weight=700, stretch='normal', size='scalable')) = 11.335
2026-08-01 18:56:17,706 [DEBUG] MainThread: findfont: score(FontEntry(fname='c:\\Users\\Username\\Desktop\\Folder\\Developing\\Ortez\\app\\.venv\\Lib\\site-packages\\matplotlib\\mpl-data\\fonts\\ttf\\STIXSizThreeSymBol.ttf', name='STIXSizeThreeSym', style='normal', variant='normal', weight=700, stretch='normal', size='scalable')) = 10.335
2026-08-01 18:56:17,706 [DEBUG] MainThread: findfont: score(FontEntry(fname='c:\\Users\\Username\\Desktop\\Folder\\Developing\\Ortez\\app\\.venv\\Lib\\site-packages\\matplotlib\\mpl-data\\fonts\\ttf\\DejaVuSans.ttf', name='DejaVu Sans', style='normal', variant='normal', weight=400, stretch='normal', size='scalable')) = 0.05
2026-08-01 18:56:17,706 [DEBUG] MainThread: findfont: score(FontEntry(fname='c:\\Users\\Username\\Desktop\\Folder\\Developing\\Ortez\\app\\.venv\\Lib\\site-packages\\matplotlib\\mpl-data\\fonts\\ttf\\STIXNonUniIta.ttf', name='STIXNonUnicode', style='italic', variant='normal', weight=400, stretch='normal', size='scalable')) = 11.05
2026-08-01 18:56:17,706 [DEBUG] MainThread: findfont: score(FontEntry(fname='c:\\Users\\Username\\Desktop\\Folder\\Developing\\Ortez\\app\\.venv\\Lib\\site-packages\\matplotlib\\mpl-data\\fonts\\ttf\\DejaVuSans-BoldOblique.ttf', name='DejaVu Sans', style='oblique', variant='normal', weight=700, stretch='normal', size='scalable')) = 1.335
2026-08-01 18:56:17,706 [DEBUG] MainThread: findfont: score(FontEntry(fname='c:\\Users\\Username\\Desktop\\Folder\\Developing\\Ortez\\app\\.venv\\Lib\\site-packages\\matplotlib\\mpl-data\\fonts\\ttf\\STIXGeneralItalic.ttf', name='STIXGeneral', style='italic', variant='normal', weight=400, stretch='normal', size='scalable')) = 11.05
2026-08-01 18:56:17,706 [DEBUG] MainThread: findfont: score(FontEntry(fname='c:\\Users\\Username\\Desktop\\Folder\\Developing\\Ortez\\app\\.venv\\Lib\\site-packages\\matplotlib\\mpl-data\\fonts\\ttf\\DejaVuSansMono-Oblique.ttf', name='DejaVu Sans Mono', style='oblique', variant='normal', weight=400, stretch='normal', size='scalable')) = 11.05
2026-08-01 18:56:17,706 [DEBUG] MainThread: findfont: score(FontEntry(fname='c:\\Users\\Username\\Desktop\\Folder\\Developing\\Ortez\\app\\.venv\\Lib\\site-packages\\matplotlib\\mpl-data\\fonts\\ttf\\STIXSizTwoSymReg.ttf', name='STIXSizeTwoSym', style='normal', variant='normal', weight=400, stretch='normal', size='scalable')) = 10.05
2026-08-01 18:56:17,706 [DEBUG] MainThread: findfont: score(FontEntry(fname='c:\\Users\\Username\\Desktop\\Folder\\Developing\\Ortez\\app\\.venv\\Lib\\site-packages\\matplotlib\\mpl-data\\fonts\\ttf\\DejaVuSerifDisplay.ttf', name='DejaVu Serif Display', style='normal', variant='normal', weight=400, stretch='normal', size='scalable')) = 10.05
2026-08-01 18:56:17,706 [DEBUG] MainThread: findfont: score(FontEntry(fname='c:\\Users\\Username\\Desktop\\Folder\\Developing\\Ortez\\app\\.venv\\Lib\\site-packages\\matplotlib\\mpl-data\\fonts\\ttf\\cmex10.ttf', name='cmex10', style='normal', variant='normal', weight=400, stretch='normal', size='scalable')) = 10.05
2026-08-01 18:56:17,706 [DEBUG] MainThread: findfont: score(FontEntry(fname='c:\\Users\\Username\\Desktop\\Folder\\Developing\\Ortez\\app\\.venv\\Lib\\site-packages\\matplotlib\\mpl-data\\fonts\\ttf\\STIXSizTwoSymBol.ttf', name='STIXSizeTwoSym', style='normal', variant='normal', weight=700, stretch='normal', size='scalable')) = 10.335
2026-08-01 18:56:17,706 [DEBUG] MainThread: findfont: score(FontEntry(fname='c:\\Users\\Username\\Desktop\\Folder\\Developing\\Ortez\\app\\.venv\\Lib\\site-packages\\matplotlib\\mpl-data\\fonts\\ttf\\DejaVuSans-Bold.ttf', name='DejaVu Sans', style='normal', variant='normal', weight=700, stretch='normal', size='scalable')) = 0.33499999999999996
2026-08-01 18:56:17,706 [DEBUG] MainThread: findfont: score(FontEntry(fname='c:\\Users\\Username\\Desktop\\Folder\\Developing\\Ortez\\app\\.venv\\Lib\\site-packages\\matplotlib\\mpl-data\\fonts\\ttf\\STIXSizThreeSymReg.ttf', name='STIXSizeThreeSym', style='normal', variant='normal', weight=400, stretch='normal', size='scalable')) = 10.05
2026-08-01 18:56:17,706 [DEBUG] MainThread: findfont: score(FontEntry(fname='c:\\Users\\Username\\Desktop\\Folder\\Developing\\Ortez\\app\\.venv\\Lib\\site-packages\\matplotlib\\mpl-data\\fonts\\ttf\\STIXNonUniBol.ttf', name='STIXNonUnicode', style='normal', variant='normal', weight=700, stretch='normal', size='scalable')) = 10.335
2026-08-01 18:56:17,706 [DEBUG] MainThread: findfont: score(FontEntry(fname='c:\\Users\\Username\\Desktop\\Folder\\Developing\\Ortez\\app\\.venv\\Lib\\site-packages\\matplotlib\\mpl-data\\fonts\\ttf\\STIXNonUniBolIta.ttf', name='STIXNonUnicode', style='italic', variant='normal', weight=700, stretch='normal', size='scalable')) = 11.335
2026-08-01 18:56:17,706 [DEBUG] MainThread: findfont: score(FontEntry(fname='c:\\Users\\Username\\Desktop\\Folder\\Developing\\Ortez\\app\\.venv\\Lib\\site-packages\\matplotlib\\mpl-data\\fonts\\ttf\\DejaVuSansMono-Bold.ttf', name='DejaVu Sans Mono', style='normal', variant='normal', weight=700, stretch='normal', size='scalable')) = 10.335
2026-08-01 18:56:17,706 [DEBUG] MainThread: findfont: score(FontEntry(fname='c:\\Users\\Username\\Desktop\\Folder\\Developing\\Ortez\\app\\.venv\\Lib\\site-packages\\matplotlib\\mpl-data\\fonts\\ttf\\cmmi10.ttf', name='cmmi10', style='normal', variant='normal', weight=400, stretch='normal', size='scalable')) = 10.05
2026-08-01 18:56:17,707 [DEBUG] MainThread: findfont: score(FontEntry(fname='c:\\Users\\Username\\Desktop\\Folder\\Developing\\Ortez\\app\\.venv\\Lib\\site-packages\\matplotlib\\mpl-data\\fonts\\ttf\\STIXSizOneSymReg.ttf', name='STIXSizeOneSym', style='normal', variant='normal', weight=400, stretch='normal', size='scalable')) = 10.05
2026-08-01 18:56:17,707 [DEBUG] MainThread: findfont: score(FontEntry(fname='C:\\Windows\\Fonts\\cambriab.ttf', name='Cambria', style='normal', variant='normal', weight=700, stretch='normal', size='scalable')) = 10.335
2026-08-01 18:56:17,707 [DEBUG] MainThread: findfont: score(FontEntry(fname='C:\\Windows\\Fonts\\GenBkBasR.ttf', name='Gentium Book Basic', style='normal', variant='normal', weight=400, stretch='normal', size='scalable')) = 10.05
2026-08-01 18:56:17,707 [DEBUG] MainThread: findfont: score(FontEntry(fname='C:\\Windows\\Fonts\\framd.ttf', name='Franklin Gothic Medium', style='normal', variant='normal', weight=400, stretch='normal', size='scalable')) = 10.05
2026-08-01 18:56:17,707 [DEBUG] MainThread: findfont: score(FontEntry(fname='C:\\Windows\\Fonts\\LiberationSerif-Italic.ttf', name='Liberation Serif', style='italic', variant='normal', weight=400, stretch='normal', size='scalable')) = 11.05
2026-08-01 18:56:17,707 [DEBUG] MainThread: findfont: score(FontEntry(fname='C:\\Windows\\Fonts\\NotoSansLao-Regular.ttf', name='Noto Sans Lao', style='normal', variant='normal', weight=400, stretch='normal', size='scalable')) = 10.05
2026-08-01 18:56:17,707 [DEBUG] MainThread: findfont: score(FontEntry(fname='C:\\Windows\\Fonts\\msjhl.ttc', name='Microsoft JhengHei', style='normal', variant='normal', weight=290, stretch='normal', size='scalable')) = 10.1545
2026-08-01 18:56:17,707 [DEBUG] MainThread: findfont: score(FontEntry(fname='C:\\Windows\\Fonts\\DejaVuSansMono-Bold.ttf', name='DejaVu Sans Mono', style='normal', variant='normal', weight=700, stretch='normal', size='scalable')) = 10.335
2026-08-01 18:56:17,707 [DEBUG] MainThread: findfont: score(FontEntry(fname='C:\\Windows\\Fonts\\couri.ttf', name='Courier New', style='italic', variant='normal', weight=400, stretch='normal', size='scalable')) = 11.05
2026-08-01 18:56:17,707 [DEBUG] MainThread: findfont: score(FontEntry(fname='C:\\Windows\\Fonts\\DejaVuSansCondensed.ttf', name='DejaVu Sans', style='normal', variant='normal', weight=400, stretch='condensed', size='scalable')) = 0.25
2026-08-01 18:56:17,707 [DEBUG] MainThread: findfont: score(FontEntry(fname='C:\\Windows\\Fonts\\malgunbd.ttf', name='Malgun Gothic', style='normal', variant='normal', weight=700, stretch='normal', size='scalable')) = 10.335
2026-08-01 18:56:17,707 [DEBUG] MainThread: findfont: score(FontEntry(fname='C:\\Windows\\Fonts\\DejaVuSans-Bold.ttf', name='DejaVu Sans', style='normal', variant='normal', weight=700, stretch='normal', size='scalable')) = 0.33499999999999996
2026-08-01 18:56:17,707 [DEBUG] MainThread: findfont: score(FontEntry(fname='C:\\Windows\\Fonts\\calibrili.ttf', name='Calibri', style='italic', variant='normal', weight=300, stretch='normal', size='scalable')) = 11.145
2026-08-01 18:56:17,708 [DEBUG] MainThread: findfont: score(FontEntry(fname='C:\\Windows\\Fonts\\courbi.ttf', name='Courier New', style='italic', variant='normal', weight=700, stretch='normal', size='scalable')) = 11.335
2026-08-01 18:56:17,708 [DEBUG] MainThread: findfont: score(FontEntry(fname='C:\\Windows\\Fonts\\LatoWeb-Semibold.ttf', name='Lato', style='normal', variant='normal', weight=600, stretch='normal', size='scalable')) = 10.24
2026-08-01 18:56:17,708 [DEBUG] MainThread: findfont: score(FontEntry(fname='C:\\Windows\\Fonts\\SansSerifCollection.ttf', name='Sans Serif Collection', style='normal', variant='normal', weight=400, stretch='normal', size='scalable')) = 10.05
2026-08-01 18:56:17,708 [DEBUG] MainThread: findfont: score(FontEntry(fname='C:\\Windows\\Fonts\\NachlieliCLM-Bold.otf', name='Nachlieli CLM', style='normal', variant='normal', weight=600, stretch='normal', size='scalable')) = 10.24
2026-08-01 18:56:17,708 [DEBUG] MainThread: findfont: score(FontEntry(fname='C:\\Windows\\Fonts\\YuGothM.ttc', name='Yu Gothic', style='normal', variant='normal', weight=500, stretch='normal', size='scalable')) = 10.145
2026-08-01 18:56:17,708 [DEBUG] MainThread: findfont: score(FontEntry(fname='C:\\Windows\\Fonts\\corbelli.ttf', name='Corbel', style='italic', variant='normal', weight=300, stretch='normal', size='scalable')) = 11.145
2026-08-01 18:56:17,708 [DEBUG] MainThread: findfont: score(FontEntry(fname='C:\\Windows\\Fonts\\Nirmala.ttc', name='Nirmala UI', style='normal', variant='normal', weight=400, stretch='normal', size='scalable')) = 10.05
2026-08-01 18:56:17,708 [DEBUG] MainThread: findfont: score(FontEntry(fname='C:\\Windows\\Fonts\\calibrii.ttf', name='Calibri', style='italic', variant='normal', weight=400, stretch='normal', size='scalable')) = 11.05
2026-08-01 18:56:17,708 [DEBUG] MainThread: findfont: score(FontEntry(fname='C:\\Windows\\Fonts\\msjh.ttc', name='Microsoft JhengHei', style='normal', variant='normal', weight=400, stretch='normal', size='scalable')) = 10.05
2026-08-01 18:56:17,708 [DEBUG] MainThread: findfont: score(FontEntry(fname='C:\\Windows\\Fonts\\NotoKufiArabic-Regular.ttf', name='Noto Kufi Arabic', style='normal', variant='normal', weight=400, stretch='normal', size='scalable')) = 10.05
2026-08-01 18:56:17,708 [DEBUG] MainThread: findfont: score(FontEntry(fname='C:\\Windows\\Fonts\\msyhl.ttc', name='Microsoft YaHei', style='normal', variant='normal', weight=290, stretch='normal', size='scalable')) = 10.1545
2026-08-01 18:56:17,708 [DEBUG] MainThread: findfont: score(FontEntry(fname='C:\\Windows\\Fonts\\DejaVuSansCondensed-Bold.ttf', name='DejaVu Sans', style='normal', variant='normal', weight=700, stretch='condensed', size='scalable')) = 0.5349999999999999
2026-08-01 18:56:17,708 [DEBUG] MainThread: findfont: score(FontEntry(fname='C:\\Windows\\Fonts\\segoepr.ttf', name='Segoe Print', style='normal', variant='normal', weight=400, stretch='normal', size='scalable')) = 10.05
2026-08-01 18:56:17,708 [DEBUG] MainThread: findfont: score(FontEntry(fname='C:\\Windows\\Fonts\\georgiab.ttf', name='Georgia', style='normal', variant='normal', weight=700, stretch='normal', size='scalable')) = 10.335
2026-08-01 18:56:17,708 [DEBUG] MainThread: findfont: score(FontEntry(fname='C:\\Windows\\Fonts\\ntailu.ttf', name='Microsoft New Tai Lue', style='normal', variant='normal', weight=400, stretch='normal', size='scalable')) = 10.05
2026-08-01 18:56:17,708 [DEBUG] MainThread: findfont: score(FontEntry(fname='C:\\Windows\\Fonts\\LiberationMono-Regular.ttf', name='Liberation Mono', style='normal', variant='normal', weight=400, stretch='normal', size='scalable')) = 10.05
2026-08-01 18:56:17,708 [DEBUG] MainThread: findfont: score(FontEntry(fname='C:\\Windows\\Fonts\\consolaz.ttf', name='Consolas', style='italic', variant='normal', weight=700, stretch='normal', size='scalable')) = 11.335
2026-08-01 18:56:17,708 [DEBUG] MainThread: findfont: score(FontEntry(fname='C:\\Windows\\Fonts\\Rubik-Bold.ttf', name='Rubik', style='normal', variant='normal', weight=700, stretch='normal', size='scalable')) = 10.335
2026-08-01 18:56:17,709 [DEBUG] MainThread: findfont: score(FontEntry(fname='C:\\Windows\\Fonts\\corbelb.ttf', name='Corbel', style='normal', variant='normal', weight=700, stretch='normal', size='scalable')) = 10.335
2026-08-01 18:56:17,709 [DEBUG] MainThread: findfont: score(FontEntry(fname='C:\\Windows\\Fonts\\NotoSans-BoldItalic.ttf', name='Noto Sans', style='italic', variant='normal', weight=700, stretch='normal', size='scalable')) = 11.335
2026-08-01 18:56:17,709 [DEBUG] MainThread: findfont: score(FontEntry(fname='C:\\Windows\\Fonts\\courbd.ttf', name='Courier New', style='normal', variant='normal', weight=700, stretch='normal', size='scalable')) = 10.335
2026-08-01 18:56:17,709 [DEBUG] MainThread: findfont: score(FontEntry(fname='C:\\Windows\\Fonts\\Rubik-Regular.ttf', name='Rubik', style='normal', variant='normal', weight=400, stretch='normal', size='scalable')) = 10.05
2026-08-01 18:56:17,709 [DEBUG] MainThread: findfont: score(FontEntry(fname='C:\\Windows\\Fonts\\malgunsl.ttf', name='Malgun Gothic', style='normal', variant='normal', weight=300, stretch='normal', size='scalable')) = 10.145
2026-08-01 18:56:17,709 [DEBUG] MainThread: findfont: score(FontEntry(fname='C:\\Windows\\Fonts\\NotoSerif-Italic.ttf', name='Noto Serif', style='italic', variant='normal', weight=400, stretch='normal', size='scalable')) = 11.05
2026-08-01 18:56:17,709 [DEBUG] MainThread: findfont: score(FontEntry(fname='C:\\Windows\\Fonts\\verdanab.ttf', name='Verdana', style='normal', variant='normal', weight=700, stretch='normal', size='scalable')) = 3.9713636363636367
2026-08-01 18:56:17,709 [DEBUG] MainThread: findfont: score(FontEntry(fname='C:\\Windows\\Fonts\\msgothic.ttc', name='MS Gothic', style='normal', variant='normal', weight=400, stretch='normal', size='scalable')) = 10.05
2026-08-01 18:56:17,709 [DEBUG] MainThread: findfont: score(FontEntry(fname='C:\\Windows\\Fonts\\seguiemj.ttf', name='Segoe UI Emoji', style='normal', variant='normal', weight=400, stretch='normal', size='scalable')) = 10.05
2026-08-01 18:56:17,709 [DEBUG] MainThread: findfont: score(FontEntry(fname='C:\\Windows\\Fonts\\DejaVuMathTeXGyre.ttf', name='DejaVu Math TeX Gyre', style='normal', variant='normal', weight=400, stretch='normal', size='scalable')) = 10.05
2026-08-01 18:56:17,709 [DEBUG] MainThread: findfont: score(FontEntry(fname='C:\\Windows\\Fonts\\LiberationSansNarrow-BoldItalic.ttf', name='Liberation Sans Narrow', style='italic', variant='normal', weight=700, stretch='condensed', size='scalable')) = 11.535
2026-08-01 18:56:17,709 [DEBUG] MainThread: findfont: score(FontEntry(fname='C:\\Windows\\Fonts\\GenBkBasBI.ttf', name='Gentium Book Basic', style='italic', variant='normal', weight=700, stretch='normal', size='scalable')) = 11.335
2026-08-01 18:56:17,709 [DEBUG] MainThread: findfont: score(FontEntry(fname='C:\\Windows\\Fonts\\comic.ttf', name='Comic Sans MS', style='normal', variant='normal', weight=400, stretch='normal', size='scalable')) = 10.05
2026-08-01 18:56:17,709 [DEBUG] MainThread: findfont: score(FontEntry(fname='C:\\Windows\\Fonts\\corbell.ttf', name='Corbel', style='normal', variant='normal', weight=300, stretch='normal', size='scalable')) = 10.145
2026-08-01 18:56:17,709 [DEBUG] MainThread: findfont: score(FontEntry(fname='C:\\Windows\\Fonts\\Scheherazade-Bold.ttf', name='Scheherazade', style='normal', variant='normal', weight=700, stretch='normal', size='scalable')) = 10.335
2026-08-01 18:56:17,709 [DEBUG] MainThread: findfont: score(FontEntry(fname='C:\\Windows\\Fonts\\DejaVuSansCondensed-BoldOblique.ttf', name='DejaVu Sans', style='oblique', variant='normal', weight=700, stretch='condensed', size='scalable')) = 1.535
2026-08-01 18:56:17,709 [DEBUG] MainThread: findfont: score(FontEntry(fname='C:\\Windows\\Fonts\\DavidCLM-Medium.otf', name='David CLM', style='normal', variant='normal', weight=500, stretch='normal', size='scalable')) = 10.145
2026-08-01 18:56:17,710 [DEBUG] MainThread: findfont: score(FontEntry(fname='C:\\Windows\\Fonts\\NotoSansLisu-Bold.ttf', name='Noto Sans Lisu', style='normal', variant='normal', weight=700, stretch='normal', size='scalable')) = 10.335
2026-08-01 18:56:17,710 [DEBUG] MainThread: findfont: score(FontEntry(fname='C:\\Windows\\Fonts\\DavidLibre-Regular.ttf', name='David Libre', style='normal', variant='normal', weight=400, stretch='normal', size='scalable')) = 10.05
2026-08-01 18:56:17,710 [DEBUG] MainThread: findfont: score(FontEntry(fname='C:\\Windows\\Fonts\\constanb.ttf', name='Constantia', style='normal', variant='normal', weight=700, stretch='normal', size='scalable')) = 10.335
2026-08-01 18:56:17,710 [DEBUG] MainThread: findfont: score(FontEntry(fname='C:\\Windows\\Fonts\\NotoSerifArmenian-Regular.ttf', name='Noto Serif Armenian', style='normal', variant='normal', weight=400, stretch='normal', size='scalable')) = 10.05
2026-08-01 18:56:17,710 [DEBUG] MainThread: findfont: score(FontEntry(fname='C:\\Windows\\Fonts\\timesi.ttf', name='Times New Roman', style='italic', variant='normal', weight=400, stretch='normal', size='scalable')) = 11.05
2026-08-01 18:56:17,710 [DEBUG] MainThread: findfont: score(FontEntry(fname='C:\\Windows\\Fonts\\comicz.ttf', name='Comic Sans MS', style='italic', variant='normal', weight=700, stretch='normal', size='scalable')) = 11.335
2026-08-01 18:56:17,710 [DEBUG] MainThread: findfont: score(FontEntry(fname='C:\\Windows\\Fonts\\SitkaVF-Italic.ttf', name='Sitka', style='italic', variant='normal', weight=400, stretch='normal', size='scalable')) = 11.05
2026-08-01 18:56:17,710 [DEBUG] MainThread: findfont: score(FontEntry(fname='C:\\Windows\\Fonts\\NotoSansHebrew-Regular.ttf', name='Noto Sans Hebrew', style='normal', variant='normal', weight=400, stretch='normal', size='scalable')) = 10.05
2026-08-01 18:56:17,710 [DEBUG] MainThread: findfont: score(FontEntry(fname='C:\\Windows\\Fonts\\NachlieliCLM-Light.otf', name='Nachlieli CLM', style='normal', variant='normal', weight=300, stretch='normal', size='scalable')) = 10.145
2026-08-01 18:56:17,710 [DEBUG] MainThread: findfont: score(FontEntry(fname='C:\\Windows\\Fonts\\NotoKufiArabic-Bold.ttf', name='Noto Kufi Arabic', style='normal', variant='normal', weight=700, stretch='normal', size='scalable')) = 10.335
2026-08-01 18:56:17,710 [DEBUG] MainThread: findfont: score(FontEntry(fname='C:\\Windows\\Fonts\\msyhbd.ttc', name='Microsoft YaHei', style='normal', variant='normal', weight=700, stretch='normal', size='scalable')) = 10.335
2026-08-01 18:56:17,710 [DEBUG] MainThread: findfont: score(FontEntry(fname='C:\\Windows\\Fonts\\comici.ttf', name='Comic Sans MS', style='italic', variant='normal', weight=400, stretch='normal', size='scalable')) = 11.05
2026-08-01 18:56:17,710 [DEBUG] MainThread: findfont: score(FontEntry(fname='C:\\Windows\\Fonts\\Amiri-Bold.ttf', name='Amiri', style='normal', variant='normal', weight=700, stretch='normal', size='scalable')) = 10.335
2026-08-01 18:56:17,710 [DEBUG] MainThread: findfont: score(FontEntry(fname='C:\\Windows\\Fonts\\MiriamMonoCLM-BookOblique.ttf', name='Miriam Mono CLM', style='oblique', variant='normal', weight=400, stretch='normal', size='scalable')) = 11.05
2026-08-01 18:56:17,710 [DEBUG] MainThread: findfont: score(FontEntry(fname='C:\\Windows\\Fonts\\MiriamCLM-Book.otf', name='Miriam CLM', style='normal', variant='normal', weight=400, stretch='normal', size='scalable')) = 10.05
2026-08-01 18:56:17,710 [DEBUG] MainThread: findfont: score(FontEntry(fname='C:\\Windows\\Fonts\\Alef-Regular.ttf', name='Alef', style='normal', variant='normal', weight=400, stretch='normal', size='scalable')) = 10.05
2026-08-01 18:56:17,710 [DEBUG] MainThread: findfont: score(FontEntry(fname='C:\\Windows\\Fonts\\MiriamMonoCLM-Bold.ttf', name='Miriam Mono CLM', style='normal', variant='normal', weight=700, stretch='normal', size='scalable')) = 10.335
2026-08-01 18:56:17,710 [DEBUG] MainThread: findfont: score(FontEntry(fname='C:\\Windows\\Fonts\\impact.ttf', name='Impact', style='normal', variant='normal', weight=400, stretch='normal', size='scalable')) = 10.05
2026-08-01 18:56:17,710 [DEBUG] MainThread: findfont: score(FontEntry(fname='C:\\Windows\\Fonts\\trebucbd.ttf', name='Trebuchet MS', style='normal', variant='normal', weight=700, stretch='normal', size='scalable')) = 10.335
2026-08-01 18:56:17,711 [DEBUG] MainThread: findfont: score(FontEntry(fname='C:\\Windows\\Fonts\\MiriamLibre-Bold.otf', name='Miriam Libre', style='normal', variant='normal', weight=700, stretch='normal', size='scalable')) = 10.335
2026-08-01 18:56:17,711 [DEBUG] MainThread: findfont: score(FontEntry(fname='C:\\Windows\\Fonts\\NotoSerifArmenian-Bold.ttf', name='Noto Serif Armenian', style='normal', variant='normal', weight=700, stretch='normal', size='scalable')) = 10.335
2026-08-01 18:56:17,711 [DEBUG] MainThread: findfont: score(FontEntry(fname='C:\\Windows\\Fonts\\LiberationSerif-BoldItalic.ttf', name='Liberation Serif', style='italic', variant='normal', weight=700, stretch='normal', size='scalable')) = 11.335
2026-08-01 18:56:17,711 [DEBUG] MainThread: findfont: score(FontEntry(fname='C:\\Windows\\Fonts\\trebucit.ttf', name='Trebuchet MS', style='italic', variant='normal', weight=400, stretch='normal', size='scalable')) = 11.05
2026-08-01 18:56:17,711 [DEBUG] MainThread: findfont: score(FontEntry(fname='C:\\Windows\\Fonts\\DavidCLM-Bold.otf', name='David CLM', style='normal', variant='normal', weight=700, stretch='normal', size='scalable')) = 10.335
2026-08-01 18:56:17,711 [DEBUG] MainThread: findfont: score(FontEntry(fname='C:\\Windows\\Fonts\\javatext.ttf', name='Javanese Text', style='normal', variant='normal', weight=400, stretch='normal', size='scalable')) = 10.05
2026-08-01 18:56:17,711 [DEBUG] MainThread: findfont: score(FontEntry(fname='C:\\Windows\\Fonts\\YuGothR.ttc', name='Yu Gothic', style='normal', variant='normal', weight=400, stretch='normal', size='scalable')) = 10.05
2026-08-01 18:56:17,711 [DEBUG] MainThread: findfont: score(FontEntry(fname='C:\\Windows\\Fonts\\FrankRuehlCLM-MediumOblique.otf', name='Frank Ruehl CLM', style='oblique', variant='normal', weight=500, stretch='normal', size='scalable')) = 11.145
2026-08-01 18:56:17,711 [DEBUG] MainThread: findfont: score(FontEntry(fname='C:\\Windows\\Fonts\\LatoWeb-BoldItalic.ttf', name='Lato', style='italic', variant='normal', weight=700, stretch='normal', size='scalable')) = 11.335
2026-08-01 18:56:17,711 [DEBUG] MainThread: findfont: score(FontEntry(fname='C:\\Windows\\Fonts\\lucon.ttf', name='Lucida Console', style='normal', variant='normal', weight=400, stretch='normal', size='scalable')) = 10.05
2026-08-01 18:56:17,711 [DEBUG] MainThread: findfont: score(FontEntry(fname='C:\\Windows\\Fonts\\LatoWeb-Italic.ttf', name='Lato', style='italic', variant='normal', weight=400, stretch='normal', size='scalable')) = 11.05
2026-08-01 18:56:17,711 [DEBUG] MainThread: findfont: score(FontEntry(fname='C:\\Windows\\Fonts\\LinBiolinum_R_G.ttf', name='Linux Biolinum G', style='normal', variant='normal', weight=400, stretch='normal', size='scalable')) = 10.05
2026-08-01 18:56:17,711 [DEBUG] MainThread: findfont: score(FontEntry(fname='C:\\Windows\\Fonts\\Caladea-BoldItalic.ttf', name='Caladea', style='italic', variant='normal', weight=700, stretch='normal', size='scalable')) = 11.335
2026-08-01 18:56:17,711 [DEBUG] MainThread: findfont: score(FontEntry(fname='C:\\Windows\\Fonts\\msjhbd.ttc', name='Microsoft JhengHei', style='normal', variant='normal', weight=700, stretch='normal', size='scalable')) = 10.335
2026-08-01 18:56:17,711 [DEBUG] MainThread: findfont: score(FontEntry(fname='C:\\Windows\\Fonts\\consolab.ttf', name='Consolas', style='normal', variant='normal', weight=700, stretch='normal', size='scalable')) = 10.335
2026-08-01 18:56:17,711 [DEBUG] MainThread: findfont: score(FontEntry(fname='C:\\Windows\\Fonts\\LiberationMono-BoldItalic.ttf', name='Liberation Mono', style='italic', variant='normal', weight=700, stretch='normal', size='scalable')) = 11.335
2026-08-01 18:56:17,711 [DEBUG] MainThread: findfont: score(FontEntry(fname='C:\\Windows\\Fonts\\constani.ttf', name='Constantia', style='italic', variant='normal', weight=400, stretch='normal', size='scalable')) = 11.05
2026-08-01 18:56:17,711 [DEBUG] MainThread: findfont: score(FontEntry(fname='C:\\Windows\\Fonts\\LiberationSans-Italic.ttf', name='Liberation Sans', style='italic', variant='normal', weight=400, stretch='normal', size='scalable')) = 11.05
2026-08-01 18:56:17,711 [DEBUG] MainThread: findfont: score(FontEntry(fname='C:\\Windows\\Fonts\\YuGothL.ttc', name='Yu Gothic', style='normal', variant='normal', weight=300, stretch='normal', size='scalable')) = 10.145
2026-08-01 18:56:17,711 [DEBUG] MainThread: findfont: score(FontEntry(fname='C:\\Windows\\Fonts\\pala.ttf', name='Palatino Linotype', style='normal', variant='normal', weight=400, stretch='normal', size='scalable')) = 10.05
2026-08-01 18:56:17,712 [DEBUG] MainThread: findfont: score(FontEntry(fname='C:\\Windows\\Fonts\\NotoSerifHebrew-Bold.ttf', name='Noto Serif Hebrew', style='normal', variant='normal', weight=700, stretch='normal', size='scalable')) = 10.335
2026-08-01 18:56:17,712 [DEBUG] MainThread: findfont: score(FontEntry(fname='C:\\Windows\\Fonts\\Amiri-BoldItalic.ttf', name='Amiri', style='italic', variant='normal', weight=700, stretch='normal', size='scalable')) = 11.335
2026-08-01 18:56:17,712 [DEBUG] MainThread: findfont: score(FontEntry(fname='C:\\Windows\\Fonts\\arial.ttf', name='Arial', style='normal', variant='normal', weight=400, stretch='normal', size='scalable')) = 6.413636363636363
2026-08-01 18:56:17,712 [DEBUG] MainThread: findfont: score(FontEntry(fname='C:\\Windows\\Fonts\\palabi.ttf', name='Palatino Linotype', style='italic', variant='normal', weight=700, stretch='normal', size='scalable')) = 11.335
2026-08-01 18:56:17,712 [DEBUG] MainThread: findfont: score(FontEntry(fname='C:\\Windows\\Fonts\\palab.ttf', name='Palatino Linotype', style='normal', variant='normal', weight=700, stretch='normal', size='scalable')) = 10.335
2026-08-01 18:56:17,712 [DEBUG] MainThread: findfont: score(FontEntry(fname='C:\\Windows\\Fonts\\tahomabd.ttf', name='Tahoma', style='normal', variant='normal', weight=700, stretch='normal', size='scalable')) = 10.335
2026-08-01 18:56:17,712 [DEBUG] MainThread: findfont: score(FontEntry(fname='C:\\Windows\\Fonts\\DejaVuSansMono-BoldOblique.ttf', name='DejaVu Sans Mono', style='oblique', variant='normal', weight=700, stretch='normal', size='scalable')) = 11.335
2026-08-01 18:56:17,712 [DEBUG] MainThread: findfont: score(FontEntry(fname='C:\\Windows\\Fonts\\Candarali.ttf', name='Candara', style='italic', variant='normal', weight=400, stretch='normal', size='scalable')) = 11.05
2026-08-01 18:56:17,712 [DEBUG] MainThread: findfont: score(FontEntry(fname='C:\\Windows\\Fonts\\LatoWeb-LightItalic.ttf', name='Lato', style='italic', variant='normal', weight=300, stretch='normal', size='scalable')) = 11.145
2026-08-01 18:56:17,712 [DEBUG] MainThread: findfont: score(FontEntry(fname='C:\\Windows\\Fonts\\Candara.ttf', name='Candara', style='normal', variant='normal', weight=400, stretch='normal', size='scalable')) = 10.05
2026-08-01 18:56:17,712 [DEBUG] MainThread: findfont: score(FontEntry(fname='C:\\Windows\\Fonts\\NotoSansArabic-Regular.ttf', name='Noto Sans Arabic', style='normal', variant='normal', weight=400, stretch='normal', size='scalable')) = 10.05
2026-08-01 18:56:17,712 [DEBUG] MainThread: findfont: score(FontEntry(fname='C:\\Windows\\Fonts\\DejaVuSans.ttf', name='DejaVu Sans', style='normal', variant='normal', weight=400, stretch='normal', size='scalable')) = 0.05
2026-08-01 18:56:17,712 [DEBUG] MainThread: findfont: score(FontEntry(fname='C:\\Windows\\Fonts\\GenBasR.ttf', name='Gentium Basic', style='normal', variant='normal', weight=400, stretch='normal', size='scalable')) = 10.05
2026-08-01 18:56:17,712 [DEBUG] MainThread: findfont: score(FontEntry(fname='C:\\Windows\\Fonts\\tahoma.ttf', name='Tahoma', style='normal', variant='normal', weight=400, stretch='normal', size='scalable')) = 10.05
2026-08-01 18:56:17,712 [DEBUG] MainThread: findfont: score(FontEntry(fname='C:\\Windows\\Fonts\\SimsunExtG.ttf', name='SimSun-ExtG', style='normal', variant='normal', weight=400, stretch='normal', size='scalable')) = 10.05
2026-08-01 18:56:17,712 [DEBUG] MainThread: findfont: score(FontEntry(fname='C:\\Windows\\Fonts\\segoesc.ttf', name='Segoe Script', style='normal', variant='normal', weight=400, stretch='normal', size='scalable')) = 10.05
2026-08-01 18:56:17,713 [DEBUG] MainThread: findfont: score(FontEntry(fname='C:\\Windows\\Fonts\\segoeuiz.ttf', name='Segoe UI', style='italic', variant='normal', weight=700, stretch='normal', size='scalable')) = 11.335
2026-08-01 18:56:17,713 [DEBUG] MainThread: findfont: score(FontEntry(fname='C:\\Windows\\Fonts\\DejaVuSans-BoldOblique.ttf', name='DejaVu Sans', style='oblique', variant='normal', weight=700, stretch='normal', size='scalable')) = 1.335
2026-08-01 18:56:17,713 [DEBUG] MainThread: findfont: score(FontEntry(fname='C:\\Windows\\Fonts\\phagspa.ttf', name='Microsoft PhagsPa', style='normal', variant='normal', weight=400, stretch='normal', size='scalable')) = 10.05
2026-08-01 18:56:17,713 [DEBUG] MainThread: findfont: score(FontEntry(fname='C:\\Windows\\Fonts\\himalaya.ttf', name='Microsoft Himalaya', style='normal', variant='normal', weight=400, stretch='normal', size='scalable')) = 10.05
2026-08-01 18:56:17,713 [DEBUG] MainThread: findfont: score(FontEntry(fname='C:\\Windows\\Fonts\\GenBasI.ttf', name='Gentium Basic', style='italic', variant='normal', weight=400, stretch='normal', size='scalable')) = 11.05
2026-08-01 18:56:17,713 [DEBUG] MainThread: findfont: score(FontEntry(fname='C:\\Windows\\Fonts\\LinLibertine_DR_G.ttf', name='Linux Libertine Display G', style='normal', variant='normal', weight=400, stretch='normal', size='scalable')) = 10.05
2026-08-01 18:56:17,713 [DEBUG] MainThread: findfont: score(FontEntry(fname='C:\\Windows\\Fonts\\l_10646.ttf', name='Lucida Sans Unicode', style='normal', variant='normal', weight=400, stretch='normal', size='scalable')) = 10.05
2026-08-01 18:56:17,713 [DEBUG] MainThread: findfont: score(FontEntry(fname='C:\\Windows\\Fonts\\msyh.ttc', name='Microsoft YaHei', style='normal', variant='normal', weight=400, stretch='normal', size='scalable')) = 10.05
2026-08-01 18:56:17,713 [DEBUG] MainThread: findfont: score(FontEntry(fname='C:\\Windows\\Fonts\\mmrtext.ttf', name='Myanmar Text', style='normal', variant='normal', weight=400, stretch='normal', size='scalable')) = 10.05
2026-08-01 18:56:17,713 [DEBUG] MainThread: findfont: score(FontEntry(fname='C:\\Windows\\Fonts\\LinLibertine_RB_G.ttf', name='Linux Libertine G', style='normal', variant='normal', weight=700, stretch='normal', size='scalable')) = 10.335
2026-08-01 18:56:17,713 [DEBUG] MainThread: findfont: score(FontEntry(fname='C:\\Windows\\Fonts\\FrankRuehlCLM-Medium.otf', name='Frank Ruehl CLM', style='normal', variant='normal', weight=500, stretch='normal', size='scalable')) = 10.145
2026-08-01 18:56:17,713 [DEBUG] MainThread: findfont: score(FontEntry(fname='C:\\Windows\\Fonts\\DejaVuSerifCondensed-Bold.ttf', name='DejaVu Serif', style='normal', variant='normal', weight=700, stretch='condensed', size='scalable')) = 10.535
2026-08-01 18:56:17,713 [DEBUG] MainThread: findfont: score(FontEntry(fname='C:\\Windows\\Fonts\\LinLibertine_RZ_G.ttf', name='Linux Libertine G', style='normal', variant='normal', weight=600, stretch='normal', size='scalable')) = 10.24
2026-08-01 18:56:17,714 [DEBUG] MainThread: findfont: score(FontEntry(fname='C:\\Windows\\Fonts\\Caladea-Bold.ttf', name='Caladea', style='normal', variant='normal', weight=700, stretch='normal', size='scalable')) = 10.335
2026-08-01 18:56:17,714 [DEBUG] MainThread: findfont: score(FontEntry(fname='C:\\Windows\\Fonts\\ebrimabd.ttf', name='Ebrima', style='normal', variant='normal', weight=700, stretch='normal', size='scalable')) = 10.335
2026-08-01 18:56:17,714 [DEBUG] MainThread: findfont: score(FontEntry(fname='C:\\Windows\\Fonts\\LiberationMono-Bold.ttf', name='Liberation Mono', style='normal', variant='normal', weight=700, stretch='normal', size='scalable')) = 10.335
2026-08-01 18:56:17,714 [DEBUG] MainThread: findfont: score(FontEntry(fname='C:\\Windows\\Fonts\\GenBasBI.ttf', name='Gentium Basic', style='italic', variant='normal', weight=700, stretch='normal', size='scalable')) = 11.335
2026-08-01 18:56:17,714 [DEBUG] MainThread: findfont: score(FontEntry(fname='C:\\Windows\\Fonts\\LatoWeb-Bold.ttf', name='Lato', style='normal', variant='normal', weight=700, stretch='normal', size='scalable')) = 10.335
2026-08-01 18:56:17,714 [DEBUG] MainThread: findfont: score(FontEntry(fname='C:\\Windows\\Fonts\\LiberationSansNarrow-Italic.ttf', name='Liberation Sans Narrow', style='italic', variant='normal', weight=400, stretch='condensed', size='scalable')) = 11.25
2026-08-01 18:56:17,714 [DEBUG] MainThread: findfont: score(FontEntry(fname='C:\\Windows\\Fonts\\NotoNaskhArabic-Bold.ttf', name='Noto Naskh Arabic', style='normal', variant='normal', weight=700, stretch='normal', size='scalable')) = 10.335
2026-08-01 18:56:17,714 [DEBUG] MainThread: findfont: score(FontEntry(fname='C:\\Windows\\Fonts\\LatoWeb-Light.ttf', name='Lato', style='normal', variant='normal', weight=300, stretch='normal', size='scalable')) = 10.145
2026-08-01 18:56:17,714 [DEBUG] MainThread: findfont: score(FontEntry(fname='C:\\Windows\\Fonts\\mvboli.ttf', name='MV Boli', style='normal', variant='normal', weight=400, stretch='normal', size='scalable')) = 10.05
2026-08-01 18:56:17,714 [DEBUG] MainThread: findfont: score(FontEntry(fname='C:\\Windows\\Fonts\\arialbd.ttf', name='Arial', style='normal', variant='normal', weight=700, stretch='normal', size='scalable')) = 6.698636363636363
2026-08-01 18:56:17,714 [DEBUG] MainThread: findfont: score(FontEntry(fname='C:\\Windows\\Fonts\\LiberationSans-BoldItalic.ttf', name='Liberation Sans', style='italic', variant='normal', weight=700, stretch='normal', size='scalable')) = 11.335
2026-08-01 18:56:17,714 [DEBUG] MainThread: findfont: score(FontEntry(fname='C:\\Windows\\Fonts\\DavidCLM-BoldItalic.otf', name='David CLM', style='italic', variant='normal', weight=700, stretch='normal', size='scalable')) = 11.335
2026-08-01 18:56:17,714 [DEBUG] MainThread: findfont: score(FontEntry(fname='C:\\Windows\\Fonts\\Scheherazade-Regular.ttf', name='Scheherazade', style='normal', variant='normal', weight=400, stretch='normal', size='scalable')) = 10.05
2026-08-01 18:56:17,714 [DEBUG] MainThread: findfont: score(FontEntry(fname='C:\\Windows\\Fonts\\ReemKufi.ttf', name='Reem Kufi', style='normal', variant='normal', weight=400, stretch='normal', size='scalable')) = 10.05
2026-08-01 18:56:17,715 [DEBUG] MainThread: findfont: score(FontEntry(fname='C:\\Windows\\Fonts\\ntailub.ttf', name='Microsoft New Tai Lue', style='normal', variant='normal', weight=700, stretch='normal', size='scalable')) = 10.335
2026-08-01 18:56:17,715 [DEBUG] MainThread: findfont: score(FontEntry(fname='C:\\Windows\\Fonts\\cour.ttf', name='Courier New', style='normal', variant='normal', weight=400, stretch='normal', size='scalable')) = 10.05
2026-08-01 18:56:17,715 [DEBUG] MainThread: findfont: score(FontEntry(fname='C:\\Windows\\Fonts\\Carlito-Regular.ttf', name='Carlito', style='normal', variant='normal', weight=400, stretch='normal', size='scalable')) = 10.05
2026-08-01 18:56:17,715 [DEBUG] MainThread: findfont: score(FontEntry(fname='C:\\Windows\\Fonts\\Candarab.ttf', name='Candara', style='normal', variant='normal', weight=700, stretch='normal', size='scalable')) = 10.335
2026-08-01 18:56:17,715 [DEBUG] MainThread: findfont: score(FontEntry(fname='C:\\Windows\\Fonts\\Amiri-Regular.ttf', name='Amiri', style='normal', variant='normal', weight=400, stretch='normal', size='scalable')) = 10.05
2026-08-01 18:56:17,715 [DEBUG] MainThread: findfont: score(FontEntry(fname='C:\\Windows\\Fonts\\verdanai.ttf', name='Verdana', style='italic', variant='normal', weight=400, stretch='normal', size='scalable')) = 4.6863636363636365
2026-08-01 18:56:17,715 [DEBUG] MainThread: findfont: score(FontEntry(fname='C:\\Windows\\Fonts\\GenBasB.ttf', name='Gentium Basic', style='normal', variant='normal', weight=700, stretch='normal', size='scalable')) = 10.335
2026-08-01 18:56:17,715 [DEBUG] MainThread: findfont: score(FontEntry(fname='C:\\Windows\\Fonts\\simsunb.ttf', name='SimSun-ExtB', style='normal', variant='normal', weight=400, stretch='normal', size='scalable')) = 10.05
2026-08-01 18:56:17,715 [DEBUG] MainThread: findfont: score(FontEntry(fname='C:\\Windows\\Fonts\\segoeuib.ttf', name='Segoe UI', style='normal', variant='normal', weight=700, stretch='normal', size='scalable')) = 10.335
2026-08-01 18:56:17,715 [DEBUG] MainThread: findfont: score(FontEntry(fname='C:\\Windows\\Fonts\\DejaVuSerif-BoldItalic.ttf', name='DejaVu Serif', style='italic', variant='normal', weight=700, stretch='normal', size='scalable')) = 11.335
2026-08-01 18:56:17,715 [DEBUG] MainThread: findfont: score(FontEntry(fname='C:\\Windows\\Fonts\\MiriamCLM-Bold.otf', name='Miriam CLM', style='normal', variant='normal', weight=700, stretch='normal', size='scalable')) = 10.335
2026-08-01 18:56:17,715 [DEBUG] MainThread: findfont: score(FontEntry(fname='C:\\Windows\\Fonts\\Alef-Bold.ttf', name='Alef', style='normal', variant='normal', weight=700, stretch='normal', size='scalable')) = 10.335
2026-08-01 18:56:17,715 [DEBUG] MainThread: findfont: score(FontEntry(fname='C:\\Windows\\Fonts\\Caladea-Italic.ttf', name='Caladea', style='italic', variant='normal', weight=400, stretch='normal', size='scalable')) = 11.05
2026-08-01 18:56:17,715 [DEBUG] MainThread: findfont: score(FontEntry(fname='C:\\Windows\\Fonts\\LeelUIsl.ttf', name='Leelawadee UI', style='normal', variant='normal', weight=350, stretch='normal', size='scalable')) = 10.0975
2026-08-01 18:56:17,715 [DEBUG] MainThread: findfont: score(FontEntry(fname='C:\\Windows\\Fonts\\seguibl.ttf', name='Segoe UI', style='normal', variant='normal', weight=900, stretch='normal', size='scalable')) = 10.525
2026-08-01 18:56:17,715 [DEBUG] MainThread: findfont: score(FontEntry(fname='C:\\Windows\\Fonts\\GenBkBasI.ttf', name='Gentium Book Basic', style='italic', variant='normal', weight=400, stretch='normal', size='scalable')) = 11.05
2026-08-01 18:56:17,715 [DEBUG] MainThread: findfont: score(FontEntry(fname='C:\\Windows\\Fonts\\LiberationSansNarrow-Regular.ttf', name='Liberation Sans Narrow', style='normal', variant='normal', weight=400, stretch='condensed', size='scalable')) = 10.25
2026-08-01 18:56:17,715 [DEBUG] MainThread: findfont: score(FontEntry(fname='C:\\Windows\\Fonts\\Carlito-Bold.ttf', name='Carlito', style='normal', variant='normal', weight=700, stretch='normal', size='scalable')) = 10.335
2026-08-01 18:56:17,716 [DEBUG] MainThread: findfont: score(FontEntry(fname='C:\\Windows\\Fonts\\malgun.ttf', name='Malgun Gothic', style='normal', variant='normal', weight=400, stretch='normal', size='scalable')) = 10.05
2026-08-01 18:56:17,716 [DEBUG] MainThread: findfont: score(FontEntry(fname='C:\\Windows\\Fonts\\segoeuil.ttf', name='Segoe UI', style='normal', variant='normal', weight=300, stretch='normal', size='scalable')) = 10.145
2026-08-01 18:56:17,716 [DEBUG] MainThread: findfont: score(FontEntry(fname='C:\\Windows\\Fonts\\calibril.ttf', name='Calibri', style='normal', variant='normal', weight=300, stretch='normal', size='scalable')) = 10.145
2026-08-01 18:56:17,716 [DEBUG] MainThread: findfont: score(FontEntry(fname='C:\\Windows\\Fonts\\corbelz.ttf', name='Corbel', style='italic', variant='normal', weight=700, stretch='normal', size='scalable')) = 11.335
2026-08-01 18:56:17,716 [DEBUG] MainThread: findfont: score(FontEntry(fname='C:\\Windows\\Fonts\\Inkfree.ttf', name='Ink Free', style='normal', variant='normal', weight=400, stretch='normal', size='scalable')) = 10.05
2026-08-01 18:56:17,716 [DEBUG] MainThread: findfont: score(FontEntry(fname='C:\\Windows\\Fonts\\NotoSans-Regular.ttf', name='Noto Sans', style='normal', variant='normal', weight=400, stretch='normal', size='scalable')) = 10.05
2026-08-01 18:56:17,716 [DEBUG] MainThread: findfont: score(FontEntry(fname='C:\\Windows\\Fonts\\sylfaen.ttf', name='Sylfaen', style='normal', variant='normal', weight=400, stretch='normal', size='scalable')) = 10.05
2026-08-01 18:56:17,716 [DEBUG] MainThread: findfont: score(FontEntry(fname='C:\\Windows\\Fonts\\calibri.ttf', name='Calibri', style='normal', variant='normal', weight=400, stretch='normal', size='scalable')) = 10.05
2026-08-01 18:56:17,716 [DEBUG] MainThread: findfont: score(FontEntry(fname='C:\\Windows\\Fonts\\MiriamMonoCLM-Book.ttf', name='Miriam Mono CLM', style='normal', variant='normal', weight=400, stretch='normal', size='scalable')) = 10.05
2026-08-01 18:56:17,716 [DEBUG] MainThread: findfont: score(FontEntry(fname='C:\\Windows\\Fonts\\DavidCLM-MediumItalic.otf', name='David CLM', style='italic', variant='normal', weight=500, stretch='normal', size='scalable')) = 11.145
2026-08-01 18:56:17,716 [DEBUG] MainThread: findfont: score(FontEntry(fname='C:\\Windows\\Fonts\\NotoSerifLao-Regular.ttf', name='Noto Serif Lao', style='normal', variant='normal', weight=400, stretch='normal', size='scalable')) = 10.05
2026-08-01 18:56:17,716 [DEBUG] MainThread: findfont: score(FontEntry(fname='C:\\Windows\\Fonts\\calibriz.ttf', name='Calibri', style='italic', variant='normal', weight=700, stretch='normal', size='scalable')) = 11.335
2026-08-01 18:56:17,716 [DEBUG] MainThread: findfont: score(FontEntry(fname='C:\\Windows\\Fonts\\msyi.ttf', name='Microsoft Yi Baiti', style='normal', variant='normal', weight=400, stretch='normal', size='scalable')) = 10.05
2026-08-01 18:56:17,716 [DEBUG] MainThread: findfont: score(FontEntry(fname='C:\\Windows\\Fonts\\constanz.ttf', name='Constantia', style='italic', variant='normal', weight=700, stretch='normal', size='scalable')) = 11.335
2026-08-01 18:56:17,716 [DEBUG] MainThread: findfont: score(FontEntry(fname='C:\\Windows\\Fonts\\seguisym.ttf', name='Segoe UI Symbol', style='normal', variant='normal', weight=400, stretch='normal', size='scalable')) = 10.05
2026-08-01 18:56:17,716 [DEBUG] MainThread: findfont: score(FontEntry(fname='C:\\Windows\\Fonts\\NachlieliCLM-LightOblique.otf', name='Nachlieli CLM', style='oblique', variant='normal', weight=300, stretch='normal', size='scalable')) = 11.145
2026-08-01 18:56:17,716 [DEBUG] MainThread: findfont: score(FontEntry(fname='C:\\Windows\\Fonts\\ariblk.ttf', name='Arial', style='normal', variant='normal', weight=900, stretch='normal', size='scalable')) = 6.888636363636364
2026-08-01 18:56:17,716 [DEBUG] MainThread: findfont: score(FontEntry(fname='C:\\Windows\\Fonts\\MiriamLibre-Regular.otf', name='Miriam Libre', style='normal', variant='normal', weight=400, stretch='normal', size='scalable')) = 10.05
2026-08-01 18:56:17,716 [DEBUG] MainThread: findfont: score(FontEntry(fname='C:\\Windows\\Fonts\\trebucbi.ttf', name='Trebuchet MS', style='italic', variant='normal', weight=700, stretch='normal', size='scalable')) = 11.335
2026-08-01 18:56:17,717 [DEBUG] MainThread: findfont: score(FontEntry(fname='C:\\Windows\\Fonts\\framdit.ttf', name='Franklin Gothic Medium', style='italic', variant='normal', weight=400, stretch='normal', size='scalable')) = 11.05
2026-08-01 18:56:17,717 [DEBUG] MainThread: findfont: score(FontEntry(fname='C:\\Windows\\Fonts\\DejaVuSerifCondensed.ttf', name='DejaVu Serif', style='normal', variant='normal', weight=400, stretch='condensed', size='scalable')) = 10.25
2026-08-01 18:56:17,717 [DEBUG] MainThread: findfont: score(FontEntry(fname='C:\\Windows\\Fonts\\YuGothB.ttc', name='Yu Gothic', style='normal', variant='normal', weight=700, stretch='normal', size='scalable')) = 10.335
2026-08-01 18:56:17,717 [DEBUG] MainThread: findfont: score(FontEntry(fname='C:\\Windows\\Fonts\\NotoSansHebrew-Bold.ttf', name='Noto Sans Hebrew', style='normal', variant='normal', weight=700, stretch='normal', size='scalable')) = 10.335
2026-08-01 18:56:17,717 [DEBUG] MainThread: findfont: score(FontEntry(fname='C:\\Windows\\Fonts\\seguisb.ttf', name='Segoe UI', style='normal', variant='normal', weight=600, stretch='normal', size='scalable')) = 10.24
2026-08-01 18:56:17,717 [DEBUG] MainThread: findfont: score(FontEntry(fname='C:\\Windows\\Fonts\\trebuc.ttf', name='Trebuchet MS', style='normal', variant='normal', weight=400, stretch='normal', size='scalable')) = 10.05
2026-08-01 18:56:17,717 [DEBUG] MainThread: findfont: score(FontEntry(fname='C:\\Windows\\Fonts\\consolai.ttf', name='Consolas', style='italic', variant='normal', weight=400, stretch='normal', size='scalable')) = 11.05
2026-08-01 18:56:17,717 [DEBUG] MainThread: findfont: score(FontEntry(fname='C:\\Windows\\Fonts\\DejaVuSerif.ttf', name='DejaVu Serif', style='normal', variant='normal', weight=400, stretch='normal', size='scalable')) = 10.05
2026-08-01 18:56:17,717 [DEBUG] MainThread: findfont: score(FontEntry(fname='C:\\Windows\\Fonts\\NotoSansArmenian-Regular.ttf', name='Noto Sans Armenian', style='normal', variant='normal', weight=400, stretch='normal', size='scalable')) = 10.05
2026-08-01 18:56:17,717 [DEBUG] MainThread: findfont: score(FontEntry(fname='C:\\Windows\\Fonts\\LiberationSansNarrow-Bold.ttf', name='Liberation Sans Narrow', style='normal', variant='normal', weight=700, stretch='condensed', size='scalable')) = 10.535
2026-08-01 18:56:17,717 [DEBUG] MainThread: findfont: score(FontEntry(fname='C:\\Windows\\Fonts\\gadugib.ttf', name='Gadugi', style='normal', variant='normal', weight=700, stretch='normal', size='scalable')) = 10.335
2026-08-01 18:56:17,717 [DEBUG] MainThread: findfont: score(FontEntry(fname='C:\\Windows\\Fonts\\symbol.ttf', name='Symbol', style='normal', variant='normal', weight=400, stretch='normal', size='scalable')) = 10.05
2026-08-01 18:56:17,717 [DEBUG] MainThread: findfont: score(FontEntry(fname='C:\\Windows\\Fonts\\Candarai.ttf', name='Candara', style='italic', variant='normal', weight=400, stretch='normal', size='scalable')) = 11.05
2026-08-01 18:56:17,717 [DEBUG] MainThread: findfont: score(FontEntry(fname='C:\\Windows\\Fonts\\bahnschrift.ttf', name='Bahnschrift', style='normal', variant='normal', weight=400, stretch='normal', size='scalable')) = 10.05
2026-08-01 18:56:17,717 [DEBUG] MainThread: findfont: score(FontEntry(fname='C:\\Windows\\Fonts\\comicbd.ttf', name='Comic Sans MS', style='normal', variant='normal', weight=700, stretch='normal', size='scalable')) = 10.335
2026-08-01 18:56:17,717 [DEBUG] MainThread: findfont: score(FontEntry(fname='C:\\Windows\\Fonts\\NotoSerifHebrew-Regular.ttf', name='Noto Serif Hebrew', style='normal', variant='normal', weight=400, stretch='normal', size='scalable')) = 10.05
2026-08-01 18:56:17,717 [DEBUG] MainThread: findfont: score(FontEntry(fname='C:\\Windows\\Fonts\\verdanaz.ttf', name='Verdana', style='italic', variant='normal', weight=700, stretch='normal', size='scalable')) = 4.971363636363637
2026-08-01 18:56:17,717 [DEBUG] MainThread: findfont: score(FontEntry(fname='C:\\Windows\\Fonts\\NotoSerif-Regular.ttf', name='Noto Serif', style='normal', variant='normal', weight=400, stretch='normal', size='scalable')) = 10.05
2026-08-01 18:56:17,718 [DEBUG] MainThread: findfont: score(FontEntry(fname='C:\\Windows\\Fonts\\LiberationSans-Regular.ttf', name='Liberation Sans', style='normal', variant='normal', weight=400, stretch='normal', size='scalable')) = 10.05
2026-08-01 18:56:17,718 [DEBUG] MainThread: findfont: score(FontEntry(fname='C:\\Windows\\Fonts\\Rubik-Italic.ttf', name='Rubik', style='italic', variant='normal', weight=400, stretch='normal', size='scalable')) = 11.05
2026-08-01 18:56:17,718 [DEBUG] MainThread: findfont: score(FontEntry(fname='C:\\Windows\\Fonts\\LatoWeb-SemiboldItalic.ttf', name='Lato', style='italic', variant='normal', weight=600, stretch='normal', size='scalable')) = 11.24
2026-08-01 18:56:17,718 [DEBUG] MainThread: findfont: score(FontEntry(fname='C:\\Windows\\Fonts\\NotoSerifGeorgian-Bold.ttf', name='Noto Serif Georgian', style='normal', variant='normal', weight=700, stretch='normal', size='scalable')) = 10.335
2026-08-01 18:56:17,718 [DEBUG] MainThread: findfont: score(FontEntry(fname='C:\\Windows\\Fonts\\segoeprb.ttf', name='Segoe Print', style='normal', variant='normal', weight=700, stretch='normal', size='scalable')) = 10.335
2026-08-01 18:56:17,718 [DEBUG] MainThread: findfont: score(FontEntry(fname='C:\\Windows\\Fonts\\LinBiolinum_RB_G.ttf', name='Linux Biolinum G', style='normal', variant='normal', weight=700, stretch='normal', size='scalable')) = 10.335
2026-08-01 18:56:17,718 [DEBUG] MainThread: findfont: score(FontEntry(fname='C:\\Windows\\Fonts\\SitkaVF.ttf', name='Sitka', style='normal', variant='normal', weight=400, stretch='normal', size='scalable')) = 10.05
2026-08-01 18:56:17,718 [DEBUG] MainThread: findfont: score(FontEntry(fname='C:\\Windows\\Fonts\\SegUIVar.ttf', name='Segoe UI Variable', style='normal', variant='normal', weight=400, stretch='normal', size='scalable')) = 10.05
2026-08-01 18:56:17,718 [DEBUG] MainThread: findfont: score(FontEntry(fname='C:\\Windows\\Fonts\\micross.ttf', name='Microsoft Sans Serif', style='normal', variant='normal', weight=400, stretch='normal', size='scalable')) = 10.05
2026-08-01 18:56:17,718 [DEBUG] MainThread: findfont: score(FontEntry(fname='C:\\Windows\\Fonts\\opens___.ttf', name='OpenSymbol', style='normal', variant='normal', weight=400, stretch='normal', size='scalable')) = 10.05
2026-08-01 18:56:17,718 [DEBUG] MainThread: findfont: score(FontEntry(fname='C:\\Windows\\Fonts\\monbaiti.ttf', name='Mongolian Baiti', style='normal', variant='normal', weight=400, stretch='normal', size='scalable')) = 10.05
2026-08-01 18:56:17,718 [DEBUG] MainThread: findfont: score(FontEntry(fname='C:\\Windows\\Fonts\\FrankRuehlCLM-Bold.otf', name='Frank Ruehl CLM', style='normal', variant='normal', weight=700, stretch='normal', size='scalable')) = 10.335
2026-08-01 18:56:17,718 [DEBUG] MainThread: findfont: score(FontEntry(fname='C:\\Windows\\Fonts\\NotoSerifGeorgian-Regular.ttf', name='Noto Serif Georgian', style='normal', variant='normal', weight=400, stretch='normal', size='scalable')) = 10.05
2026-08-01 18:56:17,718 [DEBUG] MainThread: findfont: score(FontEntry(fname='C:\\Windows\\Fonts\\NotoSerifLao-Bold.ttf', name='Noto Serif Lao', style='normal', variant='normal', weight=700, stretch='normal', size='scalable')) = 10.335
2026-08-01 18:56:17,718 [DEBUG] MainThread: findfont: score(FontEntry(fname='C:\\Windows\\Fonts\\taile.ttf', name='Microsoft Tai Le', style='normal', variant='normal', weight=400, stretch='normal', size='scalable')) = 10.05
2026-08-01 18:56:17,718 [DEBUG] MainThread: findfont: score(FontEntry(fname='C:\\Windows\\Fonts\\LinLibertine_RI_G.ttf', name='Linux Libertine G', style='italic', variant='normal', weight=400, stretch='normal', size='scalable')) = 11.05
2026-08-01 18:56:17,718 [DEBUG] MainThread: findfont: score(FontEntry(fname='C:\\Windows\\Fonts\\corbel.ttf', name='Corbel', style='normal', variant='normal', weight=400, stretch='normal', size='scalable')) = 10.05
2026-08-01 18:56:17,718 [DEBUG] MainThread: findfont: score(FontEntry(fname='C:\\Windows\\Fonts\\cambria.ttc', name='Cambria', style='normal', variant='normal', weight=400, stretch='normal', size='scalable')) = 10.05
2026-08-01 18:56:17,718 [DEBUG] MainThread: findfont: score(FontEntry(fname='C:\\Windows\\Fonts\\GenBkBasB.ttf', name='Gentium Book Basic', style='normal', variant='normal', weight=700, stretch='normal', size='scalable')) = 10.335
2026-08-01 18:56:17,718 [DEBUG] MainThread: findfont: score(FontEntry(fname='C:\\Windows\\Fonts\\cambriai.ttf', name='Cambria', style='italic', variant='normal', weight=400, stretch='normal', size='scalable')) = 11.05
2026-08-01 18:56:17,719 [DEBUG] MainThread: findfont: score(FontEntry(fname='C:\\Windows\\Fonts\\DejaVuSerifCondensed-BoldItalic.ttf', name='DejaVu Serif', style='italic', variant='normal', weight=700, stretch='condensed', size='scalable')) = 11.535
2026-08-01 18:56:17,719 [DEBUG] MainThread: findfont: score(FontEntry(fname='C:\\Windows\\Fonts\\ebrima.ttf', name='Ebrima', style='normal', variant='normal', weight=400, stretch='normal', size='scalable')) = 10.05
2026-08-01 18:56:17,719 [DEBUG] MainThread: findfont: score(FontEntry(fname='C:\\Windows\\Fonts\\LiberationSerif-Regular.ttf', name='Liberation Serif', style='normal', variant='normal', weight=400, stretch='normal', size='scalable')) = 10.05
2026-08-01 18:56:17,719 [DEBUG] MainThread: findfont: score(FontEntry(fname='C:\\Windows\\Fonts\\consola.ttf', name='Consolas', style='normal', variant='normal', weight=400, stretch='normal', size='scalable')) = 10.05
2026-08-01 18:56:17,719 [DEBUG] MainThread: findfont: score(FontEntry(fname='C:\\Windows\\Fonts\\segoeuii.ttf', name='Segoe UI', style='italic', variant='normal', weight=400, stretch='normal', size='scalable')) = 11.05
2026-08-01 18:56:17,719 [DEBUG] MainThread: findfont: score(FontEntry(fname='C:\\Windows\\Fonts\\DejaVuSerifCondensed-Italic.ttf', name='DejaVu Serif', style='italic', variant='normal', weight=400, stretch='condensed', size='scalable')) = 11.25
2026-08-01 18:56:17,719 [DEBUG] MainThread: findfont: score(FontEntry(fname='C:\\Windows\\Fonts\\LiberationSans-Bold.ttf', name='Liberation Sans', style='normal', variant='normal', weight=700, stretch='normal', size='scalable')) = 10.335
2026-08-01 18:56:17,719 [DEBUG] MainThread: findfont: score(FontEntry(fname='C:\\Windows\\Fonts\\webdings.ttf', name='Webdings', style='normal', variant='normal', weight=400, stretch='normal', size='scalable')) = 10.05
2026-08-01 18:56:17,719 [DEBUG] MainThread: findfont: score(FontEntry(fname='C:\\Windows\\Fonts\\seguili.ttf', name='Segoe UI', style='italic', variant='normal', weight=300, stretch='normal', size='scalable')) = 11.145
2026-08-01 18:56:17,719 [DEBUG] MainThread: findfont: score(FontEntry(fname='C:\\Windows\\Fonts\\DejaVuSerif-Bold.ttf', name='DejaVu Serif', style='normal', variant='normal', weight=700, stretch='normal', size='scalable')) = 10.335
2026-08-01 18:56:17,719 [DEBUG] MainThread: findfont: score(FontEntry(fname='C:\\Windows\\Fonts\\Gabriola.ttf', name='Gabriola', style='normal', variant='normal', weight=400, stretch='normal', size='scalable')) = 10.05
2026-08-01 18:56:17,719 [DEBUG] MainThread: findfont: score(FontEntry(fname='C:\\Windows\\Fonts\\AmiriQuran.ttf', name='Amiri Quran', style='normal', variant='normal', weight=400, stretch='normal', size='scalable')) = 10.05
2026-08-01 18:56:17,719 [DEBUG] MainThread: findfont: score(FontEntry(fname='C:\\Windows\\Fonts\\DavidLibre-Bold.ttf', name='David Libre', style='normal', variant='normal', weight=700, stretch='normal', size='scalable')) = 10.335
2026-08-01 18:56:17,719 [DEBUG] MainThread: findfont: score(FontEntry(fname='C:\\Windows\\Fonts\\NotoSansArmenian-Bold.ttf', name='Noto Sans Armenian', style='normal', variant='normal', weight=700, stretch='normal', size='scalable')) = 10.335
2026-08-01 18:56:17,719 [DEBUG] MainThread: findfont: score(FontEntry(fname='C:\\Windows\\Fonts\\LeelawUI.ttf', name='Leelawadee UI', style='normal', variant='normal', weight=400, stretch='normal', size='scalable')) = 10.05
2026-08-01 18:56:17,719 [DEBUG] MainThread: findfont: score(FontEntry(fname='C:\\Windows\\Fonts\\corbeli.ttf', name='Corbel', style='italic', variant='normal', weight=400, stretch='normal', size='scalable')) = 11.05
2026-08-01 18:56:17,719 [DEBUG] MainThread: findfont: score(FontEntry(fname='C:\\Windows\\Fonts\\taileb.ttf', name='Microsoft Tai Le', style='normal', variant='normal', weight=700, stretch='normal', size='scalable')) = 10.335
2026-08-01 18:56:17,720 [DEBUG] MainThread: findfont: score(FontEntry(fname='C:\\Windows\\Fonts\\georgia.ttf', name='Georgia', style='normal', variant='normal', weight=400, stretch='normal', size='scalable')) = 10.05
2026-08-01 18:56:17,720 [DEBUG] MainThread: findfont: score(FontEntry(fname='C:\\Windows\\Fonts\\segoeui.ttf', name='Segoe UI', style='normal', variant='normal', weight=400, stretch='normal', size='scalable')) = 10.05
2026-08-01 18:56:17,720 [DEBUG] MainThread: findfont: score(FontEntry(fname='C:\\Windows\\Fonts\\FrankRuhlHofshi-Regular.otf', name='Frank Ruhl Hofshi', style='normal', variant='normal', weight=400, stretch='normal', size='scalable')) = 10.05
2026-08-01 18:56:17,720 [DEBUG] MainThread: findfont: score(FontEntry(fname='C:\\Windows\\Fonts\\NotoSansArabic-Bold.ttf', name='Noto Sans Arabic', style='normal', variant='normal', weight=700, stretch='normal', size='scalable')) = 10.335
2026-08-01 18:56:17,720 [DEBUG] MainThread: findfont: score(FontEntry(fname='C:\\Windows\\Fonts\\DejaVuSerif-Italic.ttf', name='DejaVu Serif', style='italic', variant='normal', weight=400, stretch='normal', size='scalable')) = 11.05
2026-08-01 18:56:17,720 [DEBUG] MainThread: findfont: score(FontEntry(fname='C:\\Windows\\Fonts\\calibrib.ttf', name='Calibri', style='normal', variant='normal', weight=700, stretch='normal', size='scalable')) = 10.335
2026-08-01 18:56:17,720 [DEBUG] MainThread: findfont: score(FontEntry(fname='C:\\Windows\\Fonts\\verdana.ttf', name='Verdana', style='normal', variant='normal', weight=400, stretch='normal', size='scalable')) = 3.6863636363636365
2026-08-01 18:56:17,720 [DEBUG] MainThread: findfont: score(FontEntry(fname='C:\\Windows\\Fonts\\palai.ttf', name='Palatino Linotype', style='italic', variant='normal', weight=400, stretch='normal', size='scalable')) = 11.05
2026-08-01 18:56:17,720 [DEBUG] MainThread: findfont: score(FontEntry(fname='C:\\Windows\\Fonts\\DejaVuSans-Oblique.ttf', name='DejaVu Sans', style='oblique', variant='normal', weight=400, stretch='normal', size='scalable')) = 1.05
2026-08-01 18:56:17,720 [DEBUG] MainThread: findfont: score(FontEntry(fname='C:\\Windows\\Fonts\\DejaVuSansCondensed-Oblique.ttf', name='DejaVu Sans', style='oblique', variant='normal', weight=400, stretch='condensed', size='scalable')) = 1.25
2026-08-01 18:56:17,720 [DEBUG] MainThread: findfont: score(FontEntry(fname='C:\\Windows\\Fonts\\MiriamMonoCLM-BoldOblique.ttf', name='Miriam Mono CLM', style='oblique', variant='normal', weight=700, stretch='normal', size='scalable')) = 11.335
2026-08-01 18:56:17,720 [DEBUG] MainThread: findfont: score(FontEntry(fname='C:\\Windows\\Fonts\\NotoSerif-BoldItalic.ttf', name='Noto Serif', style='italic', variant='normal', weight=700, stretch='normal', size='scalable')) = 11.335
2026-08-01 18:56:17,720 [DEBUG] MainThread: findfont: score(FontEntry(fname='C:\\Windows\\Fonts\\LinLibertine_RZI_G.ttf', name='Linux Libertine G', style='italic', variant='normal', weight=600, stretch='normal', size='scalable')) = 11.24
2026-08-01 18:56:17,720 [DEBUG] MainThread: findfont: score(FontEntry(fname='C:\\Windows\\Fonts\\Carlito-Italic.ttf', name='Carlito', style='italic', variant='normal', weight=400, stretch='normal', size='scalable')) = 11.05
2026-08-01 18:56:17,720 [DEBUG] MainThread: findfont: score(FontEntry(fname='C:\\Windows\\Fonts\\NotoSansGeorgian-Bold.ttf', name='Noto Sans Georgian', style='normal', variant='normal', weight=700, stretch='normal', size='scalable')) = 10.335
2026-08-01 18:56:17,720 [DEBUG] MainThread: findfont: score(FontEntry(fname='C:\\Windows\\Fonts\\georgiaz.ttf', name='Georgia', style='italic', variant='normal', weight=700, stretch='normal', size='scalable')) = 11.335
2026-08-01 18:56:17,721 [DEBUG] MainThread: findfont: score(FontEntry(fname='C:\\Windows\\Fonts\\NotoSerif-Bold.ttf', name='Noto Serif', style='normal', variant='normal', weight=700, stretch='normal', size='scalable')) = 10.335
2026-08-01 18:56:17,721 [DEBUG] MainThread: findfont: score(FontEntry(fname='C:\\Windows\\Fonts\\seguibli.ttf', name='Segoe UI', style='italic', variant='normal', weight=900, stretch='normal', size='scalable')) = 11.525
2026-08-01 18:56:17,721 [DEBUG] MainThread: findfont: score(FontEntry(fname='C:\\Windows\\Fonts\\mmrtextb.ttf', name='Myanmar Text', style='normal', variant='normal', weight=700, stretch='normal', size='scalable')) = 10.335
2026-08-01 18:56:17,721 [DEBUG] MainThread: findfont: score(FontEntry(fname='C:\\Windows\\Fonts\\DejaVuSansMono-Oblique.ttf', name='DejaVu Sans Mono', style='oblique', variant='normal', weight=400, stretch='normal', size='scalable')) = 11.05
2026-08-01 18:56:17,721 [DEBUG] MainThread: findfont: score(FontEntry(fname='C:\\Windows\\Fonts\\LatoWeb-Regular.ttf', name='Lato', style='normal', variant='normal', weight=400, stretch='normal', size='scalable')) = 10.05
2026-08-01 18:56:17,721 [DEBUG] MainThread: findfont: score(FontEntry(fname='C:\\Windows\\Fonts\\ariali.ttf', name='Arial', style='italic', variant='normal', weight=400, stretch='normal', size='scalable')) = 7.413636363636363
2026-08-01 18:56:17,721 [DEBUG] MainThread: findfont: score(FontEntry(fname='C:\\Windows\\Fonts\\segoeuisl.ttf', name='Segoe UI', style='normal', variant='normal', weight=350, stretch='normal', size='scalable')) = 10.0975
2026-08-01 18:56:17,721 [DEBUG] MainThread: findfont: score(FontEntry(fname='C:\\Windows\\Fonts\\Amiri-Italic.ttf', name='Amiri', style='italic', variant='normal', weight=400, stretch='normal', size='scalable')) = 11.05
2026-08-01 18:56:17,721 [DEBUG] MainThread: findfont: score(FontEntry(fname='C:\\Windows\\Fonts\\LinLibertine_RBI_G.ttf', name='Linux Libertine G', style='italic', variant='normal', weight=700, stretch='normal', size='scalable')) = 11.335
2026-08-01 18:56:17,721 [DEBUG] MainThread: findfont: score(FontEntry(fname='C:\\Windows\\Fonts\\mingliub.ttc', name='MingLiU-ExtB', style='normal', variant='normal', weight=400, stretch='normal', size='scalable')) = 10.05
2026-08-01 18:56:17,721 [DEBUG] MainThread: findfont: score(FontEntry(fname='C:\\Windows\\Fonts\\NotoSansLisu-Regular.ttf', name='Noto Sans Lisu', style='normal', variant='normal', weight=400, stretch='normal', size='scalable')) = 10.05
2026-08-01 18:56:17,721 [DEBUG] MainThread: findfont: score(FontEntry(fname='C:\\Windows\\Fonts\\Caladea-Regular.ttf', name='Caladea', style='normal', variant='normal', weight=400, stretch='normal', size='scalable')) = 10.05
2026-08-01 18:56:17,721 [DEBUG] MainThread: findfont: score(FontEntry(fname='C:\\Windows\\Fonts\\Carlito-BoldItalic.ttf', name='Carlito', style='italic', variant='normal', weight=700, stretch='normal', size='scalable')) = 11.335
2026-08-01 18:56:17,721 [DEBUG] MainThread: findfont: score(FontEntry(fname='C:\\Windows\\Fonts\\timesbd.ttf', name='Times New Roman', style='normal', variant='normal', weight=700, stretch='normal', size='scalable')) = 10.335
2026-08-01 18:56:17,721 [DEBUG] MainThread: findfont: score(FontEntry(fname='C:\\Windows\\Fonts\\segmdl2.ttf', name='Segoe MDL2 Assets', style='normal', variant='normal', weight=400, stretch='normal', size='scalable')) = 10.05
2026-08-01 18:56:17,721 [DEBUG] MainThread: findfont: score(FontEntry(fname='C:\\Windows\\Fonts\\cambriaz.ttf', name='Cambria', style='italic', variant='normal', weight=700, stretch='normal', size='scalable')) = 11.335
2026-08-01 18:56:17,722 [DEBUG] MainThread: findfont: score(FontEntry(fname='C:\\Windows\\Fonts\\segoescb.ttf', name='Segoe Script', style='normal', variant='normal', weight=700, stretch='normal', size='scalable')) = 10.335
2026-08-01 18:56:17,722 [DEBUG] MainThread: findfont: score(FontEntry(fname='C:\\Windows\\Fonts\\NotoSans-Italic.ttf', name='Noto Sans', style='italic', variant='normal', weight=400, stretch='normal', size='scalable')) = 11.05
2026-08-01 18:56:17,722 [DEBUG] MainThread: findfont: score(FontEntry(fname='C:\\Windows\\Fonts\\seguihis.ttf', name='Segoe UI Historic', style='normal', variant='normal', weight=400, stretch='normal', size='scalable')) = 10.05
2026-08-01 18:56:17,722 [DEBUG] MainThread: findfont: score(FontEntry(fname='C:\\Windows\\Fonts\\wingding.ttf', name='Wingdings', style='normal', variant='normal', weight=400, stretch='normal', size='scalable')) = 10.05
2026-08-01 18:56:17,722 [DEBUG] MainThread: findfont: score(FontEntry(fname='C:\\Windows\\Fonts\\LiberationMono-Italic.ttf', name='Liberation Mono', style='italic', variant='normal', weight=400, stretch='normal', size='scalable')) = 11.05
2026-08-01 18:56:17,722 [DEBUG] MainThread: findfont: score(FontEntry(fname='C:\\Windows\\Fonts\\LeelaUIb.ttf', name='Leelawadee UI', style='normal', variant='normal', weight=700, stretch='normal', size='scalable')) = 10.335
2026-08-01 18:56:17,722 [DEBUG] MainThread: findfont: score(FontEntry(fname='C:\\Windows\\Fonts\\seguisbi.ttf', name='Segoe UI', style='italic', variant='normal', weight=600, stretch='normal', size='scalable')) = 11.24
2026-08-01 18:56:17,722 [DEBUG] MainThread: findfont: score(FontEntry(fname='C:\\Windows\\Fonts\\DejaVuSans-ExtraLight.ttf', name='DejaVu Sans', style='normal', variant='normal', weight=200, stretch='normal', size='scalable')) = 0.24
2026-08-01 18:56:17,722 [DEBUG] MainThread: findfont: score(FontEntry(fname='C:\\Windows\\Fonts\\phagspab.ttf', name='Microsoft PhagsPa', style='normal', variant='normal', weight=700, stretch='normal', size='scalable')) = 10.335
2026-08-01 18:56:17,722 [DEBUG] MainThread: findfont: score(FontEntry(fname='C:\\Windows\\Fonts\\georgiai.ttf', name='Georgia', style='italic', variant='normal', weight=400, stretch='normal', size='scalable')) = 11.05
2026-08-01 18:56:17,722 [DEBUG] MainThread: findfont: score(FontEntry(fname='C:\\Windows\\Fonts\\NachlieliCLM-BoldOblique.otf', name='Nachlieli CLM', style='oblique', variant='normal', weight=600, stretch='normal', size='scalable')) = 11.24
2026-08-01 18:56:17,722 [DEBUG] MainThread: findfont: score(FontEntry(fname='C:\\Windows\\Fonts\\FrankRuehlCLM-BoldOblique.otf', name='Frank Ruehl CLM', style='oblique', variant='normal', weight=700, stretch='normal', size='scalable')) = 11.335
2026-08-01 18:56:17,722 [DEBUG] MainThread: findfont: score(FontEntry(fname='C:\\Windows\\Fonts\\gadugi.ttf', name='Gadugi', style='normal', variant='normal', weight=400, stretch='normal', size='scalable')) = 10.05
2026-08-01 18:56:17,722 [DEBUG] MainThread: findfont: score(FontEntry(fname='C:\\Windows\\Fonts\\FrankRuhlHofshi-Bold.otf', name='Frank Ruhl Hofshi', style='normal', variant='normal', weight=700, stretch='normal', size='scalable')) = 10.335
2026-08-01 18:56:17,722 [DEBUG] MainThread: findfont: score(FontEntry(fname='C:\\Windows\\Fonts\\DejaVuSansMono.ttf', name='DejaVu Sans Mono', style='normal', variant='normal', weight=400, stretch='normal', size='scalable')) = 10.05
2026-08-01 18:56:17,722 [DEBUG] MainThread: findfont: score(FontEntry(fname='C:\\Windows\\Fonts\\timesbi.ttf', name='Times New Roman', style='italic', variant='normal', weight=700, stretch='normal', size='scalable')) = 11.335
2026-08-01 18:56:17,722 [DEBUG] MainThread: findfont: score(FontEntry(fname='C:\\Windows\\Fonts\\Rubik-BoldItalic.ttf', name='Rubik', style='italic', variant='normal', weight=700, stretch='normal', size='scalable')) = 11.335
2026-08-01 18:56:17,722 [DEBUG] MainThread: findfont: score(FontEntry(fname='C:\\Windows\\Fonts\\NotoNaskhArabic-Regular.ttf', name='Noto Naskh Arabic', style='normal', variant='normal', weight=400, stretch='normal', size='scalable')) = 10.05
2026-08-01 18:56:17,722 [DEBUG] MainThread: findfont: score(FontEntry(fname='C:\\Windows\\Fonts\\times.ttf', name='Times New Roman', style='normal', variant='normal', weight=400, stretch='normal', size='scalable')) = 10.05
2026-08-01 18:56:17,723 [DEBUG] MainThread: findfont: score(FontEntry(fname='C:\\Windows\\Fonts\\SegoeIcons.ttf', name='Segoe Fluent Icons', style='normal', variant='normal', weight=400, stretch='normal', size='scalable')) = 10.05
2026-08-01 18:56:17,723 [DEBUG] MainThread: findfont: score(FontEntry(fname='C:\\Windows\\Fonts\\Candaraz.ttf', name='Candara', style='italic', variant='normal', weight=700, stretch='normal', size='scalable')) = 11.335
2026-08-01 18:56:17,723 [DEBUG] MainThread: findfont: score(FontEntry(fname='C:\\Windows\\Fonts\\NotoSans-Bold.ttf', name='Noto Sans', style='normal', variant='normal', weight=700, stretch='normal', size='scalable')) = 10.335
2026-08-01 18:56:17,723 [DEBUG] MainThread: findfont: score(FontEntry(fname='C:\\Windows\\Fonts\\NotoSansLao-Bold.ttf', name='Noto Sans Lao', style='normal', variant='normal', weight=700, stretch='normal', size='scalable')) = 10.335
2026-08-01 18:56:17,723 [DEBUG] MainThread: findfont: score(FontEntry(fname='C:\\Windows\\Fonts\\LiberationSerif-Bold.ttf', name='Liberation Serif', style='normal', variant='normal', weight=700, stretch='normal', size='scalable')) = 10.335
2026-08-01 18:56:17,723 [DEBUG] MainThread: findfont: score(FontEntry(fname='C:\\Windows\\Fonts\\constan.ttf', name='Constantia', style='normal', variant='normal', weight=400, stretch='normal', size='scalable')) = 10.05
2026-08-01 18:56:17,723 [DEBUG] MainThread: findfont: score(FontEntry(fname='C:\\Windows\\Fonts\\NotoSansGeorgian-Regular.ttf', name='Noto Sans Georgian', style='normal', variant='normal', weight=400, stretch='normal', size='scalable')) = 10.05
2026-08-01 18:56:17,723 [DEBUG] MainThread: findfont: score(FontEntry(fname='C:\\Windows\\Fonts\\LinBiolinum_RI_G.ttf', name='Linux Biolinum G', style='italic', variant='normal', weight=400, stretch='normal', size='scalable')) = 11.05
2026-08-01 18:56:17,723 [DEBUG] MainThread: findfont: score(FontEntry(fname='C:\\Windows\\Fonts\\LinLibertine_R_G.ttf', name='Linux Libertine G', style='normal', variant='normal', weight=400, stretch='normal', size='scalable')) = 10.05
2026-08-01 18:56:17,723 [DEBUG] MainThread: findfont: score(FontEntry(fname='C:\\Windows\\Fonts\\seguisli.ttf', name='Segoe UI', style='italic', variant='normal', weight=350, stretch='normal', size='scalable')) = 11.0975
2026-08-01 18:56:17,723 [DEBUG] MainThread: findfont: score(FontEntry(fname='C:\\Windows\\Fonts\\arialbi.ttf', name='Arial', style='italic', variant='normal', weight=700, stretch='normal', size='scalable')) = 7.698636363636363
2026-08-01 18:56:17,723 [DEBUG] MainThread: findfont: score(FontEntry(fname='C:\\Windows\\Fonts\\Candaral.ttf', name='Candara', style='normal', variant='normal', weight=400, stretch='normal', size='scalable')) = 10.05
2026-08-01 18:56:17,723 [DEBUG] MainThread: findfont: score(FontEntry(fname='C:\\Windows\\Fonts\\simsun.ttc', name='SimSun', style='normal', variant='normal', weight=400, stretch='normal', size='scalable')) = 10.05
2026-08-01 18:56:17,723 [DEBUG] MainThread: findfont: Matching sans\-serif:style=normal:variant=normal:weight=normal:stretch=normal:size=9.0 to DejaVu Sans ('c:\\Users\\Username\\Desktop\\Folder\\Developing\\Ortez\\app\\.venv\\Lib\\site-packages\\matplotlib\\mpl-data\\fonts\\ttf\\DejaVuSans.ttf') with score of 0.050000.
2026-08-01 18:56:21,708 [INFO] MainThread: [MCU DEBUG] stop() called
2026-08-01 18:56:21,708 [INFO] MainThread: [MCU DEBUG] Closing serial port on stop: COM3
2026-08-01 18:56:21,758 [INFO] Dummy-1: [MCU DEBUG] Thread loop ended
2026-08-01 18:56:21,759 [INFO] MainThread: [MCU DEBUG] stop() finished
